:10000000484A00204D2D0000599F0100392D000065
:10001000392D0000392D0000392D000000000000AE
:100020000000000000000000000000004D2E000055
:10003000392D000000000000192E0000392D0000AD
:10004000E12F00007FFA0100E12F0000E12F000006
:10005000E12F0000E12F0000E12F0000E12F000060
:10006000E12F0000E12F0000E12F0000E12F000050
:10007000E12F0000E12F0000E12F0000E12F000040
:10008000E12F0000E12F0000E12F0000E12F000030
:10009000E12F0000E12F0000E12F0000E12F000020
:1000A000E12F0000E12F0000E12F0000E12F000010
:1000B000E12F0000E12F0000E12F0000E12F000000
:1000C000E12F0000E12F0000E12F0000E12F0000F0
:1000D000E12F0000E12F0000E12F0000E12F0000E0
:1000E000E12F0000E12F0000E12F0000E12F0000D0
:1000F000E12F0000E12F0000E12F0000E12F0000C0
:1001000053B94AB9002908BF00281CBF4FF0FF317E
:100110004FF0FF3000F00CB8ADF1080C6DE904CEE3
:1001200000F008F8DDF804E0DDE9022304B07047D0
:10013000704700BF2DE9F04786468C460846089E6A
:10014000154674461946002B40F0C2808542B2FA2B
:1001500082F245D94AB1C2F1200300FA02FC2EFA1C
:1001600003F3954043EA0C0C94404FEA154EA8B2B5
:10017000BCFBFEF8230C0EFB18CC08FB00F943EA8D
:100180000C43994528D9EB1808F1FF3704D299455B
:1001900002D9A8F102072B44A3EB0903A4B2B3FBD5
:1001A000FEFC0EFB1C330CFB00F044EA0344A042AF
:1001B00014D92C190CF1FF3304D2A04202D9ACF1AE
:1001C00002032C44241A43EA07401EB1D440002302
:1001D00034607360BDE8F0874746DDE76346F1E7CA
:1001E00092BB431B01214FEA154EAFB2B3FBFEFC9D
:1001F000200C0EFB1C330CFB07F840EA0343984528
:1002000062D9EB180CF1FF3004D2984502D9ACF159
:1002100002002B44A3EB0803A4B2B3FBFEFC0EFBCD
:100220001C330CFB07F744EA0344A7424ED92C19B0
:100230000CF1FF3304D2A74202D9ACF102032C44E3
:10024000E41B43EA0040C0E7C2F1200320FA03F1B7
:10025000954090402EFA03F303434FEA154EAFB298
:10026000B1FBFEFC0EFB1C10190C0CFB07F841EA5D
:100270000041884504FA02F422D969180CF1FF30D4
:1002800004D2884502D9ACF102002944A1EB08014F
:100290009BB2B1FBFEFC0EFB1C110CFB07F743EA03
:1002A00001439F420ED9EB180CF1FF3104D29F425B
:1002B00002D9ACF102012B44DB1B41EA004192E779
:1002C0006046E3E76146F7E76046A3E76346B7E7C2
:1002D000834206D916B9002108467BE7C6E900E04B
:1002E000F9E7B3FA83F78FB9834201D3724508D88F
:1002F000BEEB020460EB030301209C461EB9002103
:1003000068E73846FAE7C6E9004CF8E7C7F1200C81
:10031000BB4022FA0CF41C432EFA0CF120FA0CF329
:10032000B84001434FEA14490EFA07F5B3FBF9F858
:100330001FFA84FE09FB18300B0C08FB0EFA43EA87
:1003400000439A4502FA07F240D9E31808F1FF305A
:1003500004D29A4502D9A8F102002344A3EB0A0370
:1003600089B2B3FBF9F809FB183308FB0EFE41EA2A
:1003700003418E452CD9611808F1FF3304D28E4514
:1003800002D9A8F10203214443EA0040A0FB0298ED
:10039000A1EB0E014145CE46434602D306D14D4561
:1003A00004D2B9EB020E68EB04030138002EA6D08C
:1003B000B5EB0E0261EB030101FA0CFC22FA07F324
:1003C0004CEA0303F940C6E9003198E74046C5E727
:1003D0004346D9E7034611F8012B03F8012B002A05
:1003E000F9D17047034613F8012B002AFBD1181AE4
:1003F0000138704700000000F7B5002101AA40F65F
:10040000034003F0A5FB044600286DD10198C368A2
:100410001B788BB9BFF35B8FBF4B1A68BFF35B8F41
:1004200002F00902BFF35B8F53E8001F43E800248A
:10043000002CF9D1BFF35B8F12F024FD01AA00213B
:1004400041F2030003F084FB044600284CD1019ADA
:10045000B24DD168D1F80100D1F8051005F178034B
:1004600003C3104612F00EFD214601AA41F201001D
:1004700003F06EFB0446002836D10198C3685A7811
:1004800085F870205A88A5F872201A7985F87120AD
:10049000B3F80720A5F87420B3F80530A5F8763036
:1004A00012F0F0FC214601AA41F2020003F050FBD9
:1004B0000446C8B9019FFA6805F18006531C413211
:1004C00018685968344603C4083393422646F7D166
:1004D000934819F0C6FD384612F0D4FC95F87C30EC
:1004E0005B0604D46FF01204204603B0F0BD01AAED
:1004F000002142F2030003F02BFB04460028F3D155
:10050000019B884EDA68D2F80100D2F8051003C6C4
:10051000184612F0B7FC214601AA42F2020003F08D
:1005200017FB04460028DFD1019CE368B3F80120E3
:1005300091B249B1D97839B1A5F80421DA781146D8
:1005400006F1280020F011FC204612F09BFC95F8E3
:100550007C601F2316F02006A5F8203118D1022157
:1005600040F66D4003F080F90446002800F0CC808E
:1005700002210C301FF021FE01230370467021463A
:10058000324640F66D4003F0E3FA04460028ABD152
:1005900095F89C301F0712D501AA002142F21C00D9
:1005A00003F0D6FA044600289ED10198C368D3F818
:1005B0000120D3F80530C5E9382312F063FC95F823
:1005C000D8309E0624D50DF1020168461AF0F5F8E0
:1005D0000446002888D1042142F2240003F044F9A3
:1005E0000646002800F0908004210C301FF0E5FD45
:1005F000BDF800300380BDF802304380224631460A
:1006000042F2240003F0A4FA044600287FF46CAF01
:1006100095F8D8305C0610D501AA002142F22A00D4
:1006200003F096FA044600287FF45EAF0198C36891
:100630005B7885F8223112F025FC082142F2010096
:1006400003F012F9044600285ED008210C301FF098
:10065000B4FD95F8D81011F0400F024640F2022385
:1006600008BF032388074CBF43F02C0043F00C0065
:1006700095F8D9308F0648BF40F0400013F0090FBD
:1006800095F8A23018BF40F4006003F00603CE07CF
:1006900048BF40F01000062B08BF40F4C070002196
:1006A00019F07CFE2146002242F2010003F050FACC
:1006B000044600287FF418AF95F87C30B5F8041193
:1006C000980624D4C9B901AA41F2050003F040FA02
:1006D000044600287FF408AFB5F80431019C4BB9FB
:1006E000E368B3F80120A5F804219A880E48114662
:1006F00020F03BFB204612F0C5FB082140F60140EC
:1007000003F0B2F8044688B96FF06804ECE60029FB
:10071000F3D16FF00404E7E6D400002000000020CD
:1007200080000020D80000200801002008210C30A3
:100730001FF043FD95F8D830D90702464AD42A481D
:100740004FF0005119F02AFE2146002240F60140E8
:1007500003F0FEF9044600287FF4C6AE014601AA64
:100760004FF6014003F0F4F9044620BB019812F063
:1007700089FB214601AA4FF6024003F0E9F904463D
:10078000C8B90198C368B3F80130A5F8C13012F0B8
:1007900079FB95F8C1305B070DD501AA21464FF6CC
:1007A000034003F0D5F930B90198C3685B7885F848
:1007B000C03012F067FB03F0ABFF044600287FF463
:1007C00093AE05F0F1F8044600287FF48DAE03F0F7
:1007D00027F989E602A1D1E90001B3E7AFF3008070
:1007E00090880002008000201088000200000000B5
:1007F0002DE9F0470F46D0E906A1D0F82090DFF8A8
:10080000688001EB09043034A245164614A3D3E9ED
:10081000002314D8A1FB0801FFF772FC10A3D3E951
:100820000023A4EB0A0420F07F45A4FB0801FFF796
:1008300067FC20F07F403D603060BDE8F087AAFB98
:100840000801FFF75DFC20F07F4509F1300004A3AB
:10085000D3E90023A0FB0801E9E700BFAFF3008064
:100860008D49FD1A0700000000CA9A3B00000000F5
:100870002DE9F04F8DB020B90DB0BDE8F04F0BF071
:10088000CDBDC74D95F86A4014F0010440F0558184
:1008900095F82500FF2300F0030085F826300FF0BF
:1008A000D9FA95F86A0041070DD5224605F16B018A
:1008B000C0F3C0000FF02CFCFF2885F8260002D002
:1008C00020460FF0E1FA95F8293005EB8303DF6A43
:1008D00095F8353005EB8303D3F838A057B1B0480D
:1008E00039461DF06FFA3B785A060ED4AC48514693
:1008F0001DF068FA3B7813F00E0F40F09F802B6AD2
:1009000053B10C200DB0BDE8F08F06211CF0B8FDEE
:100910000028EBD11220F5E709F06AF9804630B1E2
:1009200009F0D8F9814620B9404609F067F9072057
:10093000E8E70BF0A9FF044618B9484609F0D0F9DA
:10094000F2E74FF6FF730385D0F8883000F11C0BF7
:100950001BB900F18003C0F8883004F17C0204F177
:100960007801D4F888001CF096FD94F88E3023F0BE
:10097000070384F88E30B4F8763023F4EF6323F065
:10098000070343F48C7343F00103A4F8763094F822
:10099000393003F03F0363F07F0384F8393094F873
:1009A0003C3023F00703002684F83C304FF4C0238A
:1009B000C4F888312046C4E91266C4F88860A4F8F7
:1009C0008C60E685266384F83B602665A4F88E611A
:1009D000A4F884611EF075F884F85061C4F854815D
:1009E0000CF0ACF894F8943160F3020384F894317D
:1009F0000CF0AAF894F8943160F3C50384F89431AC
:100A000094F8803166F3410384F880310121204657
:100A10000CF0A4FA04F1D4001DF032FFC5E91889E6
:100A2000C5F820B0C4E905662670E46110F008FC42
:100A300020B15B480BF046FA032063E795F82430B9
:100A40000121C3F342030DF12B008DF82B301CF074
:100A50004EFD0246002800F094809AF801103846B6
:100A60001DF061F9002431234E492C70C5E9023490
:100A70004D4B6C60A0FB0101C01841F1070146A37A
:100A8000D3E90023C5E90544FFF73AFBB5F86860F0
:100A900028611DF037F800F109082EB93C7804F000
:100AA0000F04631E5C425C4195F824702B693F4A39
:100AB000DFF8FCA03F4964F3000785F824704FF08D
:100AC000020917F001070BACCDF82C9037D00020AD
:100AD0001060CDE90431CDE90842CDE900030321DE
:100AE000CDE9065ACDE9020043464A461CF0D0FF44
:100AF000214609F03FFB002843D12F4A06954AF2D0
:100B0000D833CDE904020093CDE907A4CDE9020072
:100B10000190434601220321CDF82C901CF0BFFF29
:100B2000214609F027FB60BB95F86A30012043F0AD
:100B3000010385F86A300FF06DF90020E2E603F258
:100B4000471010601D48CDE904314FF0910CA6FB11
:100B500000014FF6FF73CDE90842CDE902730CFBAB
:100B600006110DA3D3E90023CDE9065AFFF7C8FA11
:100B70004346CDE900704A46032138461CF088FF01
:100B8000CEE72B6A002B3FF4BCAE05480BF09AF978
:100B9000B7E600BFAFF300808D49FD1A07000000E3
:100BA0001820002000CA9A3B8C49FD1A0C20002016
:100BB000E59B0000D9C00000B9BD0000002AE78411
:100BC00070B590F824308AB0C3F342030D46044652
:100BD00001210DF1230016468DF823301CF087FC0F
:100BE0007178024628461DF09EF81D49A0FB013190
:100BF0001C48181841F1070117A3D3E90023FFF798
:100C00007FFA216905468D4220D2481B0021164AF1
:100C100002230993A21A7423B2FBF3F2134B059338
:100C200009AE00230232CDE90110CDE903330321DF
:100C300006960093D2B218461CF04CFF314609F0DC
:100C400099FA38B9256100200AB070BDFBD9691A3C
:100C50000020DCE70C20F7E78D49FD1A07000000B3
:100C600000CA9A3B8C49FD1A18200020E59B000021
:100C70002DE9F04F06468BB08A46012002219946A5
:100C8000154611F02FFF002202218046012008F0B6
:100C90000FF830460BF004FEC71CFFB2364B00962F
:100CA0003A460121002008F037FE10F0FD0F0ED06B
:100CB000324A3349334840F6320317F0ECFE002342
:100CC00083F31188BFF36F8F0323184602DF2E4C86
:100CD000A5FB044526A3D3E9002320462946FFF7B8
:100CE0000FFA2A4B0896CDE90663294B0593336921
:100CF00004934FF6FE730393264B20F07F46A6FB2A
:100D000003310722E01A02FB061165EB01014FF4E3
:100D10007A720023FFF7F4F94FF0000BCDE9016080
:100D2000CDF800A04B463A46012158461CF0B7FECC
:100D300010F0FD0F0DD0114A1149124840F647033B
:100D400017F0A9FE8BF31188BFF36F8F03231846AA
:100D500002DFB8F1000F07D00122022110460BB0CC
:100D6000BDE8F04F07F0A4BF0BB0BDE8F08F00BFA7
:100D70008D49FD1A0700000029C80000CA3502008D
:100D80007A360200C32E020000CA9A3BC9C700008F
:100D900099F800008D49FD1A2DE9F0438468228DF1
:100DA0004FF6FF739A428DB0804600F0A780204630
:100DB0001EF00EF898F81430012B2ED0022B32D0F2
:100DC0000BBB94F88E3003F01803182B1BD1A18DA8
:100DD000B4F886218B1D9A42C4BF931F5B1AB4F8E6
:100DE0008211CCBF9BB21346994208D0A4F882313D
:100DF000B4F88231A4F88431A4F8882103E0B4F86F
:100E00008831002BF4D094F8507187B139462046D0
:100E10000DB0BDE8F0430BF02BBF0023A4F88831E0
:100E2000A4F88431EFE73D2384F85031EBE7E58DFA
:100E3000268E5DB335440023CDE90A33B8F810306F
:100E4000ADB2DBB194F93930002B14DA40460AAA6E
:100E50000BA904F1D409FFF7CBFC48461DF04BFD6C
:100E600010B9FF200BF0D2FE48461DF044FD0246AB
:100E700070B1002323860023A4F88A3198F8123039
:100E8000D90711D50023A4F88E3115E0751CD2E7DF
:100E9000D4E91E011CF014FB0028EAD194F83C3080
:100EA0005807E8D5A38DE5E7B4F88A314BB3AB42D8
:100EB00020D95B1BA4F88A31B4F88E317BB1AB42E8
:100EC0003ED95B1B9BB20022062BA4F88E312286F2
:100ED00004D994F93930934201DA26B301270DF190
:100EE0002702294620460CF089FE74302AD19DF84D
:100EF000271000E03E2120460BF0BAFE0DB0BDE801
:100F0000F083B4F88E31002BD6D1628D40F2E243EB
:100F10005A43B4F88C3142F2107101FB0323013BB8
:100F2000B3FBF2F3AFE7D4F878215308D20702D429
:100F3000C4F87831D3E743F00043C4F87831CDE703
:100F40000821D8E7B4F88831A3B1AB4203D95B1BC1
:100F5000A4F888310EE009F0ADF80146002850D021
:100F60000023A4F88831238DC3801B2303710068FC
:100F70001CF00AFEB4F8843123B1AB4243D95B1BA9
:100F8000A4F88431238E0FB99E4243D05E1CB6B2C2
:100F900094F8D13013F001013ED1DDE90A23002B92
:100FA0007DD10AB9002E77D000210D460B46228D47
:100FB0003F48D4F81C80019103320A990091CDE991
:100FC0000470CDE90256CDF81880D2B2012100207C
:100FD0001CF080FD10F0FD0F90D009F0F3F8804573
:100FE0008CD0344A344935484FF4A36317F053FD8D
:100FF000002383F31188BFF36F8F0323184602DFAA
:101000007CE70123A4E70023A4F8843120461DF0E7
:10101000BEFDB7E73E46BBE76FF3000384F8D1306F
:1010200094F93930002B2EDA94F87700012100F082
:1010300007001EF06CFDB4F86E20B4F86C30DFF8D9
:1010400080C0204D134403F2D51318440721E0FB60
:101050000C5115A3D3E900232846FFF751F8256961
:10106000DDE90A2320F07F40854235BF411B2D1A60
:10107000002500212061002B99D10A4397D1002D32
:1010800090D0194693E794F87600C0F3C00100F0C1
:1010900007001EF03AFDCEE7002F85D12EE70D4662
:1010A00085E700BFAFF300808D49FD1A07000000FF
:1010B00085C70000CA350200F2360200C32E0200C6
:1010C00000CA9A3B8C49FD1A2DE9F04F85B00446C1
:1010D000BDF844900393CDE90112BDF838A01DF08E
:1010E000E7F8A368D4F80C61A0EB0905002B834650
:1010F000ADB209DAE168626823F0004391422CBF87
:101100007618B618A360F61A638D634F13FB05F3C8
:101110009BB2B3FBFAF11AFB01F080B283421FFAD3
:1011200081F840F2E24280F09480C01A5043A0FB64
:10113000070157A3D3E90023FEF7E2FF20F07F4029
:101140000644E38DB4F814211344994494F83930DB
:10115000A9EB0B09C14440F2E24BDB09A4F82E9045
:101160000BFB0AF900F08280226CA36C02FB1533A2
:10117000A3641EF0F8FC054694F87401C0F3420025
:1011800010F0ACF8029A454B05440BFB02F22265C5
:1011900009FB05F50022C4F87C2105F57425A26C35
:1011A00005F23F25B5FBF3F54FEA590305FB08F0BF
:1011B000963B0244256463649A4294BFA264A3648C
:1011C000A0FB070132A3D3E90023FEF799FF039B9D
:1011D000361AB3FBFBF00BFB00F0A0FB07012CA3BE
:1011E000D3E90023FEF78CFFA9EB050520F07F472C
:1011F000BDF83C30A385BDF84030A4F88C31494699
:101200002046A4F82AA00CF033FDA18D244A881DA5
:101210004A44B2FBF9F293B29842A4F886313EBF39
:101220005B1A063B9BB2A4F88231019B13B10023E9
:10123000A4F88E3133462A4639462046FFF718FD7A
:1012400094F8803143F0010384F8803105B0BDE8A3
:10125000F08F0AFB113080B25043A0FB07010CA3B2
:10126000D3E90023FEF74CFF361A6AE70D4A0E4910
:101270000E4840F6BD0317F00EFC002787F31188D7
:10128000BFF36F8F0323184602DF4D46B0E700BF60
:101290008D49FD1A0700000000CA9A3B40420F002A
:1012A0007FC3C901CA350200DF410200C32E02001C
:1012B0002DE9F04F0B6891F811A0D3F80090037F4F
:1012C0001668044695B0C3F38013D0F81E008DF85D
:1012D0003F301546BAF1FF0F628C12900F4612ABE9
:1012E000ADF84C2050D010AA0DF13F0150460EF041
:1012F000F5FC9DF83F3002338DF83F30234605F171
:10130000180053F82E2B0B92E28D2A819B78AB723A
:10131000D4F82A306B60D4F83A30AB6194F83E30A0
:10132000037105211CF0E3F86B7F00F03F0060F3D0
:1013300005036B7794F83F30C3F30402AA77A28EBB
:10134000EA81012803F01F0391B205D91B3303F092
:101350001F030B2B00D8E9B90022C9F8142095F817
:1013600020300B9862F3000385F82030E5680126F1
:101370002146267108F072FE28682E7129461CF05D
:1013800003FC15B0BDE8F08F93E803001090ADF8B2
:101390004410B3E73B6800215960E38E2B82638ED3
:1013A0000C933046B5F80E801DF0C4FB94F83F2036
:1013B00096F87411520962F3430186F874111EF015
:1013C000D2FB0D9096F87401C0F342000FF086FF37
:1013D0000D9A40F2E24B0BFB08F8104408FB00F0BA
:1013E00000F57420B04A00F23F20B0FBF2F04FEA63
:1013F0005802963A6862AA6294F831200BFB02F315
:10140000AB63238FA6F88C31414630460CF030FC9C
:10141000A64BC6F89031A64B4344B3FBF8F39AB2FF
:10142000A6F88621298A881D82421346C1BFC1F5CC
:101430007F43FA33D21892B2A6F882216B68C6F8BD
:101440007831234613F81C2FC2F3401BDA070DD561
:10145000984A99499948F82317F01DFB002383F314
:101460001188BFF36F8F0323184602DF4FF4807398
:10147000A38399F826000FF07DF804F12B030028D0
:1014800000F00681626AC4F82B20228D9A80BAF19E
:10149000FF0F04F125031DBF1298BDF84C20C4F8BE
:1014A0002500002208BFC4F825209A809DF83F300F
:1014B000A3771098BDF84430C4F81F00A4F8233077
:1014C000EB8963862B8AA386B6F88C31E38696F87F
:1014D0007431C3F3420384F8383030460BF0E0F93E
:1014E000A881E080D7F804A00B98214608F0B6FD4B
:1014F000AB89AAF806301C23DAF800408AF80430D9
:10150000BBF1000F00F0C8806B7F43F040036B77A6
:10151000281D1EF07CFA0123E8838AF81C3051460E
:1015200020461CF031FB95F85B00B5F850A0B5F8EB
:101530005240012100F007001EF0E9FA834604EB57
:101540000A00DFF87CC15F4C00F2D5105844072137
:10155000E0FB04C14FF0000A31236046C6E901A355
:10156000C6F80CA04EA3D3E90023FEF7C9FD20F076
:101570007F403061F9680C9A6D6A40F2E2430120C5
:10158000A8EB050503FB02185246022107F090FB69
:1015900048460AF021FF08F2B248A8EB0B0840A326
:1015A000D3E900238346A8FB0401FEF7A9FDBB682D
:1015B0004549009120F07F483A3B0BF10202434439
:1015C000D2B20121CDF80490504608F0DFF9494627
:1015D0000EF044F999F82430DB0707D50122CDF845
:1015E00000A053461146504608F096F930460BF0DD
:1015F00057F9A5FB04542AA3D3E9002381462146C9
:101600002846FEF77DFDBB68A3F13A0A40F2D113EC
:1016100008932E4BCDE906632D4B05933369049354
:101620002C4B20F07F46A6FB03310722E81A02FB71
:10163000061164EB010109F103074FF47A724FF0D0
:1016400000090023CDF80C90FEF75AFDFFB2CDE95A
:101650000160CDF8008053463A46012148461CF00F
:101660001EFA10F0FD0F0DD0124A1B4913484FF41B
:10167000E97317F010FA89F31188BFF36F8F032312
:10168000184602DF01220221104607F011FB78E61E
:10169000C4F82B009880FAE65B463EE7AFF3008083
:1016A0008D49FD1A0700000040420F00404B4C00DE
:1016B0007FC3C901313B0200B4330200C32E0200D4
:1016C0008C49FD1A00CA9A3B5DF800002DF8000015
:1016D00099F800008D49FD1A7A36020000000000DA
:1016E0002DE9F04F8FB0DFF8D8800B900DF1370166
:1016F0000DF136001CF04FFA324F9DF836A09DF8E0
:1017000037B01CF0FFF9D8F800400A90A4FB07544A
:1017100029A3D3E90023002621462846FEF7F0FC42
:101720000B9B0693CDE90766274B05938146D8F8B6
:10173000040021A3D3E90023A0FB0701FEF7E0FC8E
:10174000224B29F07F47A7FB033120F07F4007227F
:10175000CDE9036002FB0711E81A64EB01014FF4C5
:101760007A720023FEF7CCFC0A9B0096CDE901704B
:101770005A46032150461CF092F910F0FD0416D190
:10178000134A1448002314F019FD68B19DF837205E
:101790009DF8360000942346032108F0BDF86FF051
:1017A00073000FB0BDE8F08FD8F80C00F9E76FF0C8
:1017B0008B00F6E7AFF300808D49FD1A07000000AB
:1017C0001C26002000CA9A3BE10701008D49FD1A42
:1017D000447B0B000426002038B50F4D04461CF056
:1017E00091F9A9681CF090F96968B0FBF4F404441D
:1017F0000A4807A3D3E90023A1FB0001FEF780FC00
:1018000020F07F40844294BF0020012038BD00BFFB
:101810008D49FD1A070000001C26002000CA9A3BD3
:10182000F7B5C468636805465BB193F820309A0742
:1018300007D04B48214610F047FD10F0FDFD002079
:1018400070E010F061FD002010F082FD00210846DC
:1018500010F070FD00222521082010F0B1FD414B51
:10186000019301A810F094FD3F4940F25B6010F035
:1018700031FE237AC3F3420262F306132372204639
:101880000FF0DEFE0EF036FF637A00284CD013F026
:10189000030018BF01200EF0B1FA4178821C0078D5
:1018A00010F01AFF27682E6838461EF00EF906441D
:1018B0006A6806F10901012010F080FF11F040F87C
:1018C00020460AF093FD811C3246C9B238461EF00C
:1018D0000AF9054660B3254A2549264840F21143D6
:1018E00017F0D9F824480726A5FB00011AA3D3E96D
:1018F000002306FB0511FEF703FC204902462048A1
:1019000017F0C9F8002383F31188BFF36F8F032307
:10191000184602DF1B48214610F0D6FC10F08CFD63
:101920006FF08B0003B0F0BD9B07BBD00120B2E786
:1019300020461EF0C5F8002881D00C4A12490D48F7
:1019400040F2294317F0A7F885F31188BFF36F8F92
:101950000323184602DF72E700CA9A3B000000002A
:10196000E50F0100D6BE898E555555005C3F02003B
:10197000DF410200C32E02008D49FD1AF83F02002C
:10198000CE3F02006BFB01007A3202000000000033
:101990002DE9F341C468A2894FF6FF739A420546C8
:1019A00007D17D48214610F08FFC10F045FD002046
:1019B000C7E010F065F82B89628AE08A1A4492B277
:1019C000104480B2431CE38200236382637FA282BF
:1019D000590604F1180640F1B780E18B03F03F038C
:1019E00032460DF0FFFFD4E90B23A16A134499425C
:1019F00094BF21632363D4E90D1300220B44C4E98F
:101A00000D23E26294F8722012F0040206460AD115
:101A1000D4E917011BF054FD28B994F8723043F053
:101A2000040384F8723010F06FFC002010F090FC7A
:101A3000201D10F0ADFC2389A17A40F25B6043EADF
:101A4000014110F047FD30460FF06AFA2146534835
:101A500010F03AFC962010F0A5FE94F85A2094F865
:101A60005B00C2F3C003002102F0070200F0070090
:101A700010F0FCFD204610F061F827682E6838460B
:101A80001EF023F806446A6806F10901002010F0F0
:101A900095FE804610F028FF002010F03FFF236BDA
:101AA00094F85B0003F13002A36B012100F0070002
:101AB00003EB42051EF0B9FA4544054494F85B0077
:101AC00000F00700022849D004280CBF4FF4BC7373
:101AD000282301211D441EF0AAFA284410F0F8FE24
:101AE000A18903313246C9B238461DF0FCFF0546D4
:101AF000002835D02A4A2B492B4840F24B1316F0C8
:101B0000CAFF2A480726A5FB000121A3D3E9002329
:101B100006FB0511FEF7F4FA25490246254816F0A2
:101B2000BAFF002383F31188BFF36F8F0323184696
:101B300002DF2148214610F0C7FB10F07DFC6FF05A
:101B40008B0002B0BDE8F08103F03F03A17F00935A
:101B500004F11F0033461DF038FF44E71823B8E7AF
:101B600020461DF0ADFF00283FF421AF0C4A134979
:101B70000D4840F2551316F08EFF85F31188BFF320
:101B80006F8F0323184602DF11E700BFAFF3008019
:101B900000CA9A3B00000000E50F0100811C010013
:101BA00064400200DF410200C32E02008D49FD1A8D
:101BB000B5400200CE3F02004DFB01007A32020028
:101BC00008B5034816F05AFF024B00221A6008BD00
:101BD000902902003412002070B51546CE680448E2
:101BE0001C4615F04FFB2B683360204670BD00BFCC
:101BF000AE2902002DE9FF41DFF8308004460D4692
:101C00000B48D8F800101F46164615F029FB042390
:101C1000CDE90183BDF82830009332463B46294682
:101C200020461AF006FB04B0BDE8F0812412002023
:101C3000C42902002DE9FF41DFF8308004460D463B
:101C40000B48D8F800101F46164615F009FB042370
:101C5000CDE90183BDF82830009332463B46294642
:101C600020461AF0E6FA04B0BDE8F0812812002000
:101C7000DD2902002DE9FF41DFF8308004460D46E2
:101C80000B48D8F800101F46164615F0E9FA042351
:101C9000CDE90183BDF82830009332463B46294602
:101CA00020461AF0C6FA04B0BDE8F0812C120020DC
:101CB000F42902002DE9FF41DFF8308004460D468B
:101CC0000B48D8F800101F46164615F0C9FA042331
:101CD000CDE90183BDF82830009332463B462946C2
:101CE00020461AF0A6FA04B0BDE8F08130120020B8
:101CF0000B2A02002DE9FF41DFF8308004460D4633
:101D00000B48D8F800101F46164615F0A9FA042310
:101D1000CDE90183BDF82830009332463B46294681
:101D200020461AF086FA04B0BDE8F08114120020B3
:101D3000222A02002DE9FF41DFF8308004460D46DB
:101D40000B48D8F800101F46164615F089FA0423F0
:101D5000CDE90183BDF82830009332463B46294641
:101D600020461AF066FA04B0BDE8F081181200208F
:101D7000372A02002DE9FF41DFF8308004460D4686
:101D80000B48D8F800101F46164615F069FA0423D0
:101D9000CDE90183BDF82830009332463B46294601
:101DA00020461AF046FA04B0BDE8F0811C1200206B
:101DB0004C2A02002DE9FF41DFF8308004460D4631
:101DC0000B48D8F800101F46164615F049FA0423B0
:101DD000CDE90183BDF82830009332463B462946C1
:101DE00020461AF026FA04B0BDE8F081081200205F
:101DF000612A02002DE9FF41DFF8308004460D46DC
:101E00000B48D8F800101F46164615F029FA04238F
:101E1000CDE90183BDF82830009332463B46294680
:101E200020461AF006FA04B0BDE8F0811012002036
:101E3000792A02002DE9FF41DFF8308004460D4683
:101E40000B48D8F800101F46164615F009FA04236F
:101E5000CDE90183BDF82830009332463B46294640
:101E600020461AF0E6F904B0BDE8F0810012002027
:101E7000912A020070B5CE680A481C46154615F036
:101E800001FA2246294630461FF0D9FB064B1B6853
:101E90001BB916F005FC204670BDE0211F2016F08E
:101EA000D2FBF8E7A52A020000120020012910B594
:101EB0000C4605D1054816F0E1FD054B1C6010BD30
:101EC000044816F0DBFD0024F7E700BFBA2A020041
:101ED00020120020B62A0200012910B50C4605D1B7
:101EE000054816F0CBFD054B1C6010BD044816F0EC
:101EF000C5FD0024F7E700BFBA2A02000412002043
:101F0000B62A0200012910B50C4605D1054816F085
:101F1000B5FD054B1C6010BD044816F0AFFD002454
:101F2000F7E700BFBA2A02000C120020B62A02000E
:101F300010B5044621B1BDE81040044815F090B931
:101F4000034815F09FF9034B1C6010BDC62A020020
:101F5000E62A0200341200202DE9F04F89B000F08B
:101F600013FA011E03DA4B4815F07AF9FEE700F088
:101F700063FA011E03DA484815F072F9FEE700F033
:101F8000BDFA011E03DA454815F06AF9FEE716F0BE
:101F900087FB002001F0A0FE064630B10146404814
:101FA00009B0BDE8F04F16F069BD3E4D3E4815F052
:101FB00069F90FCD03AC0FC42B68236001233B49A3
:101FC000009302223A4B03A802F074FD0146002858
:101FD0005CD0384815F044F93748DFF8E0A0384CB9
:101FE00003F0B2FB374800F053F93749374815F092
:101FF00037F90027B946002140F6CD4014F022FE03
:1020000000F08CF8CAF8000000F0A4F8304BDFF8BC
:10201000C4B0186000F0BAF82F4B304D186000F0D3
:10202000D1F82F4B186000F0DDF82E4B186000F04F
:10203000E9F82D4B186000F0EFF9206000F0F4F99A
:10204000CBF8000028680028D5D0DFF87880D8F8D1
:102050000030B34205D02549424616F076FAD8F84A
:10206000006023684B4506D021492868224616F0B7
:102070006CFAD4F80090DBF80030BB42BBD0154AB4
:102080001C4928681F4616F060FAB4E71A4815F094
:10209000F9F8A1E7F02A02001E2B02004D2B0200E6
:1020A0007F2B0200701B02009F2B0200B01E02005B
:1020B000A81E0200B52B0200800100203012002073
:1020C0001012002024120020FC2B02000C2C020015
:1020D0002C120020081200202812002034120020A8
:1020E0001C1200201812002014120020B42002003C
:1020F000241F02004C1F0200DB2B0200054B1B6853
:1021000033B11A68044801321A60196816F0B6BC77
:10211000704700BF48120020392C020007B50C4858
:1021200001AB0068A822192116F033FABDF90400AA
:102130000028B8BF0F3040F2AA73001110FB03F063
:1021400040F2FF7390FBF3F003B05DF804FB00BFB7
:102150004412002007B50C4801AB0068AA221921DF
:1021600016F017FABDF904000028B8BF0F3040F28E
:10217000AA73001110FB03F040F2FF7390FBF3F021
:1021800003B05DF804FB00BF4412002007B50C4803
:1021900001AB0068AC22192116F0FBF9BDF904006F
:1021A0000028B8BF0F3040F2AA73001110FB03F0F3
:1021B00040F2FF7390FBF3F003B05DF804FB00BF47
:1021C0004412002007B5064801AB0068E8221E2132
:1021D00016F0DFF9BDF9040003B05DF804FB00BFA1
:1021E0004412002007B5064801AB0068EA221E2110
:1021F00016F0CFF9BDF9040003B05DF804FB00BF91
:102200004412002007B5064801AB0068EC221E21ED
:1022100016F0BFF9BDF9040003B05DF804FB00BF80
:102220004412002000B589B00DF107038DF80700B6
:1022300002930A480123CDE90513039300220723E3
:102240008DF810208DF81C300222192302A9006895
:1022500016F090F909B05DF804FB00BF44120020AD
:102260001FB58DF8000009488DF801100223029374
:102270008DF80C300122192301A90068CDF804D093
:1022800016F078F905B05DF804FB00BF4412002099
:1022900070B5284B1C68002C49D1274D1860274881
:1022A000286002698168136823F0007313600B686B
:1022B000234A19219847002805DA224814F0E2FF42
:1022C0006FF0020070BD286883689E692EB91E48B1
:1022D00014F0D8FF6FF00300F4E74FF000734FF0F5
:1022E000A0721921B0470028F1DB1849184B286863
:1022F0004B604FF000738B608368DB692BB9154826
:1023000016F0BCFB6FF00400DCE7012298470028C0
:10231000F5DB40212220FFF7A3FF95213020FFF7B6
:102320009FFF7F213220FFF79BFF2046CAE74FF037
:10233000FF30C7E7481200204C120020D4180200DA
:1023400010000100422C0200672C0200381200200D
:10235000FD200000922C02001FB58DF800000948F6
:102360008DF80110022302938DF80C3001221E23F8
:1023700001A90068CDF804D016F0FCF805B05DF8AE
:1023800004FB00BF4412002010B51E4C1E4B2360FE
:1023900086B000214FF4004014F054FC01AB0393CD
:1023A0000323012220688DF8143003A970230492BE
:1023B00016F0E0F80146154816F060FB03A90F205F
:1023C000FFF730FF044638B1114814F05BFF6FF09F
:1023D0000104204606B010BD9DF80C100D4814F005
:1023E0003FFF77212020FFF73BFF08212320FFF745
:1023F00037FF80216020FFF7AFFF10216220FFF739
:10240000ABFFE6E7441200204C190200C22C020088
:10241000CB2C0200EF2C0200024B0E21186816F0A4
:10242000D1B800BF50120020024B1721186816F0D7
:10243000C9B800BF5012002010B5064C06482060F5
:102440000E2116F0D3F82068172116F0CFF80020DF
:1024500010BD00BF50120020D4180200024B0246EB
:102460001521186816F0DFB858120020024B0246FA
:102470001621186816F0D7B858120020024B0246F1
:102480000F21186816F0CFB858120020024B0246F0
:102490001821186816F0C7B858120020024B0246DF
:1024A0001321186816F0BFB858120020024B0246DC
:1024B0001C21186816F0B7B858120020024B0246CB
:1024C0000B21186816F0AFB858120020024B0246D4
:1024D0001F21186816F0A7B858120020024B0246B8
:1024E0000521186816F09FB854120020024B0246CE
:1024F0001E21186816F097B85812002038B5184CED
:10250000184D194B19482B601521206016F07DF8E5
:102510002068162116F079F820680F2116F075F85A
:102520002068182116F071F82068132116F06DF854
:1025300020681C2116F069F820680B2116F065F858
:1025400020681F2116F061F82868052116F05DF853
:1025500020681E2116F059F816F0A2F8002038BDA8
:102560005812002054120020C0180200D418020093
:10257000014B1B68184700BF5C020020014B18602C
:10258000704700BF5C02002030B585B004460D46A0
:102590001022002168461FF060F802238DF80230F7
:1025A0002A46044B01932146684614F053FF05B0B8
:1025B00030BD00BF7125000080B505460E461746A8
:1025C000984614F05DFB03461FF016F9DFF81890EB
:1025D000044649F80030424630463946A84754F888
:1025E000090000F0CBFB00BF080000002DE9F04718
:1025F000058B04462807904611D4022905F00705EB
:1026000040F0CC80204616F06EFA78B10138218B6C
:10261000042811D8DFE800F0C2106D85950001296B
:102620000CBF45F0100545F02005258388F311887F
:10263000BFF36F8FBDE8F08701F0070AAA4500F0ED
:10264000A5800027B9463E46A368002B00F0BC8059
:1026500041F00801218388F31188BFF36F8FA168CF
:10266000002900F0BA800D68002900F0B680D1F88A
:102670000480334652462046C047002D76D02B6852
:1026800029461D46F0E701F007035A1F012A1BD80F
:10269000002221F00701062B276889B2C4E9002235
:1026A00009D13B4603E0628B013262831B68002B39
:1026B000F9D141F002012183204616F014FA0028D6
:1026C0007AD041F0200176E0042B0AD121F00701F5
:1026D00089B22183204616F006FA10B141F020019C
:1026E0002183218B01F0070AAA454FD00027B94664
:1026F000AAE7236921F0070141F00601062DD3F86E
:10270000009021832DD1B9F1000F3FD041F0080195
:10271000218388F31188BFF36F8F3A492046C84759
:1027200029E021F00701236941F0040189B2042D59
:10273000D3F804902183E6D000273E464FF0040AE8
:1027400082E721F00701236941F0050189B2052DD7
:10275000D3F808902183D6D000273E464FF0050AD3
:1027600072E700273E464FF0060A6DE72B4687E7E3
:10277000B9F1000FD1D1EFF31188202383F3128830
:10278000BFF36F8F238B23F008032383258BEA0687
:102790002ED525F01003238305F007056669218BEC
:1027A000002EBFF670AF00232768C4E9003321F084
:1027B000070141F001012183218B01F0070AAA459D
:1027C0004FF000097FF440AF002F9CD041F008018A
:1027D000218388F31188BFF36F8F002FC8D03D6825
:1027E000394633465246204616F0A9F92F46F4E7FB
:1027F000AB067FF51BAF25F02003238305F007050B
:1028000000E700BF6B8B0100014B1868704700BFE9
:1028100060020020F0B5082289B016F039FCCB6ABE
:1028200003930B6B04934B6B05938B6B0693CB6BF2
:10283000079313466A460C46064600271146104683
:10284000CDE90177009716F036FB31460546304654
:1028500016F031FB216B0391616B0491A16B059123
:10286000E16B0544CDE906171046114616F023FB2F
:1028700031460544304616F01EFB0544206A0090A0
:10288000606A0190A06A0290A06B0690E06B0790CE
:102890003046CDE90477039716F00DFB0544606AD6
:1028A0000090A06AD4F838C00190E06A0290CDF898
:1028B00010C0606BD4F83CC00390CDE905C0206A1D
:1028C0000790304616F0F7FA0544E06A0090206B56
:1028D0000190606B0290206A0690A06A07903046D3
:1028E000CDE90477039716F006FC236B0093636B26
:1028F0000193A36B0293E36B0393636A0693E36A0A
:1029000007932D1A0823304616F0F5FB636B0093EE
:10291000A36B0193E36B0293236A0393636A0493AB
:10292000A36ACDE90537236B07932D1A0823304698
:1029300016F0E1FBA36B0093E36BCDE90137636A0B
:102940000393A36A0493E36A0593636B07932D1AB9
:102950000823304616F0CFFB2D1A10D40D4C35B994
:1029600008223146204616F09FFB01280FD008238D
:1029700022463146304616F0BEFB2D1AEFE7054AD7
:1029800008233146304616F096FA2D18F8D409B0CF
:10299000F0BD00BFE02002000449431E0F3013F8D1
:1029A000012F8A5C1A708342F9D170470D2D020005
:1029B000F0B5264E07460C460FCE8DB001AD0FC5C3
:1029C0000FCE0FC596E8070085E807003846002FB0
:1029D00038D0002C38D0381F2146024610344B78AE
:1029E0000D781B0443EA0563CD782B438D780431C1
:1029F00043EA05238C4242F8043FF0D1144C0421F1
:102A00008A07036916D1C3F30742A55C1A0EA25CBC
:102A100042EA0562C3F30725DBB2655DE35C42EA87
:102A2000054242EA032221F0030330336B4453F89A
:102A30002C3C534050F8042F013153402C290361A2
:102A4000DED101200DB0F0BD2046FBE7841B020063
:102A50000D2D020030BFFFF7FDBF00BF2DE9F04193
:102A60000B4EDFF8308006EB0807CC1B05463246DC
:102A7000094920461EF0E3FDA01942460021083C0A
:102A80001EF0EBFDAC6607F10800BDE8F08100BF69
:102A90000000000004000000701B0200074A936859
:102AA00093F90E10002907DB526993421FBF044AB5
:102AB000536843F080535360704700BF242B0020BD
:102AC00000ED00E0134B9A6A12F0007F9A6A14BF7F
:102AD0001E201D2012F0807F9A6A18BF1F2012F45A
:102AE000002F9A6A18BF212012F4802F9A6A18BF0B
:102AF000222012F4003F9A6A18BF232012F4803F6C
:102B00009A6A6FEA02426FEA12429A6218BF242060
:102B1000704700BF00ED00E010B5194B0246986AFF
:102B20009C6A10F4805F14BF1720162014F4006F05
:102B30009C6A18BF1820A40509D5986B986A0004F0
:102B400004D51AB19A6A22F400429A6219200C4BF9
:102B50009A6A12F4806F9A6A18BF1A20D2050CD4B0
:102B60009B6A13F4005F18BF1C20054A936A43F464
:102B70007F43936200230B7010BD1B20F5E700BF5D
:102B800000ED00E010B51C4B0246986A9C6A10F0FC
:102B9000100F14BF1120102014F0080F9C6A18BFEA
:102BA0001220A40709D5586B986A000604D51AB1FB
:102BB0009A6A22F080029A6213200F4B9A6A12F0EE
:102BC000010F9A6A18BF142012F0200F9A6A18BFDA
:102BD0001520D40658BF9B6A074B9A6A920642BFDB
:102BE0005A6A22F400525A629A6A42F0FF029A62CA
:102BF00000230B7010BD00BF00ED00E0F0B5474BA7
:102C00005B688BB00446C3F30803002585F3118885
:102C1000BFF36F8F02F07F40B0F17F4F11D102F010
:102C20000C0008280DD010074CBF0C4601250022CF
:102C3000033B8DF80720032B05D8DFE803F024625F
:102C4000665F2C46F3E700239DF80720CAB902AE61
:102C500004F1200720686168324603C20834BC4290
:102C60001646F7D1099A002D53D0C2F3080121B9B5
:102C70006FEA52226FEA4222099202A9184617F01F
:102C800061F90BB0F0BD254BDA6A9107DBD4DA6A43
:102C9000002AD8DBDA6A5200D5D55A69A16942F414
:102CA00080725A61BFF34F8FBFF36F8F5A6931F84B
:102CB000021C22F480725A61BFF34F8FBFF36F8FF3
:102CC0004DF60272914209D09A6AD2B242B10DF128
:102CD00007010120FFF756FF0346B5E72368B3E776
:102CE0009A6A12F47F4F05D00DF107010120FFF71A
:102CF00013FFF1E79B6AB3F5803FA4D3FFF7E2FE31
:102D0000EAE70DF107010020E4E70DF107010020DB
:102D1000EDE722F4FF7222F00102ADE700ED00E0E2
:102D2000044B5A6942F010025A615A6922F00802B3
:102D30005A61704700ED00E0EFF30880EFF309817E
:102D400001B57246FFF75AFF01BD00BF11F020FD2B
:102D5000202080F3118808484FF40061401880F368
:102D60000988EFF314800221084380F31488BFF32D
:102D70006F8F00F0C3F80000083D0020084B9B68EF
:102D800083420BD1EFF3058343B1064B5A6842F0FF
:102D900080525A605A6A22F400425A621EF0EFB919
:102DA000242B002000ED00E0094A93686FF00A012F
:102DB00019670849D8664B6843F080534B6000237D
:102DC00083F31188BFF36F8F9368186F704700BF4C
:102DD000242B002000ED00E0EFF31183202383F388
:102DE0001288BFF36F8F094A53699360084A4FF006
:102DF00000615160074A996E11600021DA6ED96650
:102E000082F31188BFF36F8F704700BF242B00201F
:102E100000ED00E05C1200200B498A684FF03000A2
:102E20001044EFF3098C80E8F01F74467046FFF7FA
:102E3000D3FFA64604498A6802F1300090E8F01FEB
:102E40008CF3098870470000242B00201EF0040F2B
:102E50000CBFEFF30880EFF30980816911F8021CC1
:102E60000229FFD001B517F073F801BD40B2002868
:102E700007DB044A4109012300F01F00834042F8A8
:102E80002130704700E100E040B200280CDB43092C
:102E9000064900F01F0020330122824041F8232020
:102EA000BFF34F8FBFF36F8F704700BF00E100E0AB
:102EB000054B420900F01F0053F82220012303FABA
:102EC00000F01040704700BF00E100E040B2002871
:102ED000A8BF00F1604001F10101B8BF064B4FEA05
:102EE0004111ACBF00F5614000F00F00C9B2B4BFA2
:102EF000195480F80013704714ED00E00F4A08B52C
:102F00000F4B22F07F029A60BFF34F8FBFF36F8F9A
:102F1000D3F8882022F47002C3F88820EFF31483DA
:102F200023F0040383F31488BFF36F8F12F042FF82
:102F300013F044FF00F048F812F07CFF000000009E
:102F400000ED00E042F8203C009B42F81C3C0A499E
:102F5000019B42F8183C029B42F8143C21F001010D
:102F60004FF0807342F8043C42F8081C0023203ADA
:102F70000265C366704700BFB925000000B50B4B62
:102F800098600B4B0E46816E196015462C4686F3F1
:102F900009884FF00000074B984720464FF000018A
:102FA0004FF000024FF00003034C2047242B002079
:102FB0005C1200206F9F0100B9250000014B102218
:102FC0001A61704700ED00E0044800232021C21878
:102FD0000133302B82F80013F9D1704700E100E093
:102FE00008B5EFF30583064A103B02EBC30152F824
:102FF000330049688847BDE80840FFF74FBD00BF70
:103000008819020008B5024B1B689847002008BDCC
:1030100060120020034B044A1860937843F00203C7
:1030200093707047601200206402002008B50649C2
:10303000064821F00701C1F1005202F5003215F0F7
:10304000DEFC002008BD00BFBC5E00206412002032
:10305000044A0123C2F840354FF080420020C2F8F4
:103060007835704700E0014020B1034B800143F008
:1030700001031847704700BF101C020008B5044840
:103080001DF0CDFC00280CBF6FF01200002008BD21
:10309000E81802002DE9F0414FF0FF3206460D46D8
:1030A0004FF0FF3300210F2000F016FA012700F146
:1030B0000C0804460776022140461DF07EF80F23D7
:1030C00004210370417040461DF077F8054B4770AE
:1030D000468005702146D3F86C01BDE8F04100F050
:1030E0006FBC00BF00000020F8B55D4EBFF35B8FE2
:1030F0003468BFF35B8F14F0010454D0594F5A4C1D
:103100005A4D5B483A46214615F02BFE00283FD029
:103110002022294620461EF059F90028F1D0002728
:103120004FF0FF324FF0FF33012000F0C5F900F1FE
:103130000C050221044628461DF03FF83E2303708B
:1031400042234370012128461DF037F808230370FD
:10315000412128461DF031F8054600F8017BCFB12A
:10316000402200211EF079FABFF35B8F56E8003F42
:1031700023F0010346E80032002AF7D1BFF35B8F4A
:1031800021463C4BD3F86C01BDE8F84000F018BC78
:103190001F27C5E7364916F05AFF203105F12100F7
:1031A00016F055FFE0E7BFF35B8F3368BFF35B8F2B
:1031B0009B0753D5BFF35B8F2A4935682C48BFF373
:1031C0005B8F16F08AFC002834DA6FF004044FF0AD
:1031D000FF324FF0FF33012000F06EF900F10C07D1
:1031E0000221054638461CF0E8FF3E2303702223E7
:1031F0004370012138461CF0E0FF092303702121B0
:1032000038461CF0DAFF0346013014B31F221A704F
:10321000FF2120221EF021FABFF35B8F56E8003F0A
:1032200023F0020346E80032002AF7D1BFF35B8F98
:103230002946A6E70C490D480A4B15F0040F01F189
:10324000200218BF0146104615F0DAFD0028BCD058
:10325000BDE707491C7016F0FAFEDDE7F8BD00BFB8
:1032600070120020902102008E2B0020272E0200D9
:10327000AE2B00200000002070B5214CBFF35B8F07
:103280002368BFF35B8FDA0706460D4601D50C2095
:1032900070BD012931D8BFF35B8F54E8003F43F084
:1032A000020244E800210029F7D1BFF35B8F9B079E
:1032B000EDD41448314616F0CAFE134806F1200139
:1032C00016F0C5FEBFF35B8F75B154E8003F43F0C5
:1032D000040344E80032002AF7D1BFF35B8F0B48A8
:1032E00000F0A8F80020D3E754E8003F23F00403DF
:1032F00044E80032002AF0D0F6E71220C8E700BF09
:1033000070120020AE2B0020CE2B00207402002073
:1033100070B5067E044676B9C3681D8842F226025F
:10332000954246D010D842F20102954250D042F266
:1033300025039D4214D02B4BD3F86C0183682146A2
:103340009B68BDE87040184742F25E039D42F2D18F
:1033500003210C301CF050FFE06890F840102EE084
:1033600003210C301CF048FF20460FF08BFDBFF30B
:103370005B8F1D4B1A68BFF35B8F920707D50C2636
:10338000314642F22500FFF785FE002070BDBFF3F5
:103390005B8F53E8002F42F0010143E80010002842
:1033A000F7D1BFF35B8FD307E9D4104800F042F8A0
:1033B000E6E703210C301CF01FFFE0683146FFF701
:1033C0005BFF064620460FF05DFD31462846DAE7F2
:1033D000DA7802F07F02DA701A7922F001021A71AB
:1033E000A9E700BF00000020701200207402002036
:1033F00030B50A4D0A4B85B0002428460293039449
:103400001DF077FD02AB0093284606490A234FF4CE
:10341000A36213F08FF8204605B030BDB808002035
:10342000472E0200D02D00200146014813F0C0B8FD
:10343000B8080020014601481DF030BDB808002042
:103440000378012B30B513D0022B27D07BB9194B51
:103450000A4603F1100453F8045B42F8045BA342EC
:10346000F9D11B78137043884B731B0A8B7330BDE3
:10347000104B0A4603F1100453F8045B42F8045B56
:10348000A342F9D11B78137043684B73C3F307222F
:103490001B0CCB731B0A8A730B74E8E700F1100353
:1034A00050F8042B41F8042B9842F9D103780B70A3
:1034B000DDE700BF502E020038B5054605481CF078
:1034C0000CFE044620B101210C301CF06BFE257669
:1034D000204638BD30080020132810B50CD10A480A
:1034E0001CF0FBFD044628B101210C301CF05AFEF3
:1034F00001232376204610BD09B10448F0E7BDE85A
:1035000010400120FFF7D8BF88080020AC0700203A
:10351000F8B506460F4602F057F9044640B18378E5
:10352000012B24D0132117F044FD204601F028FE82
:103530003946304605F0C0FA054628BB39463046C4
:1035400004F03EF9144B1B6823B31C6804B10C3C17
:1035500053F8043C13B1394630469847D4B123465A
:10356000E4689B68A4B10C3C002BF4D1F7E700237E
:10357000D0F8A050C0F8A030132117F01AFD204653
:1035800001F0FEFD002DD3D0284619F06EFED5E7E0
:10359000002BE0D1F8BD00BFD812002070B5C6687E
:1035A0003378B6F8014083B90F21204601F0A2FE1E
:1035B000F378054650B90A4A118831B96FEA0450C8
:1035C0006FEA10501080074A137070BD0373012119
:1035D00001F010FE2846BDE8704001F0D1BD00BFEB
:1035E0005C2B0020EE2B002010B5084C0146062273
:1035F00094F86F0002F002F938B994F86F000449AA
:10360000BDE81040052202F0F9B810BD000000200E
:103610000D2E020010B5012104460C301CF0F4FD03
:103620002146034A0078BDE81040002316F07BBE17
:103630001823020010B5012104460C301CF0E4FDF3
:103640002146034A0078BDE810400A2316F06BBEFD
:10365000C822020070B530481CF05AFD044600280C
:1036600058D0037E012B32D0032B02D1038A032BC7
:1036700002D80FF007FC20E004210C301CF0C4FD40
:10368000FF22438806886276228AC6F30B009A429C
:10369000A08301D02046ECE70F2101F02BFE054668
:1036A0000028F7D001F052FE320B60762146284602
:1036B00017F0DAFB284601F063FD184BD3F84C31C4
:1036C00043B3BDE87040164916481DF0E7BB038AB6
:1036D000012BCED902210C301CF096FD0546007856
:1036E00016F0ACFD10F002060DD10F4A0F4910483C
:1036F00040F6D73315F0CFF986F31188BFF36F8FFB
:103700000323184602DF0B4A28780623214616F0C9
:103710000AFEBFE770BD00BF4C0100200000002082
:103720009402002050090020612E0200952E020014
:10373000C32E0200982202002DE9F0478846164663
:103740008246002878D0BFF35B8FDFF8F09000232B
:1037500059E8004F49E80032002AF9D1BFF35B8FE6
:10376000002C69D020460FF0DFFA354D0C2303FB07
:10377000005027464388534511D0BFF35B8F59E86B
:10378000003F49E80072002AF9D1BFF35B8F002B9C
:1037900052D01F463846BDE8F0470FF073BBA64233
:1037A0000ED020461CF094FC04F10C090121217676
:1037B00048461CF0F7FC328AF16848461CF003FDCD
:1037C00020460FF0B1FA0C2606FB00504368ABB15F
:1037D000B8F1000F12D120460FF0A6FA06FB0050F8
:1037E00001214268D2E90003127A03F01F06B140BA
:1037F0005B09DAB100EB830016F032FD20460FF0D2
:1038000093FA0C2606FB00508368002BC2D020469A
:103810000FF08AFA704305F8008020460FF084FA12
:1038200006FB0055A86812F0A5FCB3E7C94300EBFE
:10383000830016F08FFDE1E7BDE8F0874801002026
:103840007412002010B5C1E900239DF808300B72F6
:103850000C460FF069FA034B0C2202FB00335C604C
:1038600010BD00BF741200202DE9F0474FF0FF3269
:1038700006464FF0FF33184888461CF02EFC0446DD
:1038800038B300F10C0701214FF0000938461CF055
:1038900089FC84F8189020460FF046FA0F4D4FF03F
:1038A0000C0A0AFB0050468020460FF03DFA0AFB46
:1038B0000050C0F8089020460FF036FA0AFB005579
:1038C00003213846C5F804901CF077FC068080F888
:1038D00002802046BDE8F087040800207412002012
:1038E00037B504460D468DF80700A0B929B10B493C
:1038F000072228461DF06AFD40B909490DF107026B
:10390000002005F04FF8002003B030BD29462046C6
:10391000FFF7FEFDF7E76FF01500F5E7142E020044
:103920007FA2010029289ABF014B185C092070472B
:10393000782F02002DE9F843044600F10C063046CA
:103940001CF072FCB4F81080B8F1010F054604D8E1
:103950002046BDE8F8430FF095BA304602211CF02E
:1039600053FC0746007816F069FC10F00109064682
:103970000DD10F4A0F49104840F6FE7315F08BF831
:1039800089F31188BFF36F8F0323184602DF0523E5
:103990000A4A3878214616F0C6FCB307D8D56369C1
:1039A000A4F8108013FA85F5E560BDE8F88300BF40
:1039B000612E0200E02E0200C32E020070220200DF
:1039C00038B50C4613F080F8237E012B0AD0032B68
:1039D00019D121460F481CF086FB0F490F481DF0F6
:1039E0005DFA0BE0E368187816F028FCC20705467C
:1039F00002D52046FFF79EFFAB07EAD4002413F060
:103A000077F8204638BD20460FF03CFA6FF01504D9
:103A1000F5E700BF4C01002094020020500900206F
:103A20000148042116F01CBCD4000020044BBFF355
:103A30005B8F1868BFF35B8FC0F38000704700BFD7
:103A4000D400002000487047292C0200014812F0E1
:103A50006BBD00BF8402002038B505460C4619B97D
:103A6000FFF702FF0446A8B140F635439D4209D155
:103A70002046FFF74DFC054650B120460FF002FAF4
:103A8000284638BD054821461CF058FBFFF7DEFFED
:103A90000025F5E76FF06805F2E700BF540100204C
:103AA00038B502460B46244DD5F8541109B900200B
:103AB00038BD05F5987012F081FB0028F7D100227F
:103AC000002305F5AA701CF00CFB044668B91B4ADC
:103AD0001B491C4840F6E63314F0DDFF84F31188DF
:103AE000BFF36F8F0323184602DFD5F8480120B1DA
:103AF0000FF0C8F90023C5F8483120461CF020FB20
:103B0000C5F848012046FFF703FC98B10E4812F0B3
:103B100031FB20460FF008F90C4B0C2202FB003061
:103B20001F2140882246FFF707FE20460FF0AAF922
:103B3000FFF78CFF0120BBE700000020612E020090
:103B400069360200C32E02003001002074120020EA
:103B50002DE9F04F064687B015460C4631B9FFF700
:103B600083FE044648B96FF068007BE0887A0FF066
:103B7000D3F8484B834240F08680012200216846FA
:103B80001DF0F3F820460FF0CFF8DFF80C910C236E
:103B900003FB0090C0F808D020461CF0D1FA014683
:103BA0003E481CF0CBFAFFF751FF1DF025FE3C4BC1
:103BB0001A583C4B9A4222D1DFF8ECA0DFF8ECB067
:103BC00036481DF0CEF8002180464FF4A020FFF7C4
:103BD00067FF074688B940F2A71352465946344852
:103BE00014F059FF3348314614F055FF87F311881C
:103BF000BFF36F8F0323184602DF4445E0D14FF433
:103C0000A0220023684612F0D9FA074698B140F284
:103C1000AD13254A2849264814F03DFF27483A4667
:103C2000314614F038FF002383F31188BFF36F8F00
:103C30000323184602DF20460FF076F80C23584382
:103C400019F80060BEB12046093E0FF01BF9092E9D
:103C50000ED8DFE806F01B0D0D0A050D0D0D0D1831
:103C60006FF00B0007B0BDE8F08F6FF00C00F9E7C4
:103C70006FF00400F6E715B12C600020F2E7204653
:103C80000FF000F9F9E76FF01500EBE76FF06E0049
:103C9000E8E700BF0408002074120020540100204F
:103CA00008000000D0100020612E0200F92E020052
:103CB000C32E0200012F0200212F02002A2F020032
:103CC00010B5FCF799FB034B1B6813B1BDE810401E
:103CD000184710BD8C12002073B5254D0646D5F847
:103CE0006C011CF09CFE00283BD06FF0020105F136
:103CF000D40016F02FFB012116F0B2FA10EA0104ED
:103D000032D11C4B1E600A4605F598701DF02DF847
:103D100005F5AA701CF0E5FF17481DF0EAF81749F1
:103D2000154800946FF007034FF4966212F002FCFE
:103D3000134911481DF038F9D5F86C011149836811
:103D40001B689847044648B926B902B0BDE87040E0
:103D5000FCF752BB05F1C40012F0E6FB204602B0AE
:103D600070BD6FF01204F9E76FF07704F6E700BF5B
:103D7000000000208C12002050090020E8320020B2
:103D80006F2F0200C1390000F7B5144B93F99B3037
:103D9000002B05460C461DDA14B9204603B0F0BDD1
:103DA000082C01AA4FF0000142F21800264628BF55
:103DB0000826FFF7CDFE0028F0D1019FF9683246B2
:103DC000013128461DF03BFC38460FF05BF83544C6
:103DD000A41BE1E76FF08500E0E700BF00000020D2
:103DE0002DE9F0437C4BB0F80180198848F470420B
:103DF00091424FF0000608BF1E80054608BF774B72
:103E000089B008BF1E7800F0FDF9EB78012B08BFE0
:103E1000734B05F1040420460CBF93F86F70002724
:103E200016F09AF92146B0B106A816F08AF9D5F82D
:103E30001130CDF81130B5F81530ADF815304FF020
:103E40000109EB78012B1DD01321404616F0CDFC63
:103E500009B0BDE8F083384616F022FE034600683C
:103E600006909A889B796868ADF81C208DF81E3002
:103E7000A288A37995F804900490ADF814208DF8E9
:103E80001630DEE706A8FFF7AFFBEB78012B044600
:103E90000AD100F0D9FC6FF080010746103016F00F
:103EA00059FA384616F083FF002CCDD02346B5F8DA
:103EB000012023F8702B06989DF81E20BDF81C10D9
:103EC00020679A719980B5F81730A4F88630B5F854
:103ED0001930A4F88C30B5F81B30A4F88E30EB788C
:103EE000E3700022012B227324D18DF81090BDF8CD
:103EF00014209DF816300498A4F87B2084F87D30B7
:103F0000C4F8770000F0A0FC237A354AC3EBC30362
:103F10009918D358C4F87E308B88A4F882308B79F6
:103F200084F88430D2E9381303F03F03194301D0F9
:103F300000F02EFE0721204601F05CF926B1267321
:103F40000121204601F056F9204617F029F8637B3D
:103F5000072B3DD1BFF35B8F6368214EBFF35B8FAF
:103F600013F4805F18D1E3781BB196F8D8301907A5
:103F700012D5022142F21600FFF776FC054658B131
:103F800002210C301CF019F92388038000222946F5
:103F900042F21600FFF7DCFD96F8D930DA0706D5B5
:103FA0000021022300911A46204616F057FC96F88D
:103FB000D8309B060CD50DF10E0103A816F0FDFBC1
:103FC00030B9BDF80E20BDF80C10204616F028FCC4
:103FD000204601F0D5F83BE75C2B0020EE2B0020BB
:103FE0000000002000B5C3681A7889B032B13C2ABD
:103FF00032D109B05DF804EB16F0B8B98DF80020A5
:10400000B3F80120ADF80120DA788DF80320B3F879
:104010000B20ADF81720B3F80D20ADF81920B3F838
:104020000F20ADF81B205A7C8DF81D205868019098
:104030001A899B7A8DF80A30094BADF8082068463A
:104040001A689B88CDF80B20ADF80F30CDF8112001
:10405000ADF81530FFF7C4FE09B05DF804FB00BFF2
:10406000212E020038B5032104460C301CF0CCF898
:10407000E3680578B0F80100197840F635439842B6
:104080000AD02246FFF758FB35B1044812F072F807
:10409000BDE83840FFF7DABC38BD00BF3001002072
:1040A00038B5042104460C301CF0AEF84578017890
:1040B00040882246FFF740FB35B1044812F05AF819
:1040C000BDE83840FFF7C2BC38BD00BF300100205A
:1040D00070B54FF0FF320D464FF0FF33002106461A
:1040E000FFF7FAF9044660B90A4A0B490B48132353
:1040F00014F0D1FC84F31188BFF36F8F03231846AB
:1041000002DF022104F10C001CF057F80670457024
:10411000204670BDA22F020069360200C32E0200A5
:10412000F8B50A4DEF7906460024E3B29F4202D863
:104130006FF0010007E02946304616F0F3FB073523
:10414000631C08B12046F8BD1C46EEE700000020C5
:1041500037B504460D4671B11249284616F0E2FB08
:1041600048B91148C4EBC4042946204416F0E2FBC8
:10417000002003B030BD684615F0D5FF0028F8D107
:104180006846FFF7CDFF0028F5DA074BC4EBC40003
:104190001844694616F0CEFB002DE9D001462846AA
:1041A000E4E700BF142E02000000002070B5144E9A
:1041B0000622314604461DF009F9D8B1062142F223
:1041C0000500FFF751FB0546B0B1062221460C3031
:1041D0001BF0F9FF0022294642F20500FFF7B8FC68
:1041E00048B93346226843F86929A288B28001227F
:1041F00083F86820002070BD6FF06800FBE700BF07
:10420000690000200A4BBFF35B8F53E8002F22F4B4
:10421000004143E800100028F7D1BFF35B8F13047F
:1042200004D504490022022004F0DEBB704700BF21
:10423000D4000020FFAA010007B50023CDE9000348
:1042400004496A46022004F0CFFB019803B05DF8F0
:1042500004FB00BF19AA0100F7B5054670B1464C32
:1042600094F8222194F823310AB19A4208D20133FA
:1042700084F823312B7A43F004032B7203B0F0BD92
:1042800000210222084601F0B9FA0646A8B1BFF3A0
:104290005B8FD43454E8003F43F4004344E80032D9
:1042A000002AF7D1BFF35B8F2B7A43F001032B7207
:1042B00003B0BDE8F04000F063BF01462F4800F0B6
:1042C000BDFA94F82331B3B994F8232194F822313C
:1042D0009A421FD10022114642F22900FFF738FC12
:1042E00070B994F82331013384F823312B7A43F0E9
:1042F00004032B7204E0304616F05FFB0028E3D085
:10430000012016F05AFB1E48002103B0BDE8F04022
:1043100000F094BA2A466F1C12F82A0B394616F0A0
:1043200010FB06460028EBD194F82331013384F8C2
:1043300023312B7A43F004032B7294F8A7305B07E8
:10434000DED53946684616F0F5FA0123082142F217
:104350004E008DF80730FFF787FA04460028CFD0CB
:10436000694608220C301BF02EFF3246214642F2ED
:104370004E00FFF7EDFBC3E7000000206FAA01002D
:10438000EBA901002DE9F041054660B33C4C94F8DF
:10439000222194F82331F2B1013293421CDC002136
:1043A0000222084601F02AFA0646F0B1BFF35B8FFD
:1043B000D43454E8003F43F4004344E80032002A78
:1043C000F7D1BFF35B8F2B7A43F002032B72BDE86A
:1043D000F04100F0D5BE13B1013B84F823312B7AB4
:1043E00023F004032B72BDE8F0810146254800F05C
:1043F00025FA304616F0E1FA074688B994F82331D9
:1044000094F822219A4217D2013B84F823312B7A67
:104410001D4923F0040302462B72022004F0E4FA43
:1044200094F8233113B1012016F0C7FABDE8F0412A
:104430001648002100F002BA072142F22800FFF7D7
:1044400013FA05F1010806460028E9D007210C30CF
:104450001BF0B3FE414616F06DFA3A46314642F281
:104460002800FFF775FB0028DAD194F82331013BCF
:1044700084F823312B7A23F004032B72D0E700BF9A
:10448000000000206FAA0100A5A90100EBA901000E
:1044900070B5044611B16FF0150070BD80B11C49B4
:1044A00016F040FA60B92046FFF73AFE002829DAF4
:1044B0002378012BEFD1A37903F0C003C02BEAD1FD
:1044C000144DEB79012B20D0BFF35B8FD5F8D4309E
:1044D000BFF35B8FDB0707D4002CDCD00C492046F0
:1044E00016F020FA0028D6D1EE792146731C30460A
:1044F000EB71FFF72DFE08B93046CEE7EB79013BB3
:10450000EB71CAE76FF07700C7E76FF00B00C4E705
:10451000142E0200000000202DE9F3410446D8B11A
:1045200001AA002141F20900FFF712FB054698B9E4
:10453000019E1249D6F80C8008F101070622384680
:104540001CF044FF28B10E49062238461CF03EFFFD
:1045500030B930460EF096FC002002B0BDE8F08184
:10456000D8F80130C4F80130BB88A4F805303046D3
:1045700025700EF087FC0120EFE700BF212E02001E
:104580001B2E020007B56846FFF7C6FF044BD87123
:1045900018B169460020FFF7DBFD03B05DF804FBAE
:1045A00000000020F0B5294DEE7989B0002E46D1EB
:1045B00095F8C230DB0722D56A4631464FF60940EE
:1045C000FFF7C6FAD8B9DDF800C0DCF80C40637814
:1045D000012B1E4628BF012673B1A31C02AA123468
:1045E00018685968174603C70833A3423A46F7D1FB
:1045F000186838609B88BB8060460EF043FCEE7103
:10460000002416260127EB79E0B2834202D8B3B129
:10461000002012E008AB06FB0033694653F8182C63
:1046200033F8143CCDF80120ADF805308DF800705A
:10463000FFF78EFD01340028E5D009B0F0BD002160
:10464000084609B0BDE8F040FFF722BF0000002097
:104650002DE9F04190460E461D460246002852D0F4
:10466000002B50D03103047807D573074BD416F0D4
:104670002BFA88BB01232B702DE0F7072ED5234F93
:10468000B8F1000F13D0B0060AD4C4EBC403FB5C2E
:10469000012B11D02B70B2061DD543F00203EAE7BF
:1046A00097F8D8305906F0D46FF0850014E0C4EBC9
:1046B000C403FB5C012BDED1072101FB0471013136
:1046C000104616F0F9F938B9C4EBC4043B5D2B7001
:1046D000B8F1000FDFD10020BDE8F08173070ED5DF
:1046E0000A4EC4EBC407F35D012BC4D1072111FBB3
:1046F0000431314416F0E0F9F35D2B70ECE716F06D
:10470000E3F90123F9E76FF01500E5E70000002069
:1047100010B50A4CE3790BB1002010BDFFF732FF52
:104720000028FAD1E379002BF6D1FFF73BFF0028F0
:10473000F3D1601CBDE81040FFF738BD0000002039
:10474000F8B545686905064635D4046914B115F015
:10475000010330D0194F3078FB7983422BD9C0EB5D
:10476000C0001749072238441CF030FEA8B115F0EC
:10477000010306D197F87020082A02D8B2689F2A50
:1047800019D915F0300F09D0ACB1EA060AD405F4F6
:104790006035B5F5603018BF0120F8BDEB0601D4D7
:1047A000002CF4D1D6E902239A4204D81F2A02D958
:1047B000B3F5804FEBD90020EFE700BF00000020E9
:1047C000142E020008B50449072209301CF0FEFD32
:1047D000003818BF012008BD142E0200F8B5154B93
:1047E000067883F86F6004460D46FFF7EBFF70B95B
:1047F0001149304600F0BCFF044610B96FF00B00C1
:10480000F8BD052100F0F6FC2C600020F8E704F16B
:1048100009073946304616F05AFC40B92078394627
:1048200000F0A6FF04460028E8D00621EAE76FF072
:104830001500E5E7000000200D2E020003460148A8
:10484000184700BF180000200048704718000020DB
:104850002DE9F04FD1F810908DB09A460023B9EBB6
:10486000030605469048059218BF0126079316F0E7
:1048700065F90C46410740F10C812046FFF760FFC7
:1048800028B96FF0150B58460DB0BDE8F08F2046E3
:1048900016F031F980460028F3D005F110073846AC
:1048A00016F04CF90206C0F3C01300F1F580CDE913
:1048B0000933CDF82B30A3686068ADF82030E36889
:1048C000ADF8223016F02BF96FF400518DF82D0061
:1048D000754816F039F9754A23782B7082F86F30D5
:1048E00061680DF1250332462846FFF7B1FE834685
:1048F0000028C8D105F10903B9F1000F18D02169CA
:104900000868C5F8090088889880897999712046D7
:1049100016F016FA63680646D8071BD49A0503D426
:10492000169B0BB9022E56D102238DF8243023E0BA
:104930005F4A1168C5F809109188927999809A7137
:10494000204616F0FDF96368D9070646E6D58DF8CE
:10495000249011E013F0100F0CBF012304238DF8F5
:10496000243023691968CDF826109988ADF82A10EB
:104970009B798DF82C30D8460F2142F20600FEF7C5
:1049800073FF8346002800F08A800F2208A90C30AC
:104990001BF019FC0022594642F20600FFF7D8F836
:1049A00000287FD1B9F1000F1BD06368DB0726D444
:1049B0002846012116F0D4F9079D8346002860D0CF
:1049C000002D3FF460AF2846002100F013FC28467C
:1049D00000F0D6FB57E70323DDF858808DF824302C
:1049E000CAE7179B0093CDE90186169B05995246AD
:1049F000284616F02EF983460028D6D043E707A9AB
:104A00002846FFF7EBFE83460028D1D010F10C0FAB
:104A10007FF439AFB9F1000F7FF435AF63689807C1
:104A20003FF531AF626882F00202C2F3400B0BF037
:104A300001020E21384616F0F5F8731E5A425A410B
:104A40000821384616F0EEF8B11E4A424A4138466F
:104A5000092116F0E7F862680A2102F001023846DF
:104A600016F0E0F842460B21384616F0DBF8626893
:104A70000D21C2F38002384616F0D4F84FF0000B37
:104A800001E715B1284600F07BFBB9F1000FCED14C
:104A9000C8E76FF00A0BF6E66FF0770BF3E66FF0FE
:104AA000680BF0E68346EEE6D4000020000000200C
:104AB000142E020073B51546069A0C46CDE9003255
:104AC0002B460A4601461148FFF7C2FE214606461C
:104AD000002340F201109D4202D1304602B070BD69
:104AE0000A88824204D14A6812B11278D20702D4ED
:104AF00001330831EFE7064906481CF000FA4FF48D
:104B000070220023034811F0B1FDE6E718000020F1
:104B1000B5AD01003000002010B5194816F047F976
:104B200018486FF4804116F00FF8164816F006F892
:104B300003461A06C0F3C01021D5124815F0FEFF37
:104B4000430513D50E48FFF73DFE0F490346087E87
:104B500093B90E49052200F051FE044630B1002100
:104B6000017300F047FB204600F00AFBBDE810404F
:104B70000348002116F0F4B806222131EBE710BDFE
:104B80001800002028000020000000200D2E020048
:104B900073B53248314C15F0D1FF10F4804F5AD024
:104BA000204615F0CBFF030655D4204615F0C6FF6E
:104BB000460550D501A9A4F11000FFF70FFE00280B
:104BC00049D1A4F11000FFF7FDFD0246204615F083
:104BD000B5FFC0F38031204615F0B0FF81F0010130
:104BE00045054FEA41011D4848BF41F0010115F05C
:104BF000A5FF800448BF41F0040119480DF10303EB
:104C0000FFF726FD054630BB1548012116F0A8F830
:104C1000019E28B9304602B0BDE8704000F0B0BA3D
:104C20002946304600F0E6FA6FF480410B4815F053
:104C30008BFF0546304600F0A3FA6B040BD5BFF39B
:104C40005B8F54E8003F43F4804344E80032002A7D
:104C5000F7D1BFF35B8F02B070BD00BF280000200A
:104C60001800002008B5044940221CF0AFFBB0FA40
:104C700080F0400908BD00BFD82F020070B5314B4D
:104C800093F8A23003F00603062B52D1002853D02C
:104C90002D4E326832B1131F834250D05B680BB186
:104CA000043BF9E742607268031D336002B9736028
:104CB000264CBFF35B8F54E8002F42F0200344E8FA
:104CC00000310029F7D1BFF35B8F12F0200202D030
:104CD0000025284670BDBFF35B8F54E8003F23F0EA
:104CE000100344E800310029F7D1BFF35B8F114670
:104CF00042F22500FEF72CFF05460028E8D0BFF35E
:104D00005B8F54E8003F23F0200344E80032002A80
:104D1000F7D1BFF35B8F34683CB154F8043C043CDA
:104D20000BB1002098476468F6E70023C6E900331A
:104D3000CFE76FF08505CCE76FF01505C9E76FF099
:104D40007705C6E70000002094120020D400002060
:104D5000054BBFF35B8F1B680448BFF35B8F13F0F9
:104D6000100F08BF00207047D4000020EF2B002058
:104D700070B5204E33688B42044635D013B16FF0C6
:104D80000F0070BD1C4BBFF35B8F1A68BFF35B8FC6
:104D90009206F4D4BFF35B8F1B68BFF35B8FDB0617
:104DA00025D5316042F226004021FEF75DFD054623
:104DB000B8B140210C301BF000FA234604F1400248
:104DC00053F8041B40F8041B9342F9D100222946F2
:104DD00042F22600FEF7BCFE0028D2D0002333604A
:104DE000CFE76FF06800F9E76FF07700C9E76FF081
:104DF0007C00C6E790120020D4000020F8B51D4BBF
:104E0000C568BFF35B8F53E8002F22F0200243E810
:104E100000210029F7D1BFF35B8F2A78AAB9164980
:104E20006A1C05F1410052F8044B41F8044B8242E0
:104E3000F9D1BFF35B8F53E8001F41F0100143E845
:104E40000012002AF7D1BFF35B8F0C4E34686CB1AF
:104E5000094F043C23682BB12A78002A0CBF38463E
:104E60000020984764680CB1043CF3E70023C6E9CE
:104E70000033F8BDD4000020EF2B00209412002056
:104E800005490B6833B1C26800200860117801B988
:104E9000501C1847704700BF9012002070B50C4B93
:104EA0001C68054644B154F81C3C1C3C13B1297BDA
:104EB00028469847E469F5E7064C074EB44200D30C
:104EC00070BD236813B1297B284698472034F5E745
:104ED000D01200202C1B02002C1B020010B504462F
:104EE0000DF022FF044901EB0011204615F05DF999
:104EF000BDE81040FEF7AABD9C12002070B5D1E9B4
:104F0000015600220446C1E9012206481BF014FFA5
:104F10003DB1314620462B466FF06D02BDE8704032
:104F2000184770BD3C07002070B5002205460E46AC
:104F30000948002300210DF019FF044658B10DF077
:104F4000F3FE064B324603EB001329462046BDE82C
:104F5000704015F005B970BDD80700209C120020E4
:104F60002DE9F843DFF85480044620270025EFF3AD
:104F7000118387F31288BFF36F8FE16929B983F337
:104F80001188BFF36F8FBDE8F883206A0A68E26179
:104F9000814208BF226283F31188BFF36F8FD1E98A
:104FA00001694046C1E901551BF0C6FE1EB1002251
:104FB00049462046B047FEF749FDD8E73C070020A8
:104FC00010B504461CF018FC0A4B1A580A4B9A42BA
:104FD0008AB005D120460AB0BDE81040FFF7C0BF37
:104FE0002434204611F0A0FA694620461BF066FFE3
:104FF0000AB010BD08000000D01000200448B0F82E
:105000000431002B00F5847008BF0020704700BFFA
:105010000000002038B5002204468A4202D1002454
:10502000204638BD04F1C8030120BFF35B8F53E86D
:10503000005F002D04D143E8000CBCF1000FF6D155
:10504000BFF35B8F02D0D0340244E6E7002CE6D0F9
:10505000C822002120461CF000FB04F14000044956
:105060001BF04DFF034904F124001BF0FBFED7E7C2
:10507000AD58000051AE010038B50121044600F1E1
:10508000BC03BFF35B8F53E8002F43E80015002DEE
:10509000F9D1BFF35B8F32B915F044FF044804F136
:1050A000B80115F089FEBDE83840FEF7CFBC00BF5F
:1050B0002401002070B52F4DD5F8244114B90026E5
:1050C000304670BD2C4B5A8B22B1B5F804312BB948
:1050D0009B68FFDE1B68002BF1D0F6E7D5F8103196
:1050E000002BECD0254B1B68002BE8D054F8143C67
:1050F000002BE4D054F8103C002BE0D054F80C3CCA
:10510000002BDCD014F8AB2C072AA4F1B8060ED182
:105110003046984758B1BFF35B8FA368BFF35B8FEE
:10512000022B04DC3046BDE8704015F0FBBED5F81C
:10513000243143B1D5F828111A68C5F824218B42CF
:1051400008BFC5F82821231D0022BFF35B8F53E859
:10515000001F43E800200028F9D1BFF35B8F3046E1
:1051600054F80C3C98470028AAD03046FFF784FF3B
:10517000A6E700BF00000020D80700203C07002061
:10518000F7B5C83010F8C66C10F8C55CBFF35B8F7C
:1051900050E8003F5A1E40E800210029F8D1BFF333
:1051A0005B8F0193BFF35B8F019BBFF35B8F012B81
:1051B00013D10D4B1C6834B154F8143C1C3C03B1A2
:1051C0009847E469F7E7094C094FBC4207D3012E21
:1051D00003D1012D01D1FFF7DBFC03B0F0BDA368C3
:1051E00003B198472034F0E7D01200202C1B0200B6
:1051F0002C1B020070B5457B8D42044675D041736F
:1052000025B98378082B01D015F08CFE637B012B28
:1052100017D1364D05F584766169002965D0A269FC
:105220000B686361914208BFA3612046FFF766FEE9
:10523000B5F80431002B14BF3046002010F09AFF5F
:10524000EAE7072B09D0002B4FD1A378042B20D1FC
:105250002046BDE87040FFF793BFA378042B44D0ED
:105260002348002111F0AEFF0023C4E90D33E37899
:10527000012B3AD1A378012B04BF032384F8943087
:1052800004F140004FF42032BDE87040002311F0DB
:10529000B9B9082D29D801A353F825F0EB52000025
:1052A000C1520000DD520000DD52000051520000EA
:1052B00051520000DD520000EB520000EB520000A2
:1052C0002046FFF77DFE204615F0C5FD04F14000A5
:1052D0000022BDE87040002311F0C8B9237B002BE9
:1052E000B6D02046FFF7DAFDB2E770BD000000201F
:1052F000A402002010B502460C460748012115F013
:105300002DFE034610B90023184610BD82781442C2
:10531000FAD1FFF735FFF6E7E8090020F8B50746B0
:1053200009480D46164615F0FDFD044650B1837838
:105330001F4203D1BDE8F840FFF722BF3146A8471E
:105340002046F7E7F8BD00BFE8090020034BC01A6C
:10535000034B00115843C0B2704700BFE80900205A
:10536000C54EECC470B51C46144305460E4608D025
:105370001CF042FA0A4908580A49884204BF002230
:1053800013460949002D14BF284608461AF0A5FE09
:10539000044618B1711D0C301AF004FF204670BD90
:1053A00008000000D0100020540700202DE9F04F25
:1053B00085B0002301930393FFF77CFE044668B198
:1053C000427BD0F8A430072A17D002AA4FF0FF3151
:1053D0009847014628B92046FFF7D2FE05B0BDE840
:1053E000F08F039B019A204615F01BFDD4F8A430E2
:1053F00002AA4FF0FF312046EAE7DFF8609102AAE7
:10540000B9F80411984705460028E4D0B9F80421FA
:10541000029B9A4206D30146D4F8A86003AB01AAC6
:105420002046B0472B8A039EDDE9018B002B00F05C
:105430008A80284614F0E0FE8246002840F08380EF
:10544000B9F804314648002B08BF00200022002391
:1054500010F0B4FE002876D142480022002310F05C
:1054600057FE074600286ED0C0E90186B9F80461EE
:105470002B8AB34598BF1FFA8BF6B34242D9284610
:105480001AF05EFE3146FFF74FFDB9F8043194F88B
:10549000C4809B458CBF4FF0010A08F1020884F8D4
:1054A000C4A0064698BF5FFA88F804F1C00ABFF3AB
:1054B0005B8F5AE8003F01334AE80032002AF8D1F6
:1054C000BFF35B8F04F1140B3946584615F074FC9A
:1054D000A378012B19D1042106F10C001AF084FEE7
:1054E000238808F0FD0843EA08330380338A043B2D
:1054F000438002233376304615F09AF828B9FEF738
:10550000A5FA68E731462846BDE7BFF35B8F5AE846
:10551000003F013B4AE80032002AF8D1BFF35B8F1D
:105520003946584615F052FC30460DF0ABFC20468B
:105530003946FFF7E3FCB9F804310948002B08BFEE
:10554000002010F017FE29462046039B019A15F013
:1055500068FC1321204615F02CFD3CE700000020DC
:10556000080100203C070020F8B5BFF35B8F4268BC
:10557000BFF35B8F9205044600F1040319D5B0F820
:105580008620B0F88810914213D8B0F88A10914262
:105590000FD3D0E9231291420BD1BFF35B8F53E8B5
:1055A000001F21F4007143E80012002AF7D1BFF375
:1055B0005B8F114B1D686DB155F80C6C1C3D3EB1F5
:1055C000B4F88E30B4F88C20B4F886102046B0477A
:1055D000ED69F0E7094D0A4FBD4200D3F8BD2E69D1
:1055E0003EB1B4F88E30B4F88C20B4F88610204662
:1055F000B0472035F0E700BFD01200202C1B02007E
:105600002C1B02002DE9F041074608460D4614F018
:1056100081FF064618B900263046BDE8F081144BDC
:105620001C6884B154F8103C1C3C0BB9E469F8E7E1
:105630002946384698470028EDD0284614F06AFFDE
:105640000028F3D1E7E70B4CDFF82C804445E3D288
:10565000E3680BB92034F9E7294638469847002813
:10566000D9D0284614F056FF0028F3D1D3E700BF65
:10567000D01200202C1B02002C1B02002DE9F0414F
:10568000C37804468BB900F17E06114B1D687DB1CD
:105690001C3D04F170076B691BB13A463146204648
:1056A0009847ED6925B11C3DF5E700F17706ECE779
:1056B000084D094F04F17008BD4201D3BDE8F081E7
:1056C0006B691BB142463146204698472035F3E7C7
:1056D000D01200202C1B02002C1B0200F8B5437ACC
:1056E00083720446164615F0DCFD144B1D684DB15F
:1056F00055F8043C1C3D1BB1617A32462046984760
:10570000ED69F4E70E4D0F4FBD420DD3A6B9637A94
:10571000012B11D9A378012B0ED1207A04F170014D
:10572000BDE8F84003F0F4B9AB691BB1617A3246C9
:10573000204698472035E7E7F8BD00BFD01200208B
:105740002C1B02002C1B020008B5084B1A6800F144
:105750001C0122B9054815F02FFB104608BD9142E7
:1057600001D01268F5E76FF01000F7E7D0120020C3
:1057700038B505460C460F480121FFF74BFCC0B178
:10578000057223680367A388A0F87430A37980F8B2
:1057900076300123437283728370074BC0F8A430C4
:1057A000064BC0F8A830064BC0F8AC30054BC0F82B
:1057B000883038BDE8090020A95A00000FAE01006A
:1057C00003AE01001800280070B505460A480E46D1
:1057D00015F0A8FB044620B18378012B04D0FFF715
:1057E000CFFC0024204670BD3246294615F04FFC00
:1057F0000028F7D12046F2E7E8090020F8B5054671
:105800000E480E46174615F08DFB044620B18378EE
:10581000012B03D0FFF7B4FC00240DE036B1324673
:10582000294615F034FC08B92046F3E7637BBB42F8
:10583000FAD1237AAB42F7D12046F8BDE80900201F
:1058400038B5044608460D4614F064FE48B3164BBE
:1058500093F8D830990707D4E37883B129462046D6
:10586000BDE8384000F086B994F895309A07F3D532
:10587000BFF35B8F6368BFF35B8F5B05ECD4294696
:10588000204615F02EFC58B92B88A4F888306B8878
:10589000A4F88A30AB88A4F89030EB88A4F8923052
:1058A00038BD6FF01500FBE700000020F7B510F8D9
:1058B000333C0446A0F140060BBB304615F0D9FC42
:1058C000354B1D684DB155F8183C1C3D1BB114F803
:1058D000341C30469847ED69F4E7304D304FBD42F7
:1058E00005D3304603B0BDE8F040FFF749BC6B6814
:1058F0001BB114F8341C304698472035EFE710F8F8
:105900003E3C012B30D1BFF35B8FA0F13C0555E845
:10591000003F23F4007245E800210029F7D1BFF3CE
:105920005B8F9B0522D5A36C00936946236D019381
:105930003046FFF785FF58B9BFF35B8F55E8003F4E
:1059400023F4807345E80032002AF7D1BFF35B8F60
:10595000BFF35B8F55E8003F43F0800345E800321A
:10596000002AF7D1BFF35B8F03B0F0BD0D4A10687A
:1059700051686B4603C369463046FFF761FF002854
:10598000E6D1BFF35B8F55E8003F43F4807345E8F1
:105990000032002ADAD0F6E7D01200202C1B0200D9
:1059A0002C1B0200B81B020010B50C481BF099F923
:1059B0000B490A481BF0C0F90A4908481BF0BCF91A
:1059C000094906481BF0B8F916F0B0F902F084FF57
:1059D000044608B915F012FD204610BD3C07002012
:1059E000AC120020B8120020C4120020044B18682A
:1059F00018B9044A5A600B6070476FF00B0070478B
:105A0000E412002048230200F7B5254D254F044637
:105A10000026BD4201D303B0F0BD6B6801A920464A
:105A20009847002837DB01982B888382838400F114
:105A30001003A968BFF35B8F53E8002F43E8006CA5
:105A4000BCF1000FF8D1BFF35B8F8660A26B00F151
:105A5000080312BBC4E90D330460C16030301BF091
:105A600040F9019843681B6803B19847019BBFF355
:105A70005B8F103353E8001F41F0010143E800122F
:105A8000002AF7D1BFF35B8F01984368DB6913B13C
:105A900000F1100198470C35BBE71360A363DBE707
:105AA000081B02002C1B02002DE9F843D0F8B0407F
:105AB0000E4690464CB1483C236B63B104F130096B
:105AC00048461BF04EF9054650B9FDF7BFFF0025CB
:105AD0002846BDE8F883204615F063FBA46CE9E78F
:105AE00014F08AFB0028F2D1236D9BB9A38C2F8A76
:105AF000403B9BB23F2B03D8238D9F4228BF1F46BC
:105B0000042105F10C001AF06FFB0780A38C438081
:105B100004372765236D2A8A9E420ED3934215D0FF
:105B2000A38C403B9BB23F2B1ED9204615F039FB7E
:105B3000236B13B1204615F014FB236DC8F8003019
:105B40009E4234BF9E1B00262665C1E7002200232B
:105B5000484610F0DDFAA38CA3F140023F2AE4D8B6
:105B6000034AAA61EB61E0E700221346F9E700BFB0
:105B700023B3010070B5124B0C4619780131C9B23C
:105B8000012938BF0121054608221220197015F09D
:105B9000D1FA064688B108210C301AF00EFB228893
:105BA000028062884280A2888280E288C280314678
:105BB0002846BDE8704015F0C1BB6FF00B0070BD0A
:105BC0002F2C002023281FD81A2804D8431E182B56
:105BD0000ED906207047A0F11B03082B1ED8DFE862
:105BE00003F0051D1B231D19251D0500032070470B
:105BF0000F4A012383401A40C2B90E4A1A40002AB4
:105C000014BF01200620704700F07F03522B05D1FE
:105C100000207047012070470520704710F0400FAA
:105C20000CBF0620002070470420704702207047F8
:105C3000AAAA8A025455450170B50E46438D418B80
:105C40008B4202F1010228BF0B469A42054610D84A
:105C50003046FFF7B7FF02280ED004280CD04FF0D3
:105C6000FF324FF0FF330D48002115F037FB04469B
:105C700030B90024204670BD4FF470220023F2E7B3
:105C80000DF052F8064B182202FB0033012104F1FB
:105C90000C009D601AF091FA0670EBE78007002077
:105CA00038130020011F01481AF06BBFEC060020DA
:105CB00010B500F154030446BFF35B8F53E8001F97
:105CC00041F0010143E80012002AF7D1BFF35B8FD6
:105CD000201F15F0F1FC04F1740004491BF00FF9CA
:105CE0002068BDE8104001F029BD00BF296B00000D
:105CF0002DE9FF4105460E464FF000084FF42053B2
:105D0000006817688DF8088002A91446ADF80A30BB
:105D100014F0BBF9A0B142F6010328688DF80C809D
:105D200003A9ADF80E3014F0B0F948B123691BB1E6
:105D30005A88B24200D25E80012004B0BDE8F081F2
:105D40006168286814F0A1F910B100232361F3E71A
:105D5000E368A0681A786AB1B7F82AC0798B038A19
:105D60008C4594BFC3EB0C03C3EB0103934201DAF0
:105D70000020E2E704210C301AF01FFA20610680AF
:105D800023695E80074B00930194A2680023294693
:105D9000384615F0FCFC0028EADB2069003818BF03
:105DA0000120CAE71FB70100F7B5002304460E46DD
:105DB0002C480022694610F0C9F80546D0B91BF0FE
:105DC0001BFD294B009F1A58284B29461A60381D85
:105DD00030221BF042FC3C60009C25480195C4E940
:105DE0000155C4E90B550022002301A910F0AEF8BB
:105DF000054620B16FF00B05284603B0F0BD019BAE
:105E00000146B02218461BF028FC1A4A8260603016
:105E10001AF067FF019BBFF35B8F583353E8002FE5
:105E200043E800510029F9D1BFF35B8F019B1C604F
:105E3000E36A019F2BB904F10C001AF052FFC4E988
:105E40000955E26AC7F8A820226B07F1A803E362AC
:105E500002B92363019B17225A855A8304333360A6
:105E6000CAE700BFD0060020080000008013002011
:105E7000EC060020C00200202DE9F7431768054614
:105E80008846006851687E68144614F0FEF8814622
:105E9000002842D130469522294616F03EFA0646A1
:105EA000207540B1E3681B780BB184F81490002092
:105EB00003B0BDE8F083A0681AF046F902210C3067
:105EC0001AF07BF9164B2061A0F800800093019432
:105ED000A26833462946384615F059FC002807DAEF
:105EE00010F1FF0F26BF4042C0B20E202075DEE742
:105EF0002369002BDBD0A06815F08BFA7B8D7A8BA1
:105F00009A4294BFC0EB0200C0EB0300E3681B7829
:105F1000984294BF00200120CAE70120C8E700BFD3
:105F200023B40100F7B5144605460E464FF49572AA
:105F30000146206816F0F1F92074A0B96B8A206838
:105F40005B0613D501230193E3890093AF68A3890E
:105F5000A2682946B84748B110F1FF0F26BF40425A
:105F6000C0B20E202074002003B0F0BD0B48002208
:105F700000231AF0B2F8606010B909232374F2E725
:105F80000683E38943836068A289A1680C301AF014
:105F90001AF9002323740120E6E700BF5C08002003
:105FA0002DE9F74F064608460C460CF0BDFEDFF81B
:105FB00098801823434308EB03020546D2F808A053
:105FC000E068BFF35B8FB16DBFF35B8FC90738D556
:105FD000E16809781171002248F803200378D22B78
:105FE0000ED133682146186816F002FF40B10190C7
:105FF00020460CF047FF019B184603B0BDE8F08F28
:1060000004F10C001AF010F918235D4308EB0509A0
:1060100000231A4607462146301DB4F810B0C9F8CF
:10602000086015F05EF903460028E5D06269A4F81F
:1060300010B012FA87F7E76048F80500C9F808A021
:10604000DAE76FF01503D7E7381300202DE9F14F99
:1060500005460CF069FE3349182202FB00F3C8180C
:1060600051F803A00779B0F80680D0F8109000210D
:10607000D0E902461BF0F1FAA87A0CF04DFE6969EE
:10608000834651B16B7AD80705D4DBF824301B68FE
:1060900028469B68984700236B61294658461AF0AA
:1060A00056FE002F31D084B3236873B31B6863B3EB
:1060B000BAF1000F29D1201D15F005FD3846FFF774
:1060C00081FD052821D8DFE800F016032016200303
:1060D000BFF35B8FA36DBFF35B8FDA0715D5E36D5D
:1060E0009BB14FF47022002304F1780001B0BDE8A9
:1060F000F04F10F0BBBA23681D68BFF35B8FA36D30
:10610000BFF35B8FDB0700D556B901B0BDE8F08F58
:1061100049462846B0470134A3B29845F8D8F4E779
:106120000024F9E738130020F8B50B8A0768044605
:106130000D46002B39D0012105F10C001AF064F84E
:106140007B7B072B064630D154F8043C6BB30178B7
:106150001748043C002310F833708F4200EBC30251
:1061600008D1298A53789778994213D2012F1CD1EC
:10617000042317E001330F2BEDD10846FFF722FD72
:1061800098B1052811D081B106230022204615F0D0
:10619000DEFC0AE05368294620469847012F034653
:1061A00003D110B131780029EFD10020F8BD00BF34
:1061B00070230200F0B51E4603680D46003987B013
:1061C000044618BF01211868174616F0ADF938B912
:1061D00004F1580015F0CCFA002845D1122032E025
:1061E000002E43D01822002168461BF036FA67BB08
:1061F00023681F4A1B680093BDF83030ADF8123099
:106200000D9B0393BDF83830ADF8103001238DF8A5
:10621000143031466B4630468DF8085015F042F97F
:106220009DF81430DBB157B101980CF02BFE9DF8AE
:106230001430CDB132462946204615F088FC182D81
:1062400012D19DF8140007B0F0BD00223946204657
:10625000FFF7F2FC01900028CAD11120F3E7019961
:1062600011B1204615F065FC0020ECE70120EAE7BB
:1062700043B40100F8B54FF47022074600230D48DF
:106280000E4619F02AFF044690B100F10C050921D1
:10629000284619F087FF20460CF046FD064B1822D1
:1062A00002FB0033012128469F6019F086FF06702B
:1062B0002046F8BD80070020381300202DE9F04F5C
:1062C000CB684B4F1B7887B00546049300242868A1
:1062D000436A2BB9002C76D0002007B0BDE8F08FC0
:1062E000243019F015FF4FF00003B0F818A0028A0F
:1062F000C168BB800646BB683D483B6019F063FF40
:10630000D5F80080738BD8F82440059324B1D4F8D5
:1063100000904FF0000BD4B9049B012B51D1BB88E6
:1063200002933B680193738B00930022534618211C
:106330002846FFF73FFF044628B10346328B182159
:10634000284615F004FC30460CF09CFDBFE7228B7C
:10635000524532D1628B002ADED0B988059B58188D
:1063600082423CD1228AF888114481423EDCE168B5
:10637000384619F028FF2268BBF1000F14D1D8F875
:106380002810C8F824208C4201D1C8F82820002306
:10639000236020460CF076FDB9F1000F0FD0D9F83C
:1063A00000204C469146B6E7CBF80020D8F82820CC
:1063B000944208BFC8F828B0E9E7A346ECE74A468C
:1063C000EFE70024BFE719212846FFF753FF0146F6
:1063D00018B1284615F0ADFB7EE70E207DE70723B8
:1063E00052461821284615F0B2FB75E70D23F7E752
:1063F000B40200202DE9F0470D4686B00446042182
:1064000005F10C0019F000FF2368B0F80090B0F817
:1064100002801868EF682E8A01211FFA89FA16F0A7
:1064200083F840B904F1580015F0A2F928BB1220F6
:1064300006B0BDE8F087BAF1000F43D01422002166
:1064400001A81BF00AF92368204A1B680193012365
:106450008DF81430F6B201AB51465046ADF81280BB
:106460000397ADF8106015F01DF89DF8143033B1A6
:1064700052461621204615F06AFB0020D8E7206816
:106480000299243019F02FFE17212046FFF7F2FE63
:106490000290C8B104210C3019F08FFEA0F80090D2
:1064A000A0F802800546029831460C3019F085FEAE
:1064B00039463246281D1BF0C2F80299204615F0D5
:1064C00038FBDAE70120B3E71120B1E7255F0000D0
:1064D0002DE9F0410E8A043EF6B2022E04468CB03D
:1064E000084601D0102E64D104210C3019F08CFE26
:1064F0000DF1080805884788011D3246404613F013
:10650000F2FD002857D09DB3002687B3BD422FD897
:106510004FF4205301A940468DF80460ADF80630D1
:1065200013F0B3FD40BB1422002107A81BF095F81F
:1065300011212046FFF79EFE0990002837D0012147
:106540000C30CDE9074819F038FE00230A901B4AA9
:10655000037039460B93284607AB14F0A3FF0A9B40
:106560001B78FBB909980CF08DFC0A2301E03D462D
:1065700001232A4610210EE042F6010307A94046F6
:106580008DF81C60ADF81E3013F07FFD0028CAD0D6
:1065900010232A461946204615F0D9FA00200CB0DF
:1065A000BDE8F0810999204615F0C3FAF6E71120FD
:1065B000F5E70420F3E70E20F1E700BFF15C0000EF
:1065C0002DE9F043036885B004460D4618680121A3
:1065D00015F0AAFF40B904F1580015F0C9F8B0BB96
:1065E000122005B0BDE8F0831022002168461BF0A0
:1065F00034F821212046FFF73DFE029048B3DFF832
:106600005890009405F10C074FF001082B8A012BDC
:1066100004D80299204615F08CFA18E0384619F093
:10662000FBFD6B464A46014606468DF80C8014F089
:1066300039FF9DF80C30002BE8D002980CF022FCBA
:106640009DF80C3032462021204615F080FA0020BB
:10665000C7E71120C5E700BF23B901002DE9F043CA
:10666000036885B004460D461868012115F05CFFEB
:1066700040B904F1580015F07BF8B0BB122005B00A
:10668000BDE8F0831022002168461AF0E6FF0F21D2
:106690002046FFF7EFFD029048B3DFF858900094D2
:1066A00005F10C074FF001082B8A012B04D8029941
:1066B000204615F03EFA18E0384619F0ADFD6B465D
:1066C0004A46014606468DF80C8014F0EBFE9DF814
:1066D0000C30002BE8D002980CF0D4FB9DF80C3065
:1066E00032460E21204615F032FA0020C7E711206D
:1066F000C5E700BFDDB80100F0B51D46036885B0F1
:1067000004460E4618680121174615F00DFF38B9EA
:1067100004F1580015F02CF848BB122005B0F0BD6C
:1067200065B31022002168461AF097FF39462046CB
:10673000FFF7A0FD029018B3BDF82830ADF8043083
:1067400001238DF80C300F4A00946B4629462846E9
:1067500014F0A8FE9DF80C305BB102980CF092FB8F
:106760009DF80C302A463146204615F0F0F90020FD
:10677000D4E70299204615F0DCF9F8E70120CDE7CF
:106780001120CBE7DDB801002DE9F0410D8A043D71
:10679000EDB2022D04468CB0084601D0102D4BD12D
:1067A00004210C3019F030FD0DF1040806884788EB
:1067B000011D2A46404613F096FC00283ED08EB1BB
:1067C0007FB1B7420ED3182200210DEB02001AF060
:1067D00044FF09212046FFF74DFD089060B91120C4
:1067E00007E03E46012332460821204615F0AFF966
:1067F00000200CB0BDE8F08101210C30CDE9064845
:1068000019F0DBFC0023099003700A238DF82C306B
:106810000B4A06AB3946304614F044FE9DF82C3046
:106820002BB108980CF02EFB9DF82C30DBE7089973
:10683000204615F07EF9DBE70420DAE70E20D8E7E2
:10684000795E00002DE9F0430F4687B0044606212B
:1068500007F10C0019F0D8FC0588B0F80280828896
:10686000D7F80C90C5B10023B8F1000F13D0A8459C
:1068700012D38DF800308DF8043001A94FF4205365
:106880006846ADF80220ADF8063013F0FEFB064670
:1068900060B10A2301E0454601232A46062120462D
:1068A00015F055F9002007B0BDE8F0830146142229
:1068B00001A83F7C1AF0D1FE07212046FFF7DAFC41
:1068C0000290D8B10A238DF815300D4A019401AB1E
:1068D00041462846CDE903698DF8147014F0E2FDB5
:1068E0009DF815302BB102980CF0CCFA9DF81530BC
:1068F000D3E70299204615F01CF9D3E71120D2E71F
:1069000073B501007FB5CB681D885E88044685B1EC
:1069100076B1B5420DD81022002168461AF09DFECE
:1069200005212046FFF7A6FC019058B9112007E089
:10693000354601232A460421204615F008F9002097
:1069400004B070BD6B46094A00943146284614F0E5
:10695000A9FD029B23B901980CF094FA0A23E9E7F8
:106960000199204615F0E5F8E9E700BFBBB4010046
:1069700013B50B46002101910E4902461AF03CFF67
:106980000C680D4909580D488C4208BF002201A926
:1069900008BF13460FF0DAFA014640B9019B1C22EA
:1069A00018461AF05AFE0346184602B010BD0023DE
:1069B000FAE700BF8013002008000000080700204D
:1069C00010B50446806818B10CF05CFA0023A3608F
:1069D00021460248BDE810401AF0D3B8080700204D
:1069E0002DE9F347044678300E4617461D461AF047
:1069F00092FAE06D30B9206815F01DF8002002B061
:106A0000BDE8F087104B98424FF0000802D1C4F85F
:106A10005C80F0E7D0F80490C0F80480E06DD0F816
:106A200018A0FFF7CDFF2068C4F85C8015F003F8CC
:106A3000B9F1000FE2D02068CDF800A000683B4615
:106A400032462946C847D9E784130020F7B550F8E5
:106A5000044C0546002C63D000F1A40104F12C0085
:106A600014F06DFE2E1F05F15C070022002338464E
:106A700019F037FB0246B0BBAB6D2BB101466FF08E
:106A800067033046FFF7ACFF002345F8043C05F1EF
:106A90005403BFF35B8F53E8001F21F0010143E86B
:106AA0000012002AF7D1BFF35B8FE36A002B37D1C6
:106AB00004F12406304619F02BFBB8B904F10C069A
:106AC00000220023304619F00CFB90B966689EB98D
:106AD0001448266021461AF054F8286803B0BDE82F
:106AE000F04000F0A5BE0CF0CDF9BEE70CF0CAF9FD
:106AF000E0E70CF0C7F9E3E7A26833686360964209
:106B000008BFA36077683FB1B36900930023206892
:106B10001A466FF06701B8473046FFF751FFD5E7D7
:106B200003B0F0BDD006002070B550F8783C92B0AC
:106B30000646186814F0D3FA0378044607AD032B11
:106B400024D8DFE803F0021D1F2113492846F9F776
:106B500041FCA379059562780492A2780392E278C9
:106B6000029222790192627900921E210B4A0AA8B0
:106B700010F0A8FBA6F17400FFF768FF12B070BD1B
:106B80000749E3E70749E1E70749DFE7074A0A2141
:106B9000284610F097FBDCE7183002004130020075
:106BA0001F30020026300200303002003A3002006E
:106BB000F8B51D460F4616460CF0B6F8044C1823DF
:106BC00003FB0040C0E903760123C3800575F8BDCF
:106BD0003813002070B5144D064640B115F8011C5D
:106BE0002A466C1E14F053FA98B120460CE00F4967
:106BF000284615F07FF940B90C4905F1100015F051
:106C000079F920B105F10F0070BD681EFCE7002086
:106C1000FAE7217C04F11102304614F038FA00281A
:106C2000F5D004F11000EFE7B9130020142E020094
:106C300070B50D4C2378834205460E4603D1601C87
:106C400015F058F960B9237BAB420BD107483146A8
:106C500015F050F918B101200C2303FB004070BD62
:106C60000020F9E70020FAE7622B00206F2B0020BC
:106C700038B54A1C0C46054668B90E49104615F051
:106C800039F930B90B4904F10B0015F033F970B143
:106C90000A3420460CE0097814F0F9F90028F8D1FC
:106CA000A17A04F10B02284614F0F1F9EFE7002075
:106CB00038BD00BF142E0200024608B50849013055
:106CC00015F02FF9002313720C32BFF35B8F52E8DB
:106CD000001F42E800300028F9D1BFF35B8F08BDE8
:106CE000142E020070B5124B816899421BD1C46802
:106CF000167923781568B34204D12946601C15F033
:106D0000F9F890B9A37AB3420DD1294604F10B00EA
:106D100015F0F0F838B101230A225343E11800229C
:106D2000E2504A600A81012070BD0023F4E700BFF1
:106D3000316E00002DE9F04180460F4616461D4693
:106D4000FFF776FF044648B90B49FFF771FF044689
:106D500080B100F8018B394615F0E3F82289638988
:106D60001AB92BB92681658104E0964238BF268185
:106D70009D42F8D8BDE8F081142E02002DE9F047BD
:106D8000284B164682689A4207462BD1C568AB8AC3
:106D900043B36C1C05F115094FF00008B4F8073037
:106DA0009BB114F8011C2246304614F070F9E0B98A
:106DB00014F8010C2146FEF707FD30B1437B072B89
:106DC00008BF4FF00108FEF7DBF90A344C45E5D166
:106DD000B8F1000F06D1AB69A5F8148013B1414694
:106DE000384698470120BDE8F08706F1700A307AEE
:106DF000514613F022FC78B90B4B9D4202D130462C
:106E000015F096F80949204615F08BF8002304F890
:106E1000013CA4F80730D8E75146204615F081F828
:106E2000D3E700BF316E000000030020142E0200E3
:106E30002DE9F8431E46BDF82030D1F80C8081467C
:106E40000F46002B3DD1731E012B3DD8012E41462C
:106E5000157818BF1588FFF70BFF044680B915B9E0
:106E60003046BDE8F8834146FFF702FF044670B3A1
:106E700009F17001013015F054F899F808302370C9
:106E8000D8F81C308BB92581B8F81430AB4203D048
:106E90004146384615F003F8002DE1D10D49601C3C
:106EA00015F03FF825702581DAE72A46394648462D
:106EB00098470028D5DB01380128E4D96FF00D0090
:106EC000CFE76FF00600CCE76FF00C00C9E76FF07A
:106ED0001000C6E7142E020013B5BDF810100B4CBD
:106EE000104608294FF42812CDE900420BD8C1F111
:106EF00008049C42A8BF1C46224669441AF09FFB26
:106F0000204602B010BD6FF00604F9E71800280013
:106F100010B504461448BFF35B8F50E8003F23F0E0
:106F2000020340E80032002AF7D1BFF35B8FBFF3C2
:106F30005B8F0368BFF35B8FDA0704D50022002361
:106F400030380FF093FB204614F07EFF50B12046FE
:106F5000FFF740FE30B1037ADB0703D5BDE81040F0
:106F600015F009B910BD00BF700B002010B5154811
:106F7000012114F0C7FFC30723D40221114814F0E4
:106F8000C1FF084007D11049104A0B88104CA2429B
:106F900011D300B10B800F490F4819F0B0FF0E4814
:106FA0004FF4A4720023FCF73FFABDE810400B49F0
:106FB0000B4819F0A4BF506803449BB2083201206B
:106FC000E5E710BDD81300207A2B00202C1B02000F
:106FD0005C1B0200E1710000C80A0020D1730000B0
:106FE000400B00202DE9F041034648B1008A38B932
:106FF0001249DFF84CE001244FF0140C714501D325
:10700000BDE8F081D1E90076BB4204D30CFB0672E7
:10701000143A93420ED93444A2B208311446EDE733
:107020000CFB0578434507D001356219B54292B291
:10703000F6D1F2E70025F8E71046E1E72C1B020045
:107040005C1B02002DE9F74FBDF8305000919946C6
:107050004FF6FF73002D08BF1D46244B1B8883424B
:10706000074690463CD203B0BDE8F08F73682344D6
:10707000BB4232D29CB208361D4B9E42F6D3F2E799
:1070800089580193404613F000F8019B90B10134F8
:107090000AF1010AA4B273685345ECD9009B9C42E3
:1070A000E1D8BC423168F2D30BFB0AF28B18B8F17D
:1070B000000FE5D1B9F1000F0BD1013DADB218467B
:1070C0000E9A0D9B21469847002DCCD00028DED18A
:1070D000C9E7DA689145DAD1EFE74FF0000ADAE75D
:1070E000044E01244FF0140BC6E700BF7A2B00209A
:1070F0005C1B02002C1B020010B5C8B000231AAAAA
:10710000694604A8CDE90033CDE9023312F050FE00
:10711000D8B14FF6FF7101200D4A04AB15F0F2F81B
:107120000C4804A912F0D9FE78B10A4B082203F1E9
:107130001001187811F8014D03F8014B013A08705D
:10714000F7D10548082114F0DDFE48B010BD00BF9E
:10715000D1C00100B80A0020700B0020F8B51D490D
:10716000BDF818600446A1F130001F46154619F01D
:10717000E5FEBFF35B8F184B1B68BFF35B8F1907EE
:1071800001D4FFF7B9FF2046FFF724FD014670B197
:10719000037ADA070BD5BFF35B8FCB68BFF35B8F46
:1071A000DB0700F10C0002D4022114F0ABFE102E1C
:1071B0000CD8C6F110040949BC42A8BF3C4622467F
:1071C000314428461AF03BFA2046F8BD6FF0060419
:1071D000FAE700BFF80A0020700B0020B80A002070
:1071E000054BBFF35B8F1B68BFF35B8F1B0701D49D
:1071F000FFF782BF704700BF700B002007B5002368
:107200000193FFF7EFFE411C89B20846034A01AB28
:1072100015F078F8019803B05DF804FB99BE010001
:107220002DE9F0471546894694226968064615F00F
:1072300074F88046002848D169680222304615F06B
:10724000A6F8002844D04FF470200021AF8AFFF741
:107250008FFB0237044680B11F4B47611D214174EB
:10726000C0F80C80436085613A46304614F0F9FC62
:10727000074638B92046FFF7A3FB6FF00B052846F9
:10728000BDE8F08701234246414607F10C0AFFF7AB
:107290008FFC0221504618F090FF8046504628F897
:1072A000029BA98A18F089FFAA8A296940461AF028
:1072B000C6F9A7602146304614F0A9FD054600280E
:1072C000DDD02046FFF77CFBD9E74FF0FF35D6E74E
:1072D0006FF01505D3E700BFBBBE010030B5394BD9
:1072E000BFF35B8F1B68BFF35B8F5A078BB00446FD
:1072F0000D4661D510B1437B072B60D168680590BE
:10730000FFF770FE2A68ADF818003AB305A902919C
:107310002D4901910121002300914FF6FF71059342
:10732000FFF790FE059B1BB96FF001000BB030BD5D
:107330006B60059B186800238DF8103004A942F695
:107340000303ADF8123012F0A0FE70B90598C368BF
:107350009B799B0605D46FF01500E7E70028E8D17C
:10736000E2E714F07DFFADF81800BDF818003CB15D
:1073700001230146AB752A462046FFF751FFD5E7AA
:107380006FF07F0307930223ADF8203042F602131B
:10739000ADF8123005ABAC7502930C4B0193012391
:1073A000009304AA23464FF6FF7109958DF810400B
:1073B000FFF748FE0798B9E76FF00A00B6E76FF0ED
:1073C0007F00B3E7D4000020E9BE0100157600007D
:1073D00013B550F8082C01920346A0F1200100F1EA
:1073E0003004BFF35B8F54E8002F22F0010244E821
:1073F00000200028F7D1BFF35B8F0D4A43F81C2C07
:107400000C4A43F8182C01AA002043F8102C04223F
:1074100023F8080C23F8060C23F80C2CFFF75EFF6A
:1074200018B90221204614F06DFD02B010BD00BF56
:1074300030240200116F00002DE9F047344B14682E
:10744000174682689A4206465ED1D0F80C8008F151
:10745000010508F11509B5F80730FBB115F8011C55
:107460002A46204613F013FEC0B14FF49572314600
:10747000204614F052FFA8B103280FD0052820465B
:107480000CBF4FF0030A4FF0020A13F0FEFD8245D5
:1074900008D93B79534501D287F804A00A354D45F8
:1074A000D9D131E04146304614F0F9FC194B9845EA
:1074B0002AD1207A04F17001FFF7BAFB054618B310
:1074C00003890BB94389FBB12046FDF73FFF124A00
:1074D0002B8922F8203002EB8003698959800F49FB
:1074E0000F4D182303FB001300B202EB800200EBE8
:1074F00040005D601A610B4D9D60042201EBC001EC
:1075000020469A82FFF7EAFE0120BDE8F08700BF1F
:10751000316E0000000300205E2B0020A01300202D
:107520003024020003C2010030B5374BBFF35B8F3C
:107530001B68BFF35B8F5A078BB004460D465DD5C1
:1075400010B1437B072B5CD168680590FFF74AFDBB
:107550002A68ADF818003AB305A902912B490191A8
:107560000121002300914FF6FF710593FFF76AFD9B
:10757000059B1BB96FF001000BB030BD6B60059B24
:10758000186800238DF8103004A942F60303ADF803
:10759000123012F07AFD70B90598C3689B79DB064A
:1075A00005D46FF01500E7E70028E8D1E2E714F012
:1075B00057FEADF81800BDF818002CB101462A4658
:1075C000204614F071FFD7E742F60212ADF8122000
:1075D00005AA6FF07F0302920D4A07930123CDE9BC
:1075E0000032ADF8203004AA23464FF6FF7109950A
:1075F0008DF81040FFF726FD0798BDE76FF00A00F1
:10760000BAE76FF07F00B7E7D4000020E9BE0100C1
:10761000157600002DE9F84F444B144682689A42D3
:10762000814636D1D0F80CA0414B9A4519D1414D35
:10763000414F00263946284614F05CFC78B915F80D
:10764000010C07222946FEF7D9F838BB236915F843
:10765000010C1A69294653881288FFF76BFB0C3519
:10766000D6B10AF101070AF1150BB7F80720A38973
:107670009A420BD117F8010C3946FEF7A5F80546DA
:1076800020B1437B072B0CD0FDF77AFD0A375F450D
:10769000EBD14FF0010846E00126CBE7FDF770FD86
:1076A000DDE7DAF8203023B14946984708B9284683
:1076B000EAE794224946284614F02FFE8046002827
:1076C000F5D1A389022B15D1B7F8073013F00206C4
:1076D00004D12846FDF754FDA660D7E72269A188AA
:1076E0002846FFF79DFD0646B8B92269937D013310
:1076F0009375EEE7012B05D02846FDF741FDC4F850
:107700000880C3E7B7F8073013F00106E1D022691B
:10771000A188284614F0C8FE06462846FDF730FD2D
:10772000002EA660B2DA4046BDE8F88F316E000048
:1077300000030020632B0020142E020013B50B4A17
:1077400000904FF6FF7104466B4601208DF804004F
:1077500014F0D8FD204613F098FC9DF804108842E0
:1077600002D2204613F05CFC02B010BD3974000058
:10777000F8B5084B1C6805460E4617464CB154F840
:10778000043C043C1BB13A4631462846984764689D
:10779000F4E7F8BDDC13002013B5084A0090044656
:1077A0006B4601204FF6FF718DF8040014F0AAFD1E
:1077B0000021204614F0B8FE02B010BD397400005C
:1077C00073B5184A009105460C468DF804004FF633
:1077D000FF7101206B4614F095FD21462846FFF706
:1077E00027FA18B100230360436083600E4E33789C
:1077F000AB4204D1711C204614F07CFB78B9337C79
:10780000AB4209D10949204614F074FB20B1012094
:1078100006EB0010FFF750FA002002B070BD002008
:10782000F6E700BFE56C0000B8130020C913002084
:1078300070B503460F4A04464FF6FF71012014F05D
:1078400061FD2046FFF7C6F9054688B104F17006D0
:10785000207A314612F0F1FE20B92846BDE870408A
:10786000FFF72ABA3146681CBDE8704014F059BBD6
:1078700070BD00BF7D6D0000064BD3F8EC0028B949
:10788000054AC3F8F020EC330B6070476FF00B0033
:10789000704700BF780B00203425020008B5054B67
:1078A0000146184614F09CFE043B002814BF1846FD
:1078B000002008BD7C0B002010B50C4A11680C4A52
:1078C000BFF35B8F00F5B87353E8004F944204D1C7
:1078D00043E8001CBCF1000FF6D1BFF35B8FBFF390
:1078E0005B8FD0F87001BFF35B8F10BDE0120020FA
:1078F000780B002008B5FFF7DFFF0346C8B1D0E9D9
:10790000001221B9002A0CBF0320022010E032B17E
:10791000836813B9094B1B7833B9042008E0074981
:10792000087828B19B6833B9003A18BF012250008B
:1079300008BD0320FCE70120FAE700BF302C00203F
:1079400038B5EC220546002119F087FE102105F11B
:10795000270018F07AF8044648B90521284614F0A3
:10796000C5FEFDF7F5F9034B1860204638BD082425
:10797000FBE700BFE413002038B5051D04460821CD
:10798000284614F0B3FE064904F15700FDF7F0F95C
:1079900020B12846082114F04DFE082038BD00BF54
:1079A000CDCE010073B5047A022C054623D844B12C
:1079B00090F8DC30D0F8D840DC4004F0010444F00A
:1079C00080040321284614F0EFFE0646A8B11021DA
:1079D0000C3018F0F2FB009010482346006805F1C7
:1079E000270205F1570115F066FC044650B13046F8
:1079F0000BF048FA01E0032C02D0082002B070BD61
:107A00000024DEE702463146284614F022FE281DF7
:107A1000214614F00FFE2046F0E700BFE4130020DB
:107A2000F8B50446FFF748FF251D06460E212846F7
:107A300014F0D6FD38B9464B2022196804F15700DE
:107A400019F0C4FC58B30C21204614F0ADFE0746D3
:107A500028B340210C3018F0B0FB3D4B1B680246A8
:107A6000014603F1200053F804CB41F804CB8342D4
:107A7000F9D1203203F1200153F8040B42F8040B32
:107A80008B42F9D100223946204614F0E2FD237AD8
:107A9000052B04D8DFE803F005471B050357082032
:107AA000F8BD0421204614F021FEFFF77BFF0028DB
:107AB000F6D12846072114F019FE0820FFF7EEFE44
:107AC000002843D12046BDE8F840FFF755BF2046C7
:107AD000D4F8EC70FFF7F0FE0421064604F1D8005C
:107AE00017F0B3FF0028DAD1D4F8D830194AB3FB25
:107AF000F2F102FB1133C4F8D83084F8DC0056B13F
:107B0000336843B10B21284614F0F0FD3368D4F8F4
:107B1000D810384698470321204614F0E7FD0E217F
:107B200014F0E4FDC5E72046032114F0DFFD0E212B
:107B300014F0DCFD28460A2114F0D8FD7368D4F84F
:107B4000EC009847B5E704212046E9E70020A7E7C5
:107B5000E413002040420F0038B50D460446FFF7FD
:107B6000ABFEEB6804F15700024603F1200153F825
:107B7000045B42F8045B8B42F9D104F1770203F114
:107B8000200153F8045B42F8045B8B42F9D1FDF706
:107B900069F840B9154B1D681DBB201D062114F066
:107BA000A5FD28461CE00E21201D14F09FFDD4F8F1
:107BB000EC50D5F8A03033B9287A05F1700100F007
:107BC000A1FEC5F8A000D5F8A030002BE2D0DA89DC
:107BD00002F02402002ADDD05B7B9B07DAD403206D
:107BE00038BD2046BDE83840FFF71ABFE413002037
:107BF00038B512490446A0F1EC05543019F07FF96C
:107C0000284614F02FFFBFF35B8F0D4A04F1840365
:107C100053E8001F43E800200028F9D1BFF35B8F31
:107C2000BFF35B8F88344FF0FF3354E8002F44E8F4
:107C300000310029F9D1BFF35B8F38BD17D10100A6
:107C4000780B00202DE9F0410E4688B00446FFF77E
:107C500033FEF36804F137080546424603F110018C
:107C600053F8040B42F8040B8B42F9D1271D052170
:107C7000384614F0B5FC002843D1D4F8EC3004F1B8
:107C8000470603F17E0204AD77330192009302951B
:107C900004F1100304F109024146304614F005FFD7
:107CA00008B1082078E01022294604F1170019F0E5
:107CB0008DFB00286FD1D4F83700D8F804102B467C
:107CC00003C3D4F82700D4F82B1006AB03C32A460D
:107CD0002946304617F0BBFE0028E2D1334608AEF5
:107CE0002A4603CAB24218605960154603F10803D8
:107CF000F6D10121384614F0F9FC204614F08DFD30
:107D00004AE0237A052BCCD801A252F823F000BF19
:107D1000557D0000617D0000617D0000297D00002F
:107D2000A37C0000E77D000004AB4549009309688F
:107D300004F12703424604F1570000F065FF0028D4
:107D4000AFD10A21384614F0D1FCAB680499D4F8BD
:107D5000EC0098470D21204614F0C8FC1021C9E71B
:107D600094F8DC20D4F8D8303549D34004AD03F082
:107D700001030095096843F08003424604F157006F
:107D800015F099FA00288CD11022294604F1170029
:107D900019F01CFB18B1042008B0BDE8F0810321E4
:107DA000204614F0A3FC14F038FD0028F4D194F818
:107DB000DC300133DBB2142B84F8DC3009D10D2127
:107DC000204614F093FC1021384614F08FFC00205C
:107DD000E2E7102104F1270017F037FE003818BF42
:107DE0000120C000D8E7102104F1270017F02DFE74
:107DF00000287FF456AF05B3EB68F3B1114BE27A7C
:107E00001B88ADF81030A37CD20703F0010312D415
:107E1000002B14BF012303238DF811300023C4E984
:107E2000383338460C2114F061FCEB68D4F8EC00D0
:107E300004A99847CBE75B00EEE70220ACE700BF60
:107E4000E4130020C01B020038B5174B1B78054611
:107E500023B301F00F042846FFF74CFD134A032813
:107E60000CBF04F00B0444F0040405F5BA73127857
:107E7000BFF35B8F53E8001F013103D143E80020BB
:107E80000028F7D1BFF35B8FBFF35B8FD5F8743158
:107E9000BFF35B8F2BB144F0010038BD01F0070444
:107EA000D9E704F0FE00F8E7302C00207B06002024
:107EB0002DE9F3410D46D0F8EC600446FFF7FCFCD9
:107EC000D5F80C8098F80330073B092B074603D9F7
:107ED000062002B0BDE8F081D6F8A0305BB1251DC8
:107EE0000F21284614F07CFB80B92046FFF728FDBF
:107EF00060B1C0B2EDE7307A06F1700100F002FD2A
:107F0000C6F8A0000028EAD10820E2E70123637246
:107F1000D8F80030C4F80A30B8F80430E3810223FE
:107F2000237498F802102046FFF78EFFE074204675
:107F3000FFF7E0FC10236074237598F8043003F019
:107F40000703637598F8053003F00503A375E37C18
:107F50001B070FD598F8023018070BD505212846C6
:107F600014F0C4FB637D03F006036375A37D03F087
:107F70000403A3750521284614F032FB002851D0D4
:107F8000A34B1B78A374E37C990607D598F80230BD
:107F90009A0603D51421284614F0A8FBE37CDB07DE
:107FA00042D598F80230D8073ED50D21284614F066
:107FB0009DFBA37D84F8E830637D84F8E9300321DC
:107FC000284614F093FB052198F8008014F008FB74
:107FD00070BBB8F1040F4BD8E37AA27C1340D907E9
:107FE00044D4217BE37C194311F0040111D02046D5
:107FF000FFF780FC874B08EB8808984418F80010BE
:10800000042906D1D4F8EC30DB78002B14BF012111
:1080100002212172D6F8A010204614F0EAFA48BBDB
:10802000032056E77C4BACE700236375A375C0E7DC
:10803000237BE07C03EA0002120706D5E27A94F87B
:1080400012C042EA0C02D207E3D4B8F1040F0FD8F1
:1080500043EA000111F00401DBD02046FFF74AFC9F
:108060006E4B08EB88084344195CD2E70621D0E741
:108070000021CEE7D4F8EC309B7A032B49D037D8D7
:10808000013B012B3FF640AF0521284614F0A8FA2A
:10809000002840F0A9802046FFF70EFC0746204646
:1080A000D4F8EC80FFF708FC08F17001064698F858
:1080B000080000F001FD237A28B1427BD20702D5E7
:1080C000002B3FF421AF062B3FF61EAF01A252F862
:1080D00023F000BF43810000BD8100006D810000DE
:1080E000097F0000097F0000097F00001B8100005C
:1080F000042B7FF409AF237D627B934228BF134694
:10810000102B7FF4E5AE0521284614F069FA00280B
:1081100086D0237A002BB7D182E7002E56D0F368A1
:10812000002B53D000230A212846ADF8043014F068
:10813000DDFAF368D4F8EC0001A99847237A002B04
:1081400046D10F21284614F04BFA002840D1002FC9
:108150003ED07B69002B3BD028460A2114F0C6FA9A
:108160007B69D4F8EC0098470020B2E604210DEBBF
:10817000010017F06AFC00287FF4C6AE019B284A74
:10818000B3FBF2F102FB113301934EB133683BB103
:108190000B21284614F0AAFA336801994046984703
:1081A000019B84F84730C3F307221B0C84F8493045
:1081B0001B0A84F8482084F84A30BFE728460A2181
:1081C00014F094FA736840469847B7E7022080E6B7
:1081D0000321204614F08AFA0E2114F087FA02B027
:1081E000BDE8F04114F0FFBA237A73B90F21284695
:1081F00014F0F6F948B947B17B6933B128460A2132
:1082000014F074FA7B693046ADE70C212046E4E7B0
:10821000322C0020A4300200312C00208B300200D0
:1082200040420F002DE9F041C678012E044604D0EB
:108230006FF015042046BDE8F08114F0CAF9054638
:10824000002800F0AB80071D0421384614F0C8F95F
:10825000002840F0A6800321384614F0C1F910B17F
:108260006FF00F04E6E73146384614F0B9F90028FC
:10827000F6D12846FFF720FBD5F8EC309B7A032B8C
:10828000064642D032D8013B012B48D90B21201D94
:1082900014F0A6F90028CBD1D4F8A03083B904F1AA
:1082A0007006217A3246202000F0ACFBC4F8A00012
:1082B00030B9217A3246042000F0A4FBC4F8A000B3
:1082C000D4F8A030002BB3D0DA8912F0240FAFD04D
:1082D000A17A022923D9587BC007A9D503291ED02A
:1082E0009206A5D51B7B102BA2D118E0042BCDD173
:1082F0002846FFF7FFFA032804D1002EC6D0F36802
:10830000002BC3D0284B1B7807E02846FFF7F2FA72
:10831000032804D1002EB9D0F368002BB6D0D4F8CE
:10832000A0303BB12846FFF70BFB044670B16FF05D
:1083300068047FE7207A04F1700100F0E3FAC4F8E2
:10834000A0000028EED16FF00B0473E70B21284644
:1083500014F02AFA06460028E9D001210C3017F063
:108360002CFF092180462846FFF76EFD234688F83A
:1083700000002246314605F1EC0012F0B2FF04463F
:1083800018B130460AF07EFD54E738460F2114F04C
:10839000ADF90121284614F0A9F94BE76FF07F04ED
:1083A00048E76FF0040445E7302C0020F8B5D0F81A
:1083B000EC50D5F8A0300646041D43B902212046F2
:1083C00014F00EF9092700284BD11F2145E051BBBD
:1083D000384B0D21204614F003F91B6807469BB16A
:1083E0001C6804B10C3C53F80C3C13B139462846C8
:1083F00098474CB12346E4681B681CB10C3C002B29
:10840000F4D1F7E7002BF1D1304614F02BFB6B7B56
:10841000072B4DD16A7AAB7A9A4249D02846BDE8FB
:10842000F840FFF7FFBE0139C9B20E2998BF224AB2
:108430001B7B94BF575C092723BBD5F8A00014F021
:1084400014FF0023C5F8A0300221204614F0C8F81C
:1084500038B9072FB9D8194BD95D3A462846FDF7E8
:108460003DF90321204614F0BBF80028CCD0114B75
:108470001B68002BC8D01C6804B10C3C53F8083CA6
:108480004BB90BE00221204614F0AAF80028D4D101
:10849000DAE70C3C23B1394628469847002CB3D084
:1084A0002346E4685B68002CF3D1002BF3D1ABE7E3
:1084B000F8BD00BFD81200207C3002006B300200F3
:1084C0002DE9F0410B8A04460E46B3B3012106F1B3
:1084D0000C0017F099FEA4F1EC05E83C07460421D6
:1084E000204614F07DF840BB39780E2925D8DFF8F6
:1084F000508058F8313023B90721284614F09FFCEA
:108500001BE0284614F083FA30B90321204614F00A
:1085100067F890B10821F0E73B78318A08EBC30295
:108520001279914201D00A21E7E7314658F83330F9
:108530002846984701460028DFD10020BDE8F08199
:108540005C2502000C4B10B5186098B10B4C0C4820
:108550000DF010FEBFF35B8F54F80439BFF35B8F4F
:108560005B0607D52046FFF75BFA014610B12046AF
:1085700014F065FC10BD00BFE41300207C0B00204C
:10858000240700202DE9F34190F8E930CF68D0F8B6
:10859000EC6023F0020380F8E9303B78044623B115
:1085A000BB7903F0C003C02B70D106F1700807221D
:1085B0003946404618F00AFF88B1307A394600F053
:1085C0007BFA054658B10146204614F012F818B956
:1085D000082002B0BDE8F081284614F046FE0D21C7
:1085E000201D13F0FDFF00283CD0317A42460220C6
:1085F00014F027FE05460028EAD0F378002B3ED180
:1086000006F17E031878012825D19A7902F0C0027C
:10861000402A20D1D3F80120C5F83A20B3F805301C
:10862000EB8796F87030B3B196F8763003F0C0035C
:10863000C02B10D017496A46CDE90087FCF76EFEC3
:108640003B68C5F80130BB88A5F80530BB79EB71F4
:108650003046FDF713F82846FBF7EEFDC0B9284673
:10866000FBF7FAFD94F8E9305B0703D50A212046B1
:1086700014F03CF8B4F8E81021B10020A9E706F1A5
:108680007703BFE72046FFF791FEF6E70A20A0E751
:1086900003209EE73BCA01002DE9F04F0546A0F1FB
:1086A000E80689B004460F463046012155F8EC89AA
:1086B00014F0ADF9002800F0FD80DFB10321304651
:1086C00013F08EFF002800F0F5803846FBF72AF9FA
:1086D0000138C0B208289ABF7C4B1C5C00240221E0
:1086E000304614F003F82146284609B0BDE8F04FA3
:1086F000FFF75CBE98F80B30002B00F0DB80032105
:10870000304613F06DFF28B9284609B0BDE8F04F98
:1087100014F0A8B90521304613F062FFB8B114F87F
:10872000043C1A0707D514F8033C1B0703D5112195
:10873000304613F0DBFF14F8043C23F0080304F880
:10874000043C14F8033C23F0080304F8033C14F839
:10875000033CDF0740F1B1800621284613F0C6FF35
:108760000221304613F0C2FF2368D3F8A080B8F18D
:10877000000F00F09F80052113F032FF002865D123
:1087800014F8043CDA0761D523681A2101A8D3F84C
:10879000A07017F05AF98246002857D106212846C2
:1087A00014F002F88146002850D010210C3017F048
:1087B00004FD3A7B01A9834618F041FF387B0F285E
:1087C00005D8C0F110025146584418F046FF4946FA
:1087D0000022284613F03DFF0721284613F0E4FF4E
:1087E000814698B30A210C3017F0E7FC05AA03462E
:1087F00003CAC3F80200C3F80610BDF81C201A8093
:1088000049462846324A13F024FF0D21304613F022
:10881000E7FE0DF11409C8B10121384614F021FD1D
:1088200001AB07F1720C1A4603CA4A45CCF80000A6
:10883000CCF8041013460CF1080CF4D14B4603CBD2
:10884000BDF81C30B866F966A7F8703014F8043C1F
:108850005B072AD50A21284613F0A6FF814648B3B4
:1088600010210C3017F0A9FC1021074617F0EDF885
:1088700000BB0D21304613F0B3FE88B108214046FD
:1088800014F0EFFC3B4608F1400207F1100153F8E9
:10889000040B42F8040B8B42F9D10023C8F8503086
:1088A0000C4A4946284613F0D4FE34F8041C00292B
:1088B0003FF41AAF09B0BDE8F08F980701D5082141
:1088C0004BE759077FF54CAF0A2146E773300200AA
:1088D00095D00100A3D0010008B5074B074893F8D5
:1088E000A23003F006039A1F53425341044A137007
:1088F000FCF7C4F9002008BD000000203C03002064
:10890000302C0020F7B5214D2C46074614F8013BCA
:1089100083420E4603D1204614F08BFCA0B91C49BB
:108920001C4814F086FC88B12F703368C5F80130FC
:10893000B388194AA380B379A37113680133136014
:10894000C5F88430154B1D6010481DE0ADF80000DF
:1089500013496A460F20FCF7E1FC9DF8003093B9FB
:108960002068A288A3790090694614F8010CADF83C
:1089700004208DF80630FAF7B3FF0549054814F0D6
:1089800058FC0028D0D1002003B0F0BDF013002027
:10899000142E0200F1130020EC130020E813002035
:1089A000DD8A0000F7B50E4F04460D46164600233B
:1089B000F9893A780BB103B0F0BD0029FBD0A2428F
:1089C000F9D1084B18689A8800909B798DF8063089
:1089D00031466846ADF80420A8470123E8E700BF08
:1089E000F0130020F113002010B40B461146044A86
:1089F000D489044202D010BC1046184710BC7047FE
:108A0000F013002070B50A4CE38906462046334037
:108A10000D46114610F8012B05D0954203D114F0F4
:108A200008FC10B970BD0020FCE72046FAE700BF43
:108A3000F0130020F8B50B78012B06460C4601D048
:108A40000020F8BD8B7903F0C003402BF8D1174DFF
:108A5000EF892946BF0711F83A2B4FF0000304F1C4
:108A6000010006D5B24204D1062218F0AFFCD0B105
:108A70000023EA89297802F00202002BE0D1002AC3
:108A8000DED0B142DCD1671C0948394611F0B5FA95
:108A900001230028EDD0D4F80130C5F83A30054B59
:108AA000B4F805209A800148CBE700BFF0130020FE
:108AB0001A1400202A14002010B5074C2378834292
:108AC00007D1601C14F0B5FB002814BF204600201D
:108AD00010BD0020FCE700BFF013002038B5427B3A
:108AE000072A0C4611D1057A12F0F9FA01462846F8
:108AF000FFF7E2FF48B16378044A03EB031302EB8C
:108B0000C303984204BF0123237038BDF013002033
:108B100008B5FFF7D1FF50B1054A1368834206D06C
:108B2000044910600B6801330B60C0F8843008BD45
:108B3000E8130020EC1300202DE9F0479AB01D4601
:108B4000DDE923972E4B16460CAA84468A4603F18C
:108B5000300E904618685968144603C408337345AC
:108B60002246F7D118681B792060237161462022C4
:108B700004A814F088FB23486B46202204A914F0B3
:108B80000FFC0446C0BB102251460DF1350014F015
:108B90007AFB102231460DF1450014F074FB294692
:108BA000062211F8013B8DF855300DF1560014F0F6
:108BB0006AFB2299062211F8013B8DF85C300DF119
:108BC0005D0014F060FB4B4635224146684614F0C8
:108BD000E7FB044680B9484614F05FFB01238DF89B
:108BE000303035223B464146684614F0D9FB0446F6
:108BF00010B9384614F051FB20461AB0BDE8F08792
:108C0000C21B0200BD30020070B598B00E4614467B
:108C10000146202204A81D4614F035FB20223146CF
:108C20000CA814F030FB1022294614A814F02BFBDA
:108C300010222146684614F026FB6B46502204A9F8
:108C4000184614F0ADFB40B9039B054A1BBAB3FBB1
:108C5000F2F102FB11331C9A136018B070BD00BF13
:108C600040420F002DE9F8430F4FDFF840804FF0EE
:108C70000C0944463E460025221D2146304601355A
:108C800014F009FC042DA6F10806A4F10C04F3D19C
:108C9000A9F1040919F1040FA7F12007A8F1300880
:108CA000E7D1BDE8F88300BFF0140020AC15002028
:108CB000F0B43024104B0C274C4307FB004406460D
:108CC0000D46234452B1597A187A814204BF0131CA
:108CD000197230462946F0BC09F0E0BE9C7ADA7A77
:108CE000A24207D101329A72044B01225A54F0BCBD
:108CF00009F01ABFF0BC7047F8140020332C002094
:108D000070B505460C461E46B2B173783078C01A6D
:108D100010F0030030D10133DBB233703022042372
:108D200012FB04320C2313FB05231C4A70681A44FF
:108D3000314614F0BEFB24E017F088F90028E4D097
:108D40002146284609F0CEFE727813460028DDD071
:108D500030210C20614300FB051110480144887A42
:108D6000C97A8842D2D133789B1A9B0711D1D6E9B0
:108D700002039847002070BD0128FCD00133DBB20C
:108D80003370074B0122214628461A5509F0CCFEC4
:108D9000F0E70232D2B23270E9E700BFF8140020E7
:108DA000332C00202DE9F04FDFF82CA11AF8003009
:108DB00087B00546002B00F08780484C00EB40034D
:108DC000002704EB03143C22042312FB00330AF8AF
:108DD00000704FF0030800970293A3460023A16A96
:108DE0005BF8240F059305AA14F06AFB0646002ED3
:108DF00040D0059A92F800905378A9EB030909F046
:108E00000309B9F1010F05D1013B5370059BD3E96B
:108E100002029047059BA06A1A780393D1B2019190
:108E20005978521A02F00302012A16D0002259463C
:108E300014F04EFB039B5E60019A59785A701A78C1
:108E4000521A02F00302012A07D1244A59700299EA
:108E500030460A44194614F02CFBD4E9090105AA4E
:108E600014F02EFBB9F1010F0646C0D1B8F1000F86
:108E700023D110BB94F82E3094F82F209A4226D19B
:108E800094F82C3094F82D2008F1FF389A425FFABC
:108E900088F81CBF84F82D300127B8F1FF0FA4F12A
:108EA0000C049AD1009B7BB177B93A4629462846F3
:108EB00007B0BDE8F04F09F0F1BD0123294628466F
:108EC0000AF8053009F030FE07B0BDE8F08F84F8ED
:108ED0002F3001230093D3E7332C0020F814002017
:108EE000D0E908310B440849024608481944814238
:108EF0009FBFA3F1E873A3F5D433A3F5A5730120B5
:108F000088BF0020536270475A2B17FF592B177FD9
:108F10002DE9F843224E044608462C2104FB016843
:108F2000D8F8041001EBC00711F83010FC78651C6C
:108F3000EDB2A94298BF00257978A9422ED0796870
:108F400004EB44044FEA041C01EB04144FF0040941
:108F500001F80C906360089BA360099BE3600A9B87
:108F600023610C9BA361BDF82C30A382119B63622B
:108F70000D9BE3610E9B23620223A3700F9BA362F0
:108F8000109B6270E362FD70D8E90835984743464C
:108F900000224946A847A078BDE8F8830120FBE7F6
:108FA000B81500202DE9F04F837E8FB00446002BCA
:108FB00040F05482437E02934BB1456A034601223E
:108FC00004210420AC460FB0BDE8F04F6047436970
:108FD000C17A0893837A0122994242765CD0134485
:108FE000DBB2022B08BF0023837200EB83030792DE
:108FF000DB6800930099089B0B4423F07F43436197
:10900000237E049309F0ACF82368667A03936368BF
:1090100009930023013E0693FF230590F6B20193C6
:10902000FF2E3DD1237E049A9B1A18BF0123039380
:10903000079B002B00F0E482059B089ADDF8008076
:109040000B969B1A23F07F4B236805934FF0000982
:10905000277EFF2F0DD007EB47052B010A93059BB9
:1090600003EB0515AA68424540F22A81A2EB0802EB
:10907000AA60039A07990498237E834218BF0A4680
:1090800001990392204614F097FA25680022237E66
:10909000FF2198460191C4E1029B07930093AFE73B
:1090A000099B03EBC609D9F804A099F8030099F8C5
:1090B0000280804500F0D28099F8002008F1010379
:1090C00008EB4807DBB29A4208BF00234FEA071BB0
:1090D00089F802301AF80B200AEB0717042A79786E
:1090E000E5D901EB41052B010A93039B03EB051521
:1090F000082A6B78A878A3EB0003DBB203D83BB94E
:10910000062A00F081800121384614F04BFACCE7A2
:10911000052A6FD17A684AB9BA683AB9FA682AB9A1
:109120003A691AB97A6932F07F42ECD0012B40F0EB
:109130008B80204614F0ECF9A860D4F814B0059B9D
:10914000009AA3EB0B0323F07F43134498429DBF87
:109150006A699B18181AA0EB03086B689CBF6861CA
:109160004FF0000893B1BB8A83B1013BBB826968B1
:10917000DFF84CE2E88BBB8A884501D9984270D869
:10918000EB8BBA8A9342C0F08480AA837B68A96A79
:109190004344AB60BA686B6913446B6129B10B68D7
:1091A0001BB1D7E901329B1A4B60059A59462846F4
:1091B00014F0DAF9FA68AB691344AB613A69934287
:1091C0008CBF9B1A0023AB61BA7D1AB1EB7862F3B6
:1091D0000003EB70FB7D13B1013B85F82C30039A43
:1091E0000A99019B53547B7801936B7801336B7020
:1091F000002189E7012B25D1062A05D0204614F04D
:1092000087F9AB78A8606B70E27E7B789A42EFD1E9
:109210001AF80B30062B1CBFFF23E3761AF80B302D
:10922000062B01D0082B40D179686369CA1A100255
:109230003DD4009B22F07F42D318E2699A4288BF56
:10924000E361D5E7062ADFD004212346656A0122BF
:109250000846A847012389F802800693013EF6B22A
:10926000DEE66B6A574ADFF860C19A18624584BF30
:1092700073446B62D5E908238CBF4FF0010C4FF0AB
:10928000000C9B1A8C4401386B62A8EB0C08E88335
:1092900070E72846CDE90B13FFF722FE0B990C9BD4
:1092A000084401338044EB836AE70599BDE7009ADF
:1092B0005B1A23F07F439A428CBFD31A0023BCE78A
:1092C000A9786B78E88B5B1AE1698A42A8EB0208FF
:1092D000ABEB020B914425BF0B9AE2768A1A00226F
:1092E000E261A96AAE69DBB200293DD00A68002AB2
:1092F00030D0002E30D1022B01D100283DD00022E9
:10930000AA600A99059A525C2276696829B9AA6A04
:10931000002A6BD0127A012A68D1AB6A002B2ED0BA
:109320001B7A012B2BD1AB78C5F808806B70089B9A
:10933000616903EB090222F07F42284614F014F918
:10934000059A0A99019B53546B7801970133DBB25C
:109350006B707DE6002ED2D0022BD0D10028CED16A
:109360000A7A012A06D1CAE7002EC8D0022BC6D13C
:109370000028C4D1E776E661C1E70426F0E7EB8B6D
:109380000993C3B9B5F81CA0524600262846CDE97A
:109390000C21FFF7A5FD0D990C9A0844013A0644EB
:1093A000F4D295F82C00D8B10020099BAE6053444C
:1093B0001844E883BBE7AB786B7000229246E4E781
:1093C0004AA9D1015A2B17FF592B177F2846CDE9FF
:1093D0000C12FFF785FD0C990D9A084406441046BF
:1093E000B34500F10102F1D880B2DEE73BB1012BB9
:1093F00000D020B12B6A13B1696A01209847AB787D
:10940000A6E708EB48064FEA061B05EB061615F81B
:109410000B10B76A17B1387A012822D0CDF8048032
:109420008846B8F1FF0FECD1002A00F0ED80069BD2
:10943000002B00F0CB80237EFF2B40F05B8108F0F7
:1094400069FE0546002840F0BA81E06108F088FE18
:1094500065766061A37E002B40F0AC810FB0BDE863
:10946000F08FE369009AD6F818909A4238BFA3EBC0
:10947000020CD7E900A328BF4FF0000C534530D2AF
:10948000B9F1000FAAEB030A08BF4FF0040900234B
:10949000AAEB09001A469E460890FF2904D002EB69
:1094A00009008245059032D27A68B168521A1A448E
:1094B0007A60B36015F80B20FF23FF2A67D002EB18
:1094C00042014FEA011E05EB0111D6F808C0886879
:1094D000844559D9ACEB0000B060134615F80E2056
:1094E000EBE7B9F1000F10D1BAF1000F0DD1A44A8A
:1094F000A449A54840F6D1130FF0CDFA8AF311889C
:10950000BFF36F8F0323184602DF0023CCE701EB84
:109510004101080105EB0111079088688644886ABB
:1095200010B1007A012803D0886908B1496811B9DF
:109530000799695CB1E7B3690593BEF1040F1AD9C5
:10954000131F7344534528BF534602EB09018B4256
:1095500011D90599002900F03781B3EB090301D037
:109560009C45A1D9724413189C46089B07994FF05B
:10957000000E695C91E70599724483180029F3D1C4
:109580009C46F3E763468FE7A0EB0C008860FF2B57
:1095900015D0019A15F80B10FF2A17BFBDF904204A
:1095A000217602EB420212011BB203EB430318BF08
:1095B000A9541B01EA5C05F80B2005F80380F38B26
:1095C000013BF38302233B72012260E501230393F5
:1095D00063680893637A013B5FFA83FBBBF1FF0F7B
:1095E0001AD0089B03EBCB09D9F80430009399F803
:1095F000015099F80330AB4215D10BF1FF33EBE783
:109600000199204613F0D8FF237E049A93427FF4F9
:109610000EAF069B002BDBD0039B002B7FF40BAF20
:10962000039B637616E705EB4505009A2B0102EBD9
:109630000515D35C012B23D0022B29D16B682A6935
:109640000193D5E902130792019A059312780598C0
:109650006B690693FF2AAB69D4F800A0D0F80080AC
:10966000666902D00868B0421ED0277E0E604FF0B7
:109670000008FF2F1ED1019B1F70059BC3F80080BF
:109680004FF00003AB70AB6A13B1E96A0020984752
:1096900099F8013099F800200133DBB29A4208BFF3
:1096A000002389F80130A2E702EB420212011AF806
:1096B0000270DEE707EB4706320109920AEB061655
:1096C000069AB16962B1B268DDF818C00A934244E3
:1096D0003846E0470A9B28B9B2689044099AE6E701
:1096E0000029F9D0079AB36812B10799726A0A6023
:1096F0009844C0E7049BFF2B06D108F031FD0546D6
:1097000008F0FAFC00B96561237E226803EB43038D
:1097100002EB03129568002D4BD008F021FDDFF815
:109720006C90DFF864A080460A276169A8EB01020B
:1097300022F07F42954207F1FF3742D90332AA4215
:109740002CBF01EB020B01EB050B2BF07F4BA26A48
:109750005846904708F004FDA0EB080222F07F4233
:10976000ABEB080B03322BF07F4B5A4506460FD864
:1097700000236376A37E029A1A433FF46FAE19E08A
:10978000CD3002000C310200C32E02001142020053
:109790006FB9134A40F62643494650460FF07BF90D
:1097A00087F31188BFF36F8F0323184602DFB0469B
:1097B000BBE76576656A23460122032101E40023A5
:1097C0002FE701230293D3E7BCF1000F04D0A3EBF2
:1097D00009039C457FF6D6AE72441318D0E600BF4D
:1097E000CD300200F8B5089F1C46069B10B101263B
:1097F0003046F8BD134D9DF81C6029722A606C72CA
:109800006B60013CE4B2FF2C0FD1002EEFD1099B1D
:109810002B620A9B6B620B9BAB622C7608F0A0FC60
:109820006E816861EC76EE61E2E703EBC40257609B
:1098300013F8341001EB410207EB0217721AD6B28B
:10984000DFE700BFB8150020044B2C2202FB0033D9
:10985000187A003818BF0120704700BFB8150020E3
:1098600010B4074B2C2202FB00314C6A34B10B467A
:10987000A446012210BC03210220604710BC70479F
:10988000B81500202DE9F041224E04469C462C23B9
:1098900004FB03680846D8F8043003EBC00713F84C
:1098A0003030FC78651CEDB2AB4298BF00257B7868
:1098B000AB4211462CD07A6804EB440423014FF0EC
:1098C000050E02EB041402F803E0069BA360079B5D
:1098D000E360089B2361BDF82430A3829DF8283003
:1098E000A3759DF83430E3750223A3700B9BA3622C
:1098F0000C9B6170C4F804C0E362FD70D8E90835C0
:109900009847434600220421A847A078BDE8F0818B
:109910000120FBE7B81500202DE9F0411A4E04465E
:109920009C462C2304FB03680846D8F8043003EB5C
:10993000C00713F83030FC78651CEDB2AB4298BF1D
:1099400000257B78AB4211461BD07A6804EB4404B7
:1099500023014FF0070E02EB041402F803E0022388
:10996000A370069B6170C4F828C0E362FD70D8E95B
:1099700008359847434600220421A847A078BDE84F
:10998000F0810120FBE700BFB81500202DE9F04170
:109990001B4E04469C462C2304FB03680846D8F85B
:1099A000043003EBC00713F83030FC78651CEDB2CF
:1099B000AB4298BF00257B78AB4211461DD07A6838
:1099C00004EB440423014FF0080E02EB041402F8E8
:1099D00003E00223A370069BA362079B6170C4F897
:1099E00004C0E362FD70D8E9083598474346002279
:1099F0000421A847A078BDE8F0810120FBE700BF63
:109A0000B815002001480021704700BF7F410100C8
:109A100038B5054600200C4614F0C4F968B955B1B4
:109A2000074B24B122681A60A2889A8001E01C606A
:109A30009C80002038BD034BF3E70C20FAE700BF01
:109A4000372C00203D2C00200128024605D8044B6D
:109A50000448002A18BF184670470020704700BF0E
:109A6000372C00203D2C0020012838B50C4D044631
:109A700011D12B88052B0ED90A4A0B490B4840F20D
:109A80008D630FF008F8002383F31188BFF36F8F05
:109A90000323184602DF2B881C442C8038BD00BFEE
:109AA00078160020623102009D310200C32E0200B0
:109AB00010B5044616F002F870B11C4A1C491D4846
:109AC00040F62C130EF0E7FF002383F31188BFF359
:109AD0006F8F0323184602DF16F066F870B1134A41
:109AE0001349144840F631130EF0D5FF002383F3D9
:109AF0001188BFF36F8F0323184602DF16F044F975
:109B000070B10A4A0A490B4840F63D130EF0C3FFF4
:109B1000002383F31188BFF36F8F0323184602DFFE
:109B20002046BDE810400CF025BB00BF62310200AA
:109B3000DD310200C32E02002DE9F84F284E0B78CC
:109B4000924696F84020072B88BF13469A458046D8
:109B5000894643D05D1CEDB2082D06EBC30736F8ED
:109B60003330038008BF002500244FF0010B122280
:109B7000786850B3FF280BD9037903F00303013B46
:109B8000012B27D912237B6002F00EFF122202E084
:109B900001281CD07A6089F8005096F84030072DD3
:109BA00098BF2B469A450DD05D1C1BB2EDB236F81E
:109BB000331006EBC307B8F80030082D08BF0025A6
:109BC0009942D5D02046BDE8F88FC7F804B00134DB
:109BD000E4B2E0E70134E4B20123D4E70024F1E782
:109BE00010160020086001480CF0C4BAE41B0020E5
:109BF000014813F00CBC00BF7C160020014913F093
:109C000017BC00BF7C1600202DE9F8432C4EDFF86E
:109C1000B4903388DFF8B0809842054688BFDDB243
:109C2000002D3FD099F8154099F814300134E4B272
:109C3000052C08BF0024A3422ED1244FDFF88880D2
:109C400033887BB37C7B3B7B0134E4B2032C08BFBD
:109C50000024A34226D0404613F0D9FB054608B3A2
:109C60001B4813F0D4FBF8B9284604E0184813F059
:109C7000CEFB20B93846BDE8F843FFF7BFBF076009
:109C800099F8153049F82300338889F81540013BCD
:109C9000013D3380EDB2C3E7404613F0B8FB074601
:109CA0000028E3D1BDE8F88300236B6005607B7B6F
:109CB00047F8230033887C73013B3380C0E700BF43
:109CC00078160020F41900207C1600205816002079
:109CD000D0160020014813F09ABB00BFD016002018
:109CE000014913F0A5BB00BFD01600202DE9F347B2
:109CF000264FDFF89C8005460C4600232B60D7E9F1
:109D0000000101AA13F0DCFB0646B0B3019B4146FB
:109D10001A782046FFF710FF60BBDFF8789099F8BB
:109D200040308DF8013099F8412082460DF1010153
:109D30000DF10200FFF700FF4AEA000212F0FF02F5
:109D4000F1D1019B93F80490B9F1010F10D139467C
:109D5000786813F0BDFB3046FFF750FF4846FFF729
:109D600083FE0198FFF7BCFF4846FFF74DFFC4E7AD
:109D70002B60104602B0BDE8F0870649204691F8F6
:109D800041204031FFF7D8FEF4E700BF68160020FD
:109D90005016002010160020F7B5564900234868D9
:109DA000019301AA13F094FB044668B9524A53493F
:109DB000534840F20F430EF06EFE84F31188BFF358
:109DC0006F8F0323184602DF2046FFF717FF019B22
:109DD0001C79172C14D00ED8002C7CD0032C0DD05D
:109DE000454A4849464840F245530EF054FE002388
:109DF00083F3118878E0183C052CF1D803B0F0BD4E
:109E00001A7F3C2A3ED19E68D6E900546CB93A4A82
:109E10003D493B4840F285430EF03DFE84F31188F6
:109E2000BFF36F8F0323184602DF00277760E36ECE
:109E30006BB1314A354932484FF491630EF02BFE35
:109E400087F31188BFF36F8F0323184602DF04F1F5
:109E5000600104F15C0013F021FB064668B9264A54
:109E60002B49274840F28B430EF015FE86F31188EC
:109E7000BFF36F8F0323184602DF2068E66602F007
:109E800009FD05E05C7FBCB19B681D68686E70B918
:109E900095F86A306FF3000385F86A30002013F0FC
:109EA00081FF10F0FF00A9D105F0B4FFA6E7002361
:109EB0006B66FFF715FFEBE70F4A1249104840F2B7
:109EC000CC430EF0E8FD84F31188BFF36F8F0323BA
:109ED000184602DFE2E7084A0E49094840F24153BA
:109EE0000EF0D9FD84F31188BFF36F8F032318465A
:109EF00002DF83E768160020623102007536020037
:109F0000C32E0200DF410200E2310200EB31020009
:109F1000033202000D3202002DE9F047484E04687A
:109F2000DFF82081484F05462CB92C60BDE8F0478A
:109F3000FF20FFF769BE2379D4F80090172B2FD0AC
:109F400012D8B3B1032B14D0404940F2816332469A
:109F500038460EF0A0FD002383F31188BFF36F8F06
:109F60000323184602DF21E0182B33D0193B042BC2
:109F7000EAD894F804A0BAF1000F0DD140F2FF53D3
:109F80003246414638460EF086FD8AF31188BFF30B
:109F90006F8F0323184602DF0120FFF765FD02E003
:109FA000237F3C2B04D12046FFF79AFE4C46BBE7AB
:109FB000002BDED0224A2649234840F2A9530EF056
:109FC0006AFD002383F31188BFF36F8F03231846C4
:109FD00002DFCEE7B4F806A0BAF1000FE6D1504692
:109FE00002F0D4FCD0F8883004466BB1144A194909
:109FF00015484FF4CE630EF04EFD8AF31188BFF37F
:10A000006F8F0323184602DF04F17C0104F178000E
:10A0100013F044FA824668B9094A0F490A4840F2E7
:10A0200073630EF038FD8AF31188BFF36F8F03233B
:10A03000184602DFC4F888A0204602F02BFCB5E7E2
:10A04000623102003B320200C32E0200DF410200F7
:10A050002F3202006232020075360200034B044ABE
:10A0600093F841300B7013F024BA00BF1016002093
:10A070006C160020014B18680CF07CB8E01B002027
:10A0800010B50B490A7B4B7B9A4205D89C1AE4B267
:10A09000A04209D9002006E003339B1ADBB29842A4
:10A0A000F8D851F8220010BD9A42FAD1F2E700BF69
:10A0B00058160020074A137B517B994208D052F86A
:10A0C00023000133DBB2032B08BF00231373704757
:10A0D000002070475816002038B5124A92F84140C7
:10A0E00092F84050631CDBB2082B08BF00239D424E
:10A0F00010D10D4A0D490E4840F2E7630EF0CBFC3B
:10A10000002383F31188BFF36F8F0322104602DF11
:10A110001B80FFDE02EBC40522F83400696082F880
:10A12000413038BD10160020623102002C38020088
:10A13000C32E0200002208B511460A4B0120FEF78B
:10A14000DFFD70B1084A0949094840F206730EF074
:10A15000A2FC002383F31188BFF36F8F03231846FB
:10A1600002DF08BD74030020623102007A3202006F
:10A17000C32E0200022810B50C4602D00B68022B39
:10A1800007D004484FF0FF324FF0FF330CF016F8C1
:10A19000206810BDE41B0020024B1A6802B9186049
:10A1A000186870470C160020054A0346106830B145
:10A1B00083424FF0000301D1136070471846704787
:10A1C0000C160020014B1868704700BF0C160020C9
:10A1D000024B1A6802B918601868704754160020BC
:10A1E000054A0346106830B183424FF0000301D1A5
:10A1F000136070471846704754160020014B1868CA
:10A20000704700BF5416002030B505682B7887B022
:10A2100004461BB96FF0770007B030BD0122002162
:10A22000684616F0A2FD124BC5F818D06B612B786A
:10A23000002BEFD00F4B0022114603209C60FEF74D
:10A240005FFD70B10C4A0D490D4840F2BE730EF02F
:10A2500022FC002383F31188BFF36F8F032318467A
:10A2600002DF4FF40042002368460BF0A7FFD3E75C
:10A2700049DB010064030020623102007A320200EF
:10A28000C32E0200F0B5064685B008461446FFF717
:10A2900083FF81420D4604D06FF02D04204605B0A7
:10A2A000F0BD022303AF03930321114B0097324605
:10A2B0000020FFF731FB3946FFF75CFF38B1284635
:10A2C000FFF772FF8542E7D16FF07704E6E720469B
:10A2D000FFF79AFF04462846FFF766FF8542DBD169
:10A2E000002CDBD014F1780F08BF0024D6E700BFA4
:10A2F000E59B000010B50B490A7D4B7D9A4205D8BD
:10A300009C1AE4B2A04209D9002006E005339B1A4A
:10A31000DBB29842F8D851F8220010BD9A42FAD127
:10A32000F2E700BFF4190020074A137D517D9942DE
:10A3300008D052F823000133DBB2052B08BF0023FD
:10A340001375704700207047F419002038B50C468B
:10A35000054602F03DFD207021462846024ABDE830
:10A36000384013F0A6B800BF741600200122024B3B
:10A3700011460020FEF7C4BC540300202DE9F04331
:10A38000174E96F80141651CEDB2082D8C4696F8E3
:10A39000001108BF0025A94286461ED006EB4414D2
:10A3A000A04602F1100910685168474603C70832F9
:10A3B0004A45B846F7D1C4E9043E9DF81C20237FE6
:10A3C000C4F818C002F0010223F0030313432377FB
:10A3D00086F801512046BDE8F0830024FAE700BF6B
:10A3E000DC1A0020054890F8003190F801219A42CB
:10A3F00014BF00EB43100020704700BFDC1A0020A0
:10A40000024600780B4B072888BF93F8000193F8A9
:10A41000011188BF10701078814208D0411CC9B268
:10A42000082908BF002103EB40101170704700207D
:10A43000704700BFDC1A00202DE9F74F0190FFF7AD
:10A44000D1FF044698B903B0BDE8F08FBBF1000F0F
:10A4500005D0002D08BF4D465FE0CA465DE0CB4603
:10A460005BE04FB9E3685B45EDD0AB425EE00025B1
:10A470000A26AB462F46AA46237FD4F80C90C3F396
:10A48000400803F0010300936EB9294A29492A487C
:10A4900040F644030EF0FFFA86F31188BFF36F8F86
:10A4A0000323184602DF013EF6B2B8F1000F15D1C2
:10A4B000224B01989C6042464146FEF721FC68B160
:10A4C0001B4A1F491C4840F653030EF0E4FA88F378
:10A4D0001188BFF36F8F0323184602DF194991F8E3
:10A4E000003191F801219A4206D00133DBB2082BEA
:10A4F00008BF002381F80031FFF774FF04460028ED
:10A50000A1D0B8F1000FB7D1009B002B9ED1BAF1BA
:10A51000000FA2D0002F08BF4F46237F9A07ABD46D
:10A52000DB079ED4E36853458DD0BB42A4D18AE7B4
:10A53000623102007F320200C32E02004403002079
:10A540007A320200DC1A0020054B1A7D597D9142B7
:10A5500004D053F8220010B10C307047002070472F
:10A56000C41A002010B50E4A0146137D507D984252
:10A5700008D052F823400133DBB2052B08BF00237B
:10A58000137514B90024204610BD002320682360F1
:10A590000223A1602371214613F002FBF3E700BF01
:10A5A000C41A00207FB5314C314D324E04220023B5
:10A5B000A382A8182B46242112F010FF0422B01801
:10A5C0003346082112F00AFF0420CDE90260CDE9EC
:10A5D000004504F11503227D052113F0E8FA264B0E
:10A5E0000822181D642112F0F9FE244B0A22181DBE
:10A5F000082112F0F3FE214812F009FF044668B961
:10A600001F4A2049204840F607130EF044FA84F30D
:10A610001188BFF36F8F0323184602DF1B4A2046C1
:10A62000111F12F038FF154812F0F1FE044668B908
:10A63000134A1449144840F60E130EF02CFA84F312
:10A640001188BFF36F8F0323184602DF104A20469C
:10A65000111F12F020FF0F4B0622FF201A80FFF778
:10A66000D3FA05F0AFF9002004B070BDC41A002081
:10A67000301A00200C1A0020D01600207C16002072
:10A680006231020075360200C32E020074160020EB
:10A690006C1600207816002010B52B4B2B4C186040
:10A6A00086B007F01BFD23781BB9FEF7DBFA012308
:10A6B0002370274A05211172022111741176042397
:10A6C0002449137005912449049124490391244994
:10A6D00002910D21CDE900210020224A0621FFF739
:10A6E00081F870B1204A214921484FF417730EF0C8
:10A6F000D2F9002383F31188BFF36F8F0323184629
:10A7000002DF012200211B4816F02FFB06F028FB78
:10A710000446B0B9FFF746FF044690B915F042FA77
:10A72000044670B913F032FB044650B915F022FB11
:10A73000044630B913F05CFD044610B9012005F061
:10A7400031FB204606B010BDE01B0020432C00204A
:10A750006C1E002077000200D52B0100792B010030
:10A76000FC1B00208C1E002062310200DD31020043
:10A77000C32E0200E41B002010B586B013F00DFBC1
:10A7800070B13E4A3E493F484FF442730EF083F9A0
:10A79000002383F31188BFF36F8F0323184602DF72
:10A7A00002F08CF970B1354A354936484FF44D7393
:10A7B0000EF071F9002383F31188BFF36F8F032329
:10A7C000184602DF0024304B2046A3F8404005F035
:10A7D000E9FA2E4BA3F800412D4B9C822D4B9C8116
:10A7E00001222146684616F0C0FA2B4B224621462C
:10A7F0000320C3F808D0FEF783FA68B11F4A27493F
:10A80000204840F263330EF046F984F31188BFF319
:10A810006F8F0323184602DF4FF0FF324FF0FF33F4
:10A8200068460BF0CBFC01F0C7FD70B1134A144928
:10A8300014484FF45C730EF02EF9002383F3118853
:10A84000BFF36F8F0323184602DFFFF7ABFE70B133
:10A850000A4A0B490B4840F27D330EF01CF90023E5
:10A8600083F31188BFF36F8F0323184602DF0021A3
:10A87000012006B0BDE81040FFF7CAB862310200FF
:10A88000DD310200C32E020010160020DC1A002069
:10A89000F41900205816002084030020843202009E
:10A8A0002DE9F043724EDFF8CC8189B0D6E9000182
:10A8B00005AA12F005FE0446002800F0C880059D98
:10A8C0006DB96D496D4840F6D91342460EF0E3F874
:10A8D00085F31188BFF36F8F0323184602DF059BB2
:10A8E00006AA18780DF1120102F08EFA05460598B5
:10A8F0003DB1069BBDF8121000782A4613F026F9E8
:10A90000D4E707900379032B00F08C8013D8012B38
:10A9100015D0022B1AD0574A5949584840F671337E
:10A920000EF0B9F8002383F31188BFF36F8F032370
:10A93000184602DFBAE7172B6AD0182BEBD14C4927
:10A940007068002212F0C4FD07997CE02A4648494D
:10A95000706812F0BDFD079FBD68ADB12B7803F0A4
:10A96000FF096BB9434A4749444840F681330EF02A
:10A9700092F889F31188BFF36F8F0323184602DF23
:10A980002B78013BDBB22B703B7B23B1012B2FD10A
:10A990003846F6F701FA4FF0000987F80C90CDE938
:10A9A0000147394A009202F115030521127D042066
:10A9B00013F042F987420DD02E4A34492F4840F611
:10A9C000DF330EF068F889F31188BFF36F8F03232C
:10A9D000184602DF002D3FF469AF2B78002B7FF47F
:10A9E00065AF6B69002B3FF461AFA86998475DE7DD
:10A9F000204A2349214840F6D8330EF04CF8002372
:10AA000083F31188BFF36F8F0323184602DFC2E779
:10AA1000174970682A4612F05BFD0799204602F03C
:10AA200099F843E707A9204613F0E4FB1049706842
:10AA30002A4612F04DFD079900293FF437AF0B79F4
:10AA40002C2B3FF433AF204613F09EF82EE707AAD5
:10AA500006A90DF1120002F0C1F9024628B1079BC8
:10AA6000BDF818109DF8120048E709B0BDE8F08362
:10AA70007016002062310200B9380200C32E0200B5
:10AA8000DF4102008C320200C41A0020A132020011
:10AA900007B501220192027F02F0010200920269D1
:10AAA0000346D0E9050106F0C7FA78B177300DD03A
:10AAB000084A094909484E230DF0EDFF002383F3AE
:10AAC0001188BFF36F8F0323184602DF03B05DF8D0
:10AAD00004FB00BFB1320200F3320200C32E0200B9
:10AAE0002DE9F347DFF8D0800769DFF8D090DFF871
:10AAF000D0A006464FF0FF324FF0FF3340460BF038
:10AB000007FB0028F6D043790190042B28D84BB3DB
:10AB1000022B37D10022002301210020F8F7DCFCB2
:10AB2000044618B10146019800F00AFF019B00227B
:10AB30001A6001A8FFF7F0F9002CDBD0204615F0D1
:10AB4000FFFA21460546002015F020FB2B8A04461B
:10AB50006BB33B682946304698470BF0F1FFEBE7B3
:10AB6000052B17D0174840F212234A4651460DF0E4
:10AB700092FF002484F31188BFF36F8F03231846DC
:10AB800002DFD3E74FF0FF324FF0FF330120F8F739
:10AB900093FCC5E74FF0FF324FF0FF330320F8F787
:10ABA0008BFC04460146019800F08EFEBEE7284665
:10ABB00008F068F9D1E700BFB01F0020073302009A
:10ABC000DF410200C32E020073B50B8A06460D4614
:10ABD00063B30B7E9BB1022B28D101A9284600F05C
:10ABE000F3FD0199044611B1304613F045F81CB944
:10ABF000284608F047F90024204602B070BD01A99C
:10AC00002846019300F012FA01460028F0D03046A1
:10AC100013F032F8019C002CEAD0204613F06EF8B5
:10AC200060710199034816F087F8E1E76FF01504A9
:10AC3000E2E700BFB01F00202DE9F7432D4FDFF8FA
:10AC4000B88005460DF1020101A8FFF74FF8044650
:10AC500000283AD1019B83B3FFF79EF8019E30464E
:10AC600013F04CF87071019E7379032B1ED1337968
:10AC7000B6F80690182B19D121464FF0FF324FF04D
:10AC8000FF330520F8F728FC49460446024606F142
:10AC90001C0000F0F5FD484600F00EFE34B12846D9
:10ACA000214612F0E9FF204608F0ECF801994046F1
:10ACB00016F042F8019B002BC4D14FF0FF324FF049
:10ACC000FF3338460BF07AFABCE74FF0FF334FF012
:10ACD000FF3200211320F8F7FFFBBDF802100646F3
:10ACE000224612F0F7FF3146284612F0C5FF0BF05E
:10ACF00027FFA7E7C81F0020B01F002010B5046978
:10AD000012F093FF70B10C4A0C490D4840F27933B0
:10AD10000DF0C1FE002383F31188BFF36F8F03236F
:10AD2000184602DF0748F8F729F80748F8F726F829
:10AD30000020206010BD00BF07330200DD3102009B
:10AD4000C32E0200680D0020F00C0020F0B505466F
:10AD5000076989B00E461F4815F0C3FF4FF0FF3258
:10AD600000211D4816F001F81B48FFF795FC04462A
:10AD700060BB3E6001F002F8002600276FF0090377
:10AD8000CDE90243CDE90667CDE90054134B1449E0
:10AD900004944FF4E07213480BF0A6FC12491148DA
:10ADA00016F002F96FF00703CDE90243CDE906671B
:10ADB000CDE900540D4B0E4904944FF440720D48F8
:10ADC0000BF092FC0C490B4816F0EEF8204609B047
:10ADD000F0BD00BFB01F0020C81F002039AC00002C
:10ADE000483B0020680D002047330200E1AA000024
:10ADF00048380020F00C00205133020010B50BF051
:10AE000063FE054C204615F078FF204615F069FFDB
:10AE1000BDE810400BF06CBEB01F002038B5074BEA
:10AE20000546012118880FF059FD012104460C3018
:10AE300015F0C3F90570204638BD00BF7C2B0020FB
:10AE4000024B014618880FF05BBD00BF7C2B002031
:10AE5000F8B51D460C4B1B681B0604460F461646EC
:10AE600011D508213046042212F011FF042106F109
:10AE70000C0015F0A2F914B9002D08BF1F240470AE
:10AE8000A0F80170C570F8BD78010020F8B505463E
:10AE900018460F4B5B6816469A000C464FF00007A9
:10AEA00011D50C4B1B681B070DD50B22042112F08A
:10AEB000F8FE0570A0F80160C21C2DB96368C0F8E7
:10AEC0000330A3685360F8BDC0F803705760FAE719
:10AED000780100207001002038B5064B054618881F
:10AEE0000C460FF0FBFC286021460C30BDE83840D2
:10AEF00015F063B97C2B0020F0B5013887B01446FB
:10AF0000112800F28E80DFE800F00922328C8C6379
:10AF10008C3E6C798C8C8C8C8C8C8C8510460D21A5
:10AF2000FFF7DAFF02224270C27003228271072209
:10AF30000023C27163220370837003714371037233
:10AF400042728372C3720373002007B0F0BD4121C7
:10AF50001046FFF7C1FF002104463E2200F8031B04
:10AF600016F07BFBA72363700323A370ECE7104666
:10AF70000921FFF7B1FF0346002203F8012BC0F8B7
:10AF800001205A60E0E7284B01AA03F1100715469B
:10AF900018685968164603C60833BB423246F7D1D3
:10AFA0001B88338013212046FFF796FF03460022BB
:10AFB00003F8012B2A4605AD144603CCAC421860B9
:10AFC0005960224603F10803F6D122881A80BBE7B4
:10AFD000C9680020FEF71CFD0020FFF71FFF20605E
:10AFE000B2E718211046FFF777FF0023044601213E
:10AFF00000F8023B14F059FF6070A5E721211046CC
:10B00000FFF76AFF0146002301F8113B013014F0FD
:10B01000A2FF99E7CB68DA789978188814F0A9FC30
:10B02000DBE76FF0150090E769330200F0B58DB0F3
:10B0300000230793038A022B044602D800200DB098
:10B04000F0BD03210C3015F0DFF8228A83789A4294
:10B05000F4D30388894AC3F309001380C3F385231B
:10B06000082B0DD87BB1013B072B0CD8DFE813F080
:10B070000D000B001E008E000B000B000B001001DA
:10B080003F2B00F0988301200DE0062806D01D28F4
:10B09000F9D1E368188813F007F804E0E3689978B9
:10B0A000188801F0BFFCFFF7CBFE11E0632842D007
:10B0B00010D8032821D02D2842D00128E3D1E06800
:10B0C00012F004FE6E4BC3E900010020FFF7A6FE5C
:10B0D00007902EE07B2846D07C28D4D1E3681D88D9
:10B0E0005988A8B213F06EF80446032107A8FFF7A9
:10B0F000F3FE0470A0F801501BE0614B4FF0FF30ED
:10B1000041F6FF71C3E900015E4B00200021C3E955
:10B1100000015D4B1F200021C3E90001FFF72CFB5C
:10B120000020FFF77BFE594B079000221A60FFF7C3
:10B1300065FE079883E7E06812F0C8FD514BC2E74F
:10B14000E368042107A81D889F78FFF7C5FEAEB20B
:10B150000446C31C3A463146022012F0D9FC207046
:10B16000A4F80150E5E7E3681D8808A9A8B213F028
:10B1700015F80521044607A8FFF7AEFE0470A0F8F5
:10B180000150BDF82030A0F80330D2E7013808287C
:10B190003FF679AF01A353F820F000BFC1B1000022
:10B1A000EBB1000049B2000087B0000087B000009A
:10B1B00087B0000087B0000087B0000065B20000D3
:10B1C000092107A8FFF788FE002303708370C3706E
:10B1D0006FF00E030D2243710523837142700271DB
:10B1E0004FF0FF33C3710372A3E7412107A8FFF7B4
:10B1F00073FE002104463F2200F8021B16F02DFAD0
:10B200002822E27302222274F722A27622773022C9
:10B21000C023C32184F82120F022A371E176042306
:10B220000E2184F82220F922E372E375617784F815
:10B23000232020217F2284F828308023617084F825
:10B24000242084F8273074E7092107A8FFF744FE7B
:10B250000346002203F8012BC0F801205A60602346
:10B26000437166E7072107A8FFF736FE0146002075
:10B2700001F8010B12F05FFC5BE700BF7C2B0020A4
:10B2800078010020E00D002070010020E01F002068
:10B2900001384D283FF6F7AE01A353F820F000BF68
:10B2A000D9B30000E3B30000FBB3000087B0000097
:10B2B00039B40000E1B40000FDB400000DB5000099
:10B2C00019B5000025B5000087B0000087B0000068
:10B2D00087B0000087B0000043B4000059B40000FC
:10B2E0005FB4000067B400006DB5000087B00000D7
:10B2F00049B5000063B500006FB40000A5B40000BC
:10B3000087B000002FB500003FB50000BBB40000BF
:10B3100087B0000087B0000087B000008BB5000048
:10B32000ABB50000BDB50000CDB50000F7B500001D
:10B3300087B0000087B0000005B7000013B7000019
:10B340001BB7000021B7000033B700005BB7000057
:10B3500081B700008BB7000005B6000041B60000C1
:10B360008FB60000ADB6000087B0000087B00000C7
:10B3700087B0000087B0000087B0000087B00000F1
:10B3800087B0000087B0000087B0000087B00000E1
:10B3900087B0000087B0000087B0000087B00000D1
:10B3A00087B0000087B0000087B0000087B00000C1
:10B3B00087B0000087B0000087B0000087B00000B1
:10B3C00087B0000087B000009FB7000087B0000082
:10B3D00087B0000095B70000E06812F077FCC04B22
:10B3E00071E6042107A8FFF777FD002303701B22F5
:10B3F000837003234270C3709BE6092107A8FFF7FF
:10B400006BFD0346002203F8012BC0F801205A60AF
:10B410000446FEF7F7FAC0F307236070A370000C30
:10B42000C1F307236171090CE070E171000A090A98
:10B430002071A37121727CE6E1680120FEF7E8FA31
:10B4400044E6022107A8FFF747FD002303700446E6
:10B4500014F0E1FA60706CE614F0DFFA36E6E068AA
:10B4600004F08CFE32E6E06804F008FC2EE6E068AA
:10B47000002308AA00F1100114F001FE112107A811
:10B48000FFF72AFD0346002203F8012B0CAD08AAA2
:10B49000144603CCAC4218605960224603F10803FD
:10B4A000F6D146E6092107A8FFF716FD002300F8AC
:10B4B000013B082105F084FC3BE6092107A8FFF7C2
:10B4C0000BFD8F224270CC2282703022C270EC229F
:10B4D0000271C0220023427101220370827181E651
:10B4E000E468A57BA3796279217920880295657B40
:10B4F00001950734009400F085FEE7E5022107A8D6
:10B50000FFF7EAFC00230370437012E6E16811F8CC
:10B51000010B01F033F8D9E5E16811F8010B01F0F6
:10B5200035F8D3E5E3681878F5F7A2F9CEE5E268D7
:10B5300032F8025B0021A8B214F009FAD4E5E368FE
:10B5400000221D880621F6E7E368082107A81D8868
:10B55000FFF7C2FCAEB20446C11C304612F077FDC4
:10B56000FDE5E368188812F088FD9CE5E16800229B
:10B570004B88088803920C890294CC8801948988AE
:10B580000091114612F030FD8DE5E16800220D8832
:10B590004B88039208890290C8880190898800919D
:10B5A0000221A8B212F020FD9EE5E3681D889A787A
:10B5B0000023CDE90233CDE90033F1E7E3681D88CC
:10B5C0009A885988A8B212F085FD8DE5052107A853
:10B5D000FFF782FC08A904460DF11A0001F04EFAAB
:10B5E000BDF81A30A4F80130BDF82030A4F80330BB
:10B5F000002323709DE5E3685988188801F04AFA12
:10B60000C0B263E5092107A8FFF766FC08AB044652
:10B610000DF11A0206A90DF1160012F07BFDBDF81E
:10B620001630A4F80130BDF81830A4F80330BDF886
:10B630001A30A4F80530BDF82030A4F80730D7E759
:10B64000E368052107A81D88FFF746FCAEB2044653
:10B65000021DC11C304612F066FDE2782070002AFF
:10B6600092FAA2F3B3FA83F32279A4F8015008BF47
:10B670004FF0FF330133E370002A92FAA2F3B3FADA
:10B6800083F308BF4FF0FF330133237151E5E368C3
:10B690001A78D10744BF07215970920744BF072287
:10B6A0009A709978587801F0FFF90FE5E368997876
:10B6B0001888B3F80540CF0742BFDA7842F003029A
:10B6C000DA708E0748BF1A79D97844BF42F0030276
:10B6D0001A711B7941EA0302032A03D91120E2E41B
:10B6E000700100204D0701D05A0701D11220DAE481
:10B6F00014F003021CBF04F1FF3404F0010212F045
:10B7000026FDD0E4E06800F11702C11D04F08AFDB7
:10B71000DCE4E06804F032FED8E414F08CF9D5E4FF
:10B72000022107A8FFF7D8FB044614F082F96070E5
:10B730005EE7E368186808909A889B798DF8263050
:10B74000072107A8ADF82420FFF7C6FB0446411CDB
:10B7500008A804F0A9FE2070EBE4E36818680890DC
:10B760009A889B798DF82630072107A8ADF8242008
:10B77000FFF7B2FB0446411C08A804F0B5FEEAE757
:10B78000E368187804F0F2FAA0E4E368188804F09B
:10B7900001FB9AE4E068C17904F0C0FE96E403215D
:10B7A00007A8FFF799FB0146002301F8023B01308F
:10B7B00012F0BDF9BDE407AA2146FFF79DFB163044
:10B7C0003FF461ACB5E400BF2DE9F04700230B6006
:10B7D000038A032B05460F4635D904210C3014F09B
:10B7E00013FD2B8AB0F80280B0F8009043452AD3AD
:10B7F000B8F11B0F27D801F0D1F84FEA1936B2463D
:10B800000446D0B91D4B1B689B0112D54FF0FF3386
:10B810004FF0FF320120F7F74FFE012238601A2166
:10B8200012F035FA386801210C3014F0C6FC0123FF
:10B8300003706FF06800BDE8F0875FEA9A0A02D1F2
:10B8400026B1012E03D06FF01500F4E7022623790C
:10B8500084F8058066F301032371E9684246E01D20
:10B8600015F0EDFE2146C9F30B0001F0A3F8002806
:10B87000E1D0204601F098F8E5E700BF780100200C
:10B8800070B50C4B1B68DB0605460E4614460FD5FB
:10B8900004220521204612F0FAF9042104F10C00DB
:10B8A00014F08BFC00230370A0F801602B78C370A8
:10B8B00070BD00BF78010020024A1368013B13608D
:10B8C000704700BFE01F002070B5037FC68803F0FB
:10B8D0000303013B012B04461CD801F10C0528464B
:10B8E000042114F06AFC237F03F00303022B0CBF36
:10B8F00046F4005646F480560680637F4380617F9D
:10B90000284614F05AFC627F04F11F01BDE8704024
:10B9100015F095BE074A0849084842F2CD230DF0BC
:10B92000BAF8002383F31188BFF36F8F03231846FF
:10B9300002DF70BD7B330200DF410200C32E020034
:10B940002DE9F0430379C688032B85B004460D46E4
:10B9500000F11C0700F05381173B062B00F23F81DA
:10B96000DFE813F00700A600AE00DB00EF000001E7
:10B970001301F9070ED5B94AB949BA4841F6D5734A
:10B980000DF089F8002383F31188BFF36F8F032331
:10B99000184602DF277F3FB9A07F04F12503FF226D
:10B9A00004F11F0104F060FDAF4B5B689A0017D5EE
:10B9B000AE4B1B6840F20122134203F400790FD012
:10B9C0008FB1B9F1000F48D01E220A21284612F08B
:10B9D00068F91D2204460021601C15F03EFE277008
:10B9E00005B0BDE8F083A24A13680133136004F187
:10B9F0001F08B9F1000F38D01E220A21284612F084
:10BA000050F90770A0F80160637FC370A37F0371D2
:10BA1000D4F81F30C0F80530B8F80430A0F8093069
:10BA2000D4F82B30C0F80B30B4F82F30A0F80F301A
:10BA3000D4F82530C0F81130B4F82930A0F815300A
:10BA4000638EA0F81730A38EA0F81930E38EA0F80B
:10BA50001B3094F838304377C2E712220121284680
:10BA600012F01FF911220446B5E7122201212846DF
:10BA700012F017F90770A0F80160637FC370A37F0D
:10BA800003F001030371D4F81F30C0F80530B8F893
:10BA90000430A0F80930638EA0F80B30A38EA0F814
:10BAA0000D30E38EA0F80F3094F83830437497E7E8
:10BAB0000A463846314605B0BDE8F043FFF7E0BE20
:10BAC000694B5B689B008BD5684B1B68580787D513
:10BAD00003212846092212F0E4F8F90705460ED59D
:10BAE0005E4A64495F4842F25E030CF0D4FF0023D3
:10BAF00083F31188BFF36F8F0323184602DF237F80
:10BB00002B70A5F80160E38BA5F80330238CA5F812
:10BB10000530638CA5F8073062E7534B5B681A0465
:10BB20007FF55EAF03223021284612F0B0F80321E2
:10BB300005F10C0014F041FB00230370A0F8016034
:10BB40004EE74D4B1B681B027FF54AAF022257217F
:10BB5000284612F09CF8022105F10C0014F02DFB90
:10BB600006803DE7404B5B689F007FF539AF3F4B58
:10BB70001B6818037FF534AF03221421284612F006
:10BB800090F80680237F83702AE7374B5B68990023
:10BB90007FF526AF354B1B681A057FF521AF0522CF
:10BBA0000C21284612F07DF8237F0370A0F8016075
:10BBB000627F002A92FAA2F3B3FA83F308BF4FF030
:10BBC000FF330133C370A27F92FAA2F3002AB3FAC3
:10BBD00083F308BF4FF0FF330133037100E742F2F4
:10BBE000BD131E4A25491F480CF055FF002383F35F
:10BBF0001188BFF36F8F0323184602DFF0E6C37F7F
:10BC0000033B122B00F2B28001A252F823F000BFD6
:10BC100081BC00006DBD00006DBD0000B5BC000022
:10BC200059BD00006DBD0000C7BC00006DBD000027
:10BC30006DBD00006DBD0000D9BC00006DBD0000F1
:10BC4000E5BC00006DBD0000E1B900006DBD000065
:10BC50006DBD000029BD000029BD00007B3302003E
:10BC6000B4330200C32E02007801002070010020CE
:10BC7000E01F0020EE330200E00D0020DF41020053
:10BC80003C4B5B689B007FF5ABAE3B4B1B68DF0614
:10BC90007FF5A6AE0C220521284612F002F80346D5
:10BCA00023F8026B226AC0F80220626A5A60238D70
:10BCB000438195E60A4601233146002005B0BDE8E0
:10BCC000F043FFF7C5B80B4632463946002005B0B1
:10BCD000BDE8F043FFF7DAB80A4690F820000023E9
:10BCE0003146EBE7234B5B68980003D5224B1B687A
:10BCF00099060AD40023CDE90233CDE900331A2294
:10BD00000221304612F070F96AE60A22062128461E
:10BD100011F0C7FF0680238C4380638C8380A38C43
:10BD2000C380E38C03815BE6124B5B689A007FF56E
:10BD300057AE114B1B685B067FF552AE0A220721F6
:10BD4000284611F0AEFF0680A38C4380E38C8380ED
:10BD5000238CC380638CE5E790F820300E2B7FF4B2
:10BD60003FAE0B46324600211A20B0E742F2A12333
:10BD700037E700BF78010020700100200A4B4FF028
:10BD8000FF3041F6FF71C3E90001084B002000219C
:10BD9000C3E90001064B1F200021C3E90001054B48
:10BDA00000221A60FFF72AB878010020E00D002079
:10BDB00070010020E01F002037B5079D194A742349
:10BDC000AA1AB2FBF3F212F0FF040ED0164A17497A
:10BDD000174840F6DA130CF05EFE002383F3118857
:10BDE000BFF36F8F0323184602DFA21C114B00958F
:10BDF000D2B201210020FDF78FFD10F0FD0F0ED013
:10BE0000094A0D490A4840F6DF130CF044FE0023AE
:10BE100083F31188BFF36F8F0323184602DF03B04B
:10BE200030BD00BF18200020283402006734020013
:10BE3000C32E020049BF000072340200F8B5056845
:10BE40002C6E06466CB91B4A1B491C4840F627233A
:10BE50000CF021FE84F31188BFF36F8F0323184683
:10BE600002DF6C6E2F6E00232B666CB9114A1449E9
:10BE7000124840F62B230CF00EFE84F31188BFF31A
:10BE80006F8F0323184602DF6C6E0021172369664B
:10BE900023714FF6FF73E38004F11C001E2215F09E
:10BEA000DCFB3C232377A66021463846BDE8F840FA
:10BEB00011F06ABE283402008B340200C32E020047
:10BEC0009D34020070B5056AEB6E044673B11A4AE0
:10BED0001A491B4840F654230CF0DDFD002383F380
:10BEE0001188BFF36F8F0323184602DF05F160014D
:10BEF00005F15C0011F0D2FA064668B90E4A114904
:10BF00000F4840F656230CF0C6FD86F31188BFF3A8
:10BF10006F8F0323184602DF2868EE66002500F0C5
:10BF2000B9FC606E2562FDF7DBFE206E6566FDF7ED
:10BF300065FE256670BD00BF28340200B2340200E1
:10BF4000C32E02007536020010B50446A8B90B4B8B
:10BF50000246996002200121FCF7D2FE68B1084A2E
:10BF60000849094840F6FB130CF095FD84F311884D
:10BF7000BFF36F8F0323184602DF10BDB403002008
:10BF8000283402007A320200C32E020038B504467B
:10BF900010F81C3B002B2DD0184D6369A86073B1BD
:10BFA000174A184918484FF421630CF074FD002318
:10BFB00083F31188BFF36F8F0323184602DFAB684A
:10BFC000A3610022114B636111460C4B0120FCF769
:10BFD00097FE70B10A4A0E490B4840F617230CF041
:10BFE0005AFD002383F31188BFF36F8F0323184694
:10BFF00002DF38BDBDE83840FFF720BFA4030020B2
:10C0000028340200C5340200C32E02003DBE0000E9
:10C010007A32020038B5124B1A78124B1A7091F826
:10C02000293001EB83030C46DB6A1D78B8B1FEF7BB
:10C03000C9F8844213D015F00E0F01D1236A73B1F1
:10C04000094A0A490A4840F6C7130CF024FD0023A8
:10C0500083F31188BFF36F8F0323184602DF38BDC7
:10C06000452C0020442C002028340200D734020044
:10C07000C32E020010B5174C204605F03FFA04F11C
:10C080000C0005F03BFA4FF40062A4F8402094F84D
:10C0900042206FF3420284F8422034F8042C22F448
:10C0A000437222F0020242F00E0224F8042C62785D
:10C0B000A4F1280303EB82020020D16A0622087053
:10C0C0004A70617B03EB810304219B6B19705A70EA
:10C0D00010BD00BF402000202DE9F0411E468AB06F
:10C0E0004FF6FF739E42119D8046174633D02C7841
:10C0F0000134E4B22C706CB9374A3849384840F6FC
:10C100003E130CF0C8FC84F31188BFF36F8F032338
:10C11000184602DF33499DF840308B7205F11C034D
:10C12000CB60314B0E810022C1E90087996001206C
:10C130001146FCF7E5FD70B1274A2C4928484FF419
:10C1400016630CF0A8FC002383F31188BFF36F8FF4
:10C150000323184602DF95F8244014F0010438D177
:10C16000234A244B11781B788B4232D101330421AE
:10C1700009A8137013F0A0FC099B069540F2471222
:10C18000B3FBF2F102FB11331B4A7421AA1AB2FB72
:10C19000F1F21A490232CDE904410133CDE90244FA
:10C1A000CDE90044D2B201212046099311F092FC5E
:10C1B00010F0FD0F0DD0084A1149094840F2AF7345
:10C1C0000CF069FC84F31188BFF36F8F03231846CA
:10C1D00002DF0AB0BDE8F081283402002E350200EB
:10C1E000C32E0200EC1F0020940300207A320200CC
:10C1F000452C0020442C00201820002015C00000F1
:10C20000323502002DE9F74F644CDDF8308094F8A8
:10C210006A709946624B054617F0010718681B794A
:10C22000009016468DF8043040F0B6809DF834300A
:10C230009DF8382003F0070302F003025B0043EA95
:10C240000223A28C22F4437222F002021343A3843D
:10C2500094F82930012904EB830308BF0025A4F8D2
:10C260006850DD6A01F108030DEB03012A7811F82B
:10C27000081C02F00F0A01F00F0311F00E0F22F05C
:10C280001F020CBF01210021134361F345132B70E2
:10C2900003F00F03012B07D1BAF1010F04D06B7823
:10C2A000002B40D184F8407094F86A2066F3420273
:10C2B00084F86A20D3B252070BD569F3C30384F81C
:10C2C0006A30D8F80030C4F86B30364BB8F8042028
:10C2D0009A80297801F00F03012B06F0010B3DD164
:10C2E0002B466BF3861169F3C71103F8081BD8F8C6
:10C2F0000020AA60B8F804209A800C236B7094F890
:10C300003530E46104EB8304B601A36B06F040060C
:10C310005A7846F004061E700AB906225A7038464A
:10C3200003B0BDE8F08F052B0DD81F4A1F492048E8
:10C330004FF4DE730CF0AFFB87F31188BFF36F8F00
:10C340000323184602DF6A781A48063AD2B205F18A
:10C35000080184F8402015F072F9A5E76B7833B92D
:10C360006BF3861163F3C71129700623C6E7BAF190
:10C37000010F0AD194F840200E4905F1080015F08C
:10C380005EF994F8403006336B702B786BF38613AC
:10C390006FF3C7132B70B2E70C27C0E718200020FB
:10C3A000F71B020083200020283402006A350200B7
:10C3B000C32E02005920002010B5064C204613F071
:10C3C000F5FB04F10C0013F0F1FBBDE81040FFF7A2
:10C3D00051BE00BF40200020034BC01A7423B0FBA5
:10C3E000F3F080B2704700BF182000200068034BB4
:10C3F000C01A7423B0FBF3F080B2704718200020FD
:10C4000038B9054890F86A3013F0010F08BF0020D2
:10C4100070470020704700BF1820002030B5002072
:10C4200085B0FFF7EDFF0446002800F09A80036A0C
:10C4300063BB2046FDF7B0FE844235D194F824302A
:10C44000DB0741D50223039303AB00930321464B43
:10C4500001220020FDF760FA03A9FDF78BFE0028FA
:10C4600032D02046FDF7A0FE84421AD040F62A338F
:10C470003E4A3F493F480CF00EFB002383F31188EE
:10C48000BFF36F8F0323184602DF0AE093F82020E2
:10C4900042F0020283F82020036A93F82030DA0782
:10C4A000C7D50C2005B030BD304A3149314840F67F
:10C4B0001F330CF0F0FA002383F31188BFF36F8F62
:10C4C0000323184602DFB9E703AB022200930321DE
:10C4D000254B03920020FDF71FFA03A9FDF74AFE42
:10C4E000054638B12046FDF75FFE8442D9D040F6BC
:10C4F0003833BDE704F11C00FDF786FE78B17830D3
:10C500000DD01A4A1C491B4840F63E330CF0C3FAC2
:10C5100085F31188BFF36F8F0323184602DF20468F
:10C52000FDF742FE84420ED0104A1149114840F6F0
:10C5300041330CF0B0FA002383F31188BFF36F8FFF
:10C540000323184602DF236A13B12046FFF7BAFC23
:10C5500094F86A306FF3000384F86A30002003F027
:10C5600059FC00209EE700BFE59B00002834020034
:10C57000A8350200C32E0200B43502000A46014667
:10C58000014811F04EBC00BF182000200A460146A9
:10C59000014811F0ACBC00BF1820002008B51248BB
:10C5A000124B01224FF4D07110F018FF104B0322F0
:10C5B000181D242110F012FF0E4B0722181D082110
:10C5C00010F00CFF01F0F8FA0B4B002018600B4B39
:10C5D0001B221A800A4B4FF4A4721A80094A0323C3
:10C5E0001370094A137008BDE80D0020AC2000202C
:10C5F000EC200020B0200020C4210020802B00204F
:10C600007E2B0020472C0020462C002010B50C4625
:10C6100070B1134A134914484FF4E8630CF03BFA25
:10C62000002383F31188BFF36F8F0323184602DFC3
:10C630000E4B0022012102209C60FCF761FB70B1CF
:10C64000074A0B49084840F246730CF024FA0023CD
:10C6500083F31188BFF36F8F0323184602DF10BDE9
:10C66000CA3502007E3B0200C32E0200E403002014
:10C670007A32020008B50C4B002298601146012066
:10C68000FCF73EFB70B1094A09490A4840F272734F
:10C690000CF001FA002383F31188BFF36F8F03239B
:10C6A000184602DF08BD00BFC4030020CA350200DF
:10C6B0007A320200C32E020038B5044610F81C3B43
:10C6C000002B2DD0184D6369A86073B1174A184923
:10C6D000184840F25B730CF0DEF9002383F31188F5
:10C6E000BFF36F8F0323184602DFAB68A3610022FC
:10C6F000114B636111460C4B0120FCF701FB70B13B
:10C700000A4A0E490B4840F262730CF0C4F9002348
:10C7100083F31188BFF36F8F0323184602DF38BD00
:10C72000BDE83840FFF7A6BFD4030020CA35020099
:10C73000C5340200C32E020075C600007A32020022
:10C7400008B583685A68537FDB09014604D0BDE809
:10C7500008400831F4F7ACBD074A0849084840F2E0
:10C76000B7630CF098F9002383F31188BFF36F8F40
:10C770000323184602DF08BDCA350200DF4102006C
:10C78000C32E020010B50C46B0B1FDF737FD844250
:10C7900012D0FDF717FD84420ED0084A0849094817
:10C7A00040F27A630CF077F9002383F31188BFF32A
:10C7B0006F8F0323184602DF10BD00BFCA35020089
:10C7C0000A360200C32E020010B50C4670B1124AA0
:10C7D0001249134840F28D630CF05DF9002383F396
:10C7E0001188BFF36F8F0323184602DF2046FDF741
:10C7F000F7FC84420ED0084A0A4909484FF4D26334
:10C800000CF049F9002383F31188BFF36F8F0323E2
:10C81000184602DF10BD00BFCA3502007E3B020091
:10C82000C32E02005B36020010B50C4670B1124AEE
:10C830001249134840F283630CF02DF9002383F36F
:10C840001188BFF36F8F0323184602DF2046FDF7E0
:10C85000BFFC84420ED0084A0A49094840F2866368
:10C860000CF019F9002383F31188BFF36F8F0323B2
:10C87000184602DF10BD00BFCA3502007E3B020031
:10C88000C32E02005B360200014810F0C0BD00BF9D
:10C89000AC200020014910F0CBBD00BFAC2000202F
:10C8A00002494FF4D07210F0D7BD00BFE80D002050
:10C8B0002DE9F7430668304F05463046FFF7F0FF95
:10C8C00005F15C08294613F061FA286E01AA414679
:10C8D00010F0FEFD4FF6FF790446ECB9D6F854315E
:10C8E00006F5AA756BB9254A254926484FF4F46325
:10C8F0000CF0D1F884F31188BFF36F8F032318462F
:10C9000002DF0023D6F85401C6F85431294611F04D
:10C9100047F903B0BDE8F08397F8412097F840103D
:10C92000531CDBB2082B08BF0023994210D1134AD5
:10C930001549144840F28C730CF0ADF8002383F3D2
:10C940001188BFF36F8F0322104602DF1B80FFDECA
:10C9500007EBC20127F83290019A4A601268226000
:10C96000019A1460286E87F8413001AA414610F000
:10C97000AFFD0446B1E700BF5C210020CA350200CC
:10C980006D360200C32E02006636020002464FF4E6
:10C99000D071014810F05DBDE80D0020014810F095
:10C9A00036BD00BFEC200020014910F041BD00BFA2
:10C9B000EC20002070B505460E4611F00BFB044636
:10C9C00030B3164A92F8211092F820004B1CDBB2CB
:10C9D000042B08BF002398421DD002EBC10022F8AF
:10C9E0003150466082F82130237833B10C4B00225D
:10C9F000012103209C60FCF783F994F93930002B66
:10CA000001DB002070BD2946204602F0A3FFF8E7B5
:10CA10006FF01500F6E76FF06800F3E7A021002043
:10CA2000F403002038B50C4608BB11F0D3FA0546D4
:10CA3000F8B11A2C07D8042C03D90F4BE340DB07BD
:10CA400005D4122411E0292C01D03B2CF9D1214628
:10CA5000284612F0EEF8044638B995F93930002B23
:10CA600003DA0146284602F075FF204638BD02244D
:10CA7000FBE70C24F9E700BF20003804034B1B88B8
:10CA80000380034B1B880B80704700BF802B002066
:10CA90007E2B0020024B1880024B0020198070472B
:10CAA000802B00207E2B0020024B1870024B0020B0
:10CAB00019707047472C0020462C002038B5002004
:10CAC000FFF764FF00F11C02014604460320FDF756
:10CAD000D9FB0546B0B110F1780F13D040F2C56311
:10CAE000104A114911480BF0D6FF11482A4600217F
:10CAF0000BF0D1FF002383F31188BFF36F8F032363
:10CB0000184602DF0B4A4FF6FF7323850023138478
:10CB1000094AC4F88830A2F84030BDE83840FFF731
:10CB20003DBD00BFCA350200A7360200C32E020079
:10CB3000BF360200A02100205C210020014B1878A4
:10CB4000704700BF472C0020014B1878704700BF8A
:10CB5000462C002038B58B6808601D682B780C4681
:10CB6000A3B16B6973B10C4A0C490D4840F24D33C7
:10CB70000BF091FF002383F31188BFF36F8F032322
:10CB8000184602DF074BAC616B6138BDBDE8384029
:10CB90000846FFF7D5BD00BFCA350200C534020004
:10CBA000C32E020041C70000F8B51646028D1D468F
:10CBB0004FF6FF739A4204460F460ED1104A1149B0
:10CBC000114840F293330BF066FF002383F3118882
:10CBD000BFF36F8F0323184602DF2046C4E9437674
:10CBE000A4F8145111F09DFF94F8803113F0010066
:10CBF0001EBF6FF3000384F880316FF08B00F8BD27
:10CC0000CA350200D7360200C32E020070B5174D98
:10CC1000044695F8203095F821209A421BD035F82B
:10CC2000330005EBC30611F0D5F97168A0B1D4301B
:10CC300011F048FE95F8203095F821209A4206D050
:10CC40000133DBB2042B08BF002385F82030013C00
:10CC500014F0FF04DDD170BD0B7960F301030B719B
:10CC60004FF6FF70FDF738FAE4E700BFA02100207F
:10CC70002DE9F743314B80F870111A68304FDFF817
:10CC8000C480DFF8C490904204BF00221A60038D74
:10CC9000A0F85A31182380F858310446012111F0C8
:10CCA00049FF204600F0EEFF04F1D40011F0F3FD3F
:10CCB000204611F081F9054615BB228D234B0094C7
:10CCC0000332D2B201212846FCF726FE10F0FD0FF8
:10CCD0000DD01C4A1E491F4840F2F7630BF0DBFEE3
:10CCE00085F31188BFF36F8F0323184602DF4FF6D9
:10CCF000FF73FF20238503B0BDE8F043FFF786BF35
:10CD0000384610F084FB064668B9124840F2317389
:10CD1000424649460BF0BFFE86F31188BFF36F8F82
:10CD20000323184602DF294604F17C02304610F046
:10CD3000C0FB204611F040F90546BDE7C4210020A4
:10CD4000B0200020CA350200753602000DC6000072
:10CD50007A360200C32E02002DE9F047154FDFF8A6
:10CD60005880DFF8589006460C460CB9BDE8F087AD
:10CD7000304611F021F982460028F7D0384610F0ED
:10CD800046FB054668B90E4840F25D5342464946A7
:10CD90000BF081FE85F31188BFF36F8F03231846D4
:10CDA00002DF06F17C0251462846013C10F081FB6F
:10CDB000E4B2DAE7B0200020CA350200753602007E
:10CDC000C32E0200014910F033BB00BFB020002089
:10CDD000014B93F8410070475C21002070B5094B6E
:10CDE00093F8404093F84150AC421FBF057003EBED
:10CDF000C40633F834300B801DBF736813601868A5
:10CE0000002070BD5C21002010B5084B93F8404015
:10CE100084421FBF03EBC40033F834300B804368F7
:10CE20001ABF13601868002010BD00BF5C210020ED
:10CE3000094A92F8403092F84110994209D052F8CC
:10CE400033000133DBB2082B08BF002382F84030E7
:10CE500070470020704700BF5C21002038B5124A9F
:10CE600092F8414092F84050631CDBB2082B08BF97
:10CE700000239D4210D10D4A0D490E4840F29C53AB
:10CE80000BF009FE002383F31188BFF36F8F032299
:10CE9000104602DF1B80FFDE02EBC40522F83400DF
:10CEA000696082F8413038BD5C210020CA3502003B
:10CEB0004E370200C32E0200F8B5577905460E46DC
:10CEC00014466FB9214A2249224840F2A9530BF077
:10CED000E2FD87F31188BFF36F8F0323184602DF4B
:10CEE000237903F00302032A4FF6FF7228D19542FB
:10CEF00005D02846FFF74AFD214611F04CFF336864
:10CF0000A34207D1284611F065F82146BDE8F84054
:10CF100000F06EBE73B10D4A0F490E4840F2BE5389
:10CF20000BF0B9FD002383F31188BFF36F8F032348
:10CF3000184602DF21462846BDE8F840FDF7CCB888
:10CF4000954204BF6FF301032371F3E7CA35020072
:10CF500055370200C32E02006137020001F00303BF
:10CF600070B503F1280603F15205C1F34001F60044
:10CF7000ED000446CE40CD400E220021683014F072
:10CF80006CFB134B1A88134B2046198811F04DFA8D
:10CF90004523B6B2ADB2A4F85A304FF01B13A4F833
:10CFA0005E502366A4F86460A4F8666011F02AFA63
:10CFB000AE4203D1B4F85C30B34203D0012384F80D
:10CFC000743070BDA36DB3F11B1FF7D1F9E700BF3B
:10CFD0007E2B0020802B0020F8B505460F46164614
:10CFE00000F08AFD044668B9284A294929484FF4C7
:10CFF00031730BF050FD84F31188BFF36F8F03235F
:10D00000184602DF321F201D092A2ED8DFE802F061
:10D010000512152D2D2D2D182D1B12F085F9E379F4
:10D020007B732146284611F008FD284612F02AFCA1
:10D030002046F8BD12F090F9F1E712F096F9EEE70C
:10D0400012F09CF9EBE795F8203197F84E2043B1A8
:10D05000D5F830315B0704D597F84D1012F0A1F9DF
:10D06000DDE7114612F093F9D9E7084A0A49094861
:10D0700040F2DF230BF00FFD002383F31188BFF391
:10D080006F8F0323184602DFC9E700BF6D37020028
:10D090002C380200C32E0200DF410200F8B506461C
:10D0A0000C4600F021FD28B9204600F031FD032395
:10D0B000A372F8BD042221463046FFF78DFF836836
:10D0C000C4F84330C368C4F847300369C6F8AC30CD
:10D0D000A5690023A3616DB90F4A1049104840F2B9
:10D0E000F6230BF0D8FC85F31188BFF36F8F032371
:10D0F000184602DF03232F792B71338DEB8005F166
:10D100001C01204612F0FBF82C2F03D12868294679
:10D1100010F03AFD0423CBE76D370200B13702006F
:10D12000C32E0200F8B51F468B7A05460C461646FC
:10D130000D2B00F2FB80DFE813F00E001500190044
:10D1400042004500550055005A008A00C300C70040
:10D15000CB00EA00EE0026B90B7A062B04D10B2394
:10D16000A372F8BD002EFCD10223F9E7012EF8D1FD
:10D17000314611F065FC284611F08CF8284611F074
:10D18000F3FE7B68C4F82130BB68C4F825303B7BD4
:10D1900084F829307B7B84F82A30D7F80E30C4F825
:10D1A0003B30D7F81230C4F83F30D7F81630C5F806
:10D1B000A83021462846BDE8F840FFF76FBF002E93
:10D1C000CFD1F6E7032E0BD0042ECAD106230322BB
:10D1D00081F8203081F84D2081F84E300723BFE7D9
:10D1E0000523BDE73246BDE8F84011F059B9002EDD
:10D1F000B7D100F079FC0028F0D00D222146284656
:10D20000FFF7EAFE284612F08AFB94F82030062B3E
:10D210000CD10121A172284611F021FC284611F001
:10D2200040F82846BDE8F84011F0A2BE242B98D063
:10D23000444A4549454840F277330BF02CFC86F3CD
:10D240001188BFF36F8F0323184602DF89E7022E90
:10D2500087D18E6900238B616EB93A4A3C493B48BD
:10D2600040F20F330BF017FC86F31188BFF36F8F7A
:10D270000323184602DF032737712B8DF380237AAF
:10D28000052B09D106F11C0012F06FF82146284643
:10D29000BDE8F84011F0E0B8062B02D11A23337133
:10D2A000F4E7284A2849294840F21E330BF0F3FBE3
:10D2B000002383F31188BFF36F8F384602DFE5E761
:10D2C000002E7FF44EAFE1E7002E3FF448AF48E771
:10D2D000072E7FF446AF012111F0B2FB284610F073
:10D2E000D9FF2146284600F0FFFB08B90C2337E799
:10D2F0000B2221462846FFF76FFE40F60D3363816F
:10D3000095F88E306FF3C30385F88E3029E7002E31
:10D310007FF427AFE5E7082E7FF423AF40F2023316
:10D320004B8190F88E306FF30413EDE7054A064900
:10D33000064840F2D3430BF0AEFB002383F3118881
:10D340007FE700BF6D370200DF410200C32E0200FD
:10D35000B137020070B58C69002306460D468B611B
:10D360006CB9214A2149224840F2B5130BF093FBD6
:10D3700084F31188BFF36F8F0323184602DF95F8FB
:10D380002130DB072DD523792C2B0ED0164A1949D5
:10D3900017484FF4DC730BF07EFB002383F31188F6
:10D3A000BFF36F8F0323184602DF1D232371338DD4
:10D3B000E38095F82830237796F87730C3F302039B
:10D3C000A37796F87630C3F302036377206821468B
:10D3D00010F0DAFB95F821306FF3000385F8213067
:10D3E00070BD01232371F1E7B5370200B1370200A8
:10D3F000C32E0200F937020070B591F821304C6A53
:10D400009B0706460D460FD46CB10123237120689B
:10D41000214610F0B9FB95F821306FF3410385F8F0
:10D42000213000236B6270BD6CB90C4A0C490D4869
:10D430004FF4EF730BF02FFB84F31188BFF36F8F62
:10D440000323184602DF03232371338DE38004F1A5
:10D450001C01304612F0D5F8D9E700BFB5370200FD
:10D46000B1370200C32E0200F8B5CE6905460C465E
:10D470006EB9264A2649274840F2A3330BF00BFB2E
:10D4800086F31188BFF36F8F0323184602DF11F074
:10D49000CAFA10B90723A372F8BD11F0CCFA0646F8
:10D4A000606268B9194A1C491A4840F2AD330BF062
:10D4B000F2FA86F31188BFF36F8F0323184602DF59
:10D4C000637BE66966610027172BE7610FD1311D89
:10D4D000284611F098FF41F6030363812846314640
:10D4E00011F0ABFA2846BDE8F84012F0CBB9074A74
:10D4F0000A4908484FF472730BF0CDFA87F311888C
:10D50000BFF36F8F0323184602DFE7E7B53702004A
:10D510001E380200C32E02002F380200DF41020035
:10D52000F8B5CE6905460C466EB9394A39493A48CC
:10D5300040F27D130BF0AFFA86F31188BFF36F8FC3
:10D540000323184602DF637B162B03D195F939308C
:10D55000002B18DA11F067FA10B90723A372F8BD8F
:10D5600011F069FA0646606268B9294A2B492A48CF
:10D570004FF4C4730BF08FFA86F31188BFF36F8FEB
:10D580000323184602DF637BE66966610027162BDA
:10D59000E7612ED194F8203095F89421C3F3C203AB
:10D5A00063F3C50285F8942194F8202095F894310E
:10D5B00062F3020385F8943194F8203095F87620D0
:10D5C000C3F3801363F3C30285F87620311D204630
:10D5D00011F0F9FE0221284611F032FA0223A3725B
:10D5E0002846314611F029FA2846BDE8F84011F0E6
:10D5F000C3BC074A0A49084840F2A3130BF04BFA90
:10D6000087F31188BFF36F8F0323184602DFE7E724
:10D61000B53702001E380200C32E02002F38020068
:10D62000DF410200F7B50C461946A37A05461646B7
:10D63000092B00F2F480DFE813F00A000F00590014
:10D640005D00F200F2009000E900B300D700002E68
:10D650004ED10123A3724BE0204611F0C7FE94F88F
:10D66000202095F89431C2F3C200C3F3C2010140F7
:10D67000C3F30203C2F30200034043EAC10322F0F2
:10D680003F02134384F8203095F93930002B0CDB2E
:10D6900094F8203013F0380F01D05A0705D194F8D0
:10D6A000203023F03F0384F820300221284611F077
:10D6B000C7F9012E1CD195F83930DB0906D0214677
:10D6C000284603B0BDE8F04010F097BF40F2334366
:10D6D000544A554955480BF0DEF9002383F311886D
:10D6E000BFF36F8F0323184602DF01E0002EE6D060
:10D6F00003B0F0BD022EFBD190F93930002B0EDBC8
:10D70000484A4B49494840F253430BF0C4F90023BF
:10D7100083F31188BFF36F8F0323184602DF454957
:10D7200094F82030086849686A4603C295F8762064
:10D73000134303F0070308336B44284613F8081C0F
:10D74000134661F3061385F8763002210623A3728F
:10D7500003B0BDE8F04011F082B9032EC8D12046D5
:10D7600011F064FE2146284610F09DFF0646204633
:10D7700000F0CEF926B9284612F089F8082369E7A7
:10D7800094F82830282B01D185F8503195F876305F
:10D79000C3F3020262F3061385F87630092359E7D2
:10D7A000002EA5D1678D10F083FDC01B03049FD40C
:10D7B00084F8286094F82D2094F82C10284610F056
:10D7C00041FF064648B12146284610F095FF94F8DF
:10D7D000213060F3410384F8213094F8213066F35E
:10D7E000000384F82130D1E7042E81D12146FFF7D0
:10D7F000B1FD21462846FFF7FFFD284612F08FF8BD
:10D800000021284612F02CF8002323E7002E7FF495
:10D810006FAF214603B0BDE8F040FFF725BE40F2F0
:10D82000095355E7B5370200DF410200C32E02005D
:10D8300049380200FC1B0200F7B51F468B7A0546EB
:10D840000C461646092B00F21781DFE813F00A0098
:10D850000A00110015011501150146000D01BE0059
:10D86000FB00002E37D103B0BDE8F04010F097BEAA
:10D87000032E30D190F83930DB091ED091F82030DA
:10D880008549086849686A4603C295F876201343BB
:10D8900003F0070308336B4413F8081C134661F3C5
:10D8A000061385F8763041F6060363810221284687
:10D8B00003B0BDE8F04011F0D2B8784A7849794811
:10D8C00040F289230BF0E7F8002383F31188BFF3BC
:10D8D0006F8F304602DF03B0F0BD052E68D0062EF4
:10D8E00034D0022EF7D190F93930002B0EDB6B4A81
:10D8F0006D496C4840F2CA230BF0CDF8002383F346
:10D900001188BFF36F8F0323184602DF02212846D8
:10D9100011F0A3FF3946204611F088FD2146284624
:10D9200010F0C1FE0646204600F0F2F826BB94F83F
:10D930002D202AB195F8763062F3061385F87630FB
:10D94000284611F021FB0823A372AFE7002111F054
:10D9500084FFD5F8303123F48073C5F830311A23B1
:10D9600084F82830204600F0D3F894F8213043F0B2
:10D97000010384F8213011E00021284611F06DFFE9
:10D9800094F828300BB185F8503194F8203094F891
:10D990002120DB0963F3000284F8212095F876301A
:10D9A000C3F3020262F3061385F876300923CBE74E
:10D9B0003946204611F000FD94F84E3084F82830A6
:10D9C0000021284611F049FFCCE7002E83D14F8D6E
:10D9D00010F06EFCC01B03043FF57DAF94F82D20C2
:10D9E00094F82C10284610F02DFE08B32146284646
:10D9F00010F082FE94F8213060F3410384F8213066
:10DA00003146284611F029FF84F82860012394F854
:10DA1000212063F3000284F8212095F87630C3F3C7
:10DA2000020262F3061385F876300923A37252E7E7
:10DA30003146284611F011FF94F9203084F828600F
:10DA4000DB0FE4E7042E7FF446AFFFF783FC2146AB
:10DA50002846FFF7D1FC284611F0F8FA00212846A5
:10DA600011F0FEFE0023E1E7002E7FF434AF03B097
:10DA7000BDE8F040FFF754BD084A094909484FF492
:10DA800059730BF008F8002383F31188BFF36F8FED
:10DA90000323184602DF1EE7FC1B0200B537020015
:10DAA000DF410200C32E02004938020038B5456844
:10DAB000044665B9094A0A490A4861230AF0EBFF9E
:10DAC00085F31188BFF36F8F0323184602DF616867
:10DAD0002046BDE838400FF0ABBC00BF6038020004
:10DAE000A0380200C32E0200024B1868003818BF8D
:10DAF000012070471404002010B504480FF087FC83
:10DB00000446043010F0C5FB204610BD140400206C
:10DB100038B5856904466DB90B4A0C490C4840F28A
:10DB20001D130AF0B8FF85F31188BFF36F8F03232D
:10DB3000184602DFA3691A792C2A04D02C221A7104
:10DB4000A36922691A6038BD60380200AB38020050
:10DB5000C32E020038B5856904466DB90D4A0E49D9
:10DB60000E4840F22B130AF096FF85F31188BFF39D
:10DB70006F8F0323184602DFA3691A792C2A07D175
:10DB800001221A71A169BDE8384008680FF0FCBF96
:10DB900038BD00BF60380200AB380200C32E02005F
:10DBA000014910F0EBBE00BF0C040020014910F049
:10DBB000E5BE00BF0404002010B50A4B06225868D9
:10DBC00050210FF00BFC084B0122586850210FF038
:10DBD00005FC064BBDE81040586804222C210FF0CC
:10DBE000FDBB00BF0C04002004040020140400202E
:10DBF000084601490FF01CBC1404002038B5B0F8E9
:10DC0000F24003461546FCB1A1421AD311F088F93F
:10DC1000044668B9134A1449144840F2F3130AF051
:10DC20003AFF84F31188BFF36F8F0323184602DF96
:10DC3000237A0A2B13D194F820306FF073002B70E5
:10DC400038BD641AA0F8F240B3F8020120B1814255
:10DC500005D2401AA3F8020100231846EFE7222359
:10DC6000EBE700BF6038020098390200C32E0200C3
:10DC7000034B0B44B3FBF1F3A0F80831704700BF2E
:10DC8000FF59620270B5D0F84851044645B9C4F84E
:10DC90004851D4F84C01084D40B9C4F84C0170BD4E
:10DCA000286829464568FCF7D9F9EFE70668294650
:10DCB0000FF0BEFB3046EFE7140400202DE9F047DB
:10DCC0001F46D0F83031BDF820A0099E894699073B
:10DCD0000546904614D50920FFF762FF0446002848
:10DCE00054D0037A082B11D1A0F828804785A0F8DA
:10DCF0002CA02846214611F0E3F80020BDE8F0876B
:10DD000090F93930002B3FDB0820E5E7092B2BD1B8
:10DD1000A0F82690A0F828804785A0F82CA0CEB1C6
:10DD20003388038773884387B3888387F388C387DF
:10DD30003389A0F840307389A4F8423095F939301E
:10DD4000002BD6DA2846FEF7ABFD0146284601F047
:10DD500001FECEE70E4A4FF0FF33C0E90E23A0F8D4
:10DD600040304FF6FF73E7E70A4A0B490B4840F291
:10DD7000F6330AF090FE002383F31188BFF36F8F10
:10DD80000323184602DFB4E71A20B7E70C20B5E7F3
:10DD90000000FFFF60380200DF410200C32E0200D6
:10DDA0002DE9F041537F06460F46144613BBFF236F
:10DDB000D377304611F0B4F840B1E27FC37A9A428B
:10DDC00000F08C80037B002B40F08880304611F0FF
:10DDD00050FD002800F0A880E27FC37A9A427DD0EF
:10DDE000037B002B7AD1224639463046BDE8F0410C
:10DDF00001F0B4BCD37F1E2B08D84C4A52F8233014
:10DE000023B104F11C0098470028D2D0E37F022BF5
:10DE100001D10123E7E7304611F082F8054630468C
:10DE200011F027FD002D7CD0E37FE97A002866D031
:10DE30009942C27A14D18A4240D0037B002B3DD153
:10DE4000072903D1427B94F8203016E01129F9D03C
:10DE500023463A4629463046BDE8F04100F06CBD05
:10DE6000297B61B19A4229D0027B3ABB072BE9D0CA
:10DE7000112BEDD194F82020437B9A420CE0072B24
:10DE80000CD194F82030697B994229D1072A15D00A
:10DE9000037B9BB9437B8B42DAD10FE0112B0FD16F
:10DEA000697B94F82030C91A18BF0121112A04D0C7
:10DEB000027B12B9427B9A420BD1C1B91F230BE0FE
:10DEC000B3F10D0118BF01219A42F6D0037B002B5C
:10DED000F3D10029BCD0242386F85031BDE8F0816D
:10DEE000072A04D0027B12B9427B9A42F3D123461F
:10DEF0003A4601463046BDE8F04101F0E5BB9942A3
:10DF0000A6D02A7B002AA3D1072B06D16A7B94F8DE
:10DF100020309A427FF47DAF9AE7112BF6D00D2B7B
:10DF2000F8E70028E3D174E703465CE7E025020048
:10DF300070B505460C46FFF7DFFD064660B9344A6A
:10DF40003449354896230AF0A6FD86F31188BFF3BD
:10DF50006F8F0323184602DF237A013B311D0B2B01
:10DF600033D8DFE803F006191E2432323232322968
:10DF7000322D084611F0B6F81323E372F379637378
:10DF80003146284610F059FD237A0A2B2CD028461A
:10DF9000BDE8704010F0F0BF284611F0D1F8092319
:10DFA000EBE7204611F056F96661FF23E5E70846E6
:10DFB00011F06EF90C23E0E7204611F05AF9F3E76F
:10DFC000284611F0F4FA1523D7E7114A13491248ED
:10DFD000D1230AF060FD002383F31188BFF36F8F14
:10DFE0000323184602DFC9E76B8DB5F88C1140F2A8
:10DFF000E242534342F2107202FB013101392846DA
:10E00000B1FBF3F1BDE8704089B210F0BABF00BFB8
:10E01000BC3802002C380200C32E0200DF4102008F
:10E020002DE9F04105460C46904611F025FC28B13B
:10E030000323A37200273846BDE8F0812146284615
:10E04000FFF752FD07460028F2D021462846FFF789
:10E0500053FD064668B9284A2849294840F20C432E
:10E060000AF019FD86F31188BFF36F8F032318465A
:10E0700002DF237A013B311D0B2B2DD8DFE803F0A3
:10E08000061F2C232C2C2C2C2C2C2C27084611F072
:10E0900032F8FF23E372F37963733146284610F0B8
:10E0A000CCFC284611F0EEFB0423A372B8F1000F5C
:10E0B000C1D0284611F033FC0023A372BBE72846E9
:10E0C00011F056F8E5E7084611F0E2F8E1E72846D6
:10E0D00011F082FA6661DCE7074A0A49084840F213
:10E0E00052430AF0D8FC002383F31188BFF36F8FEB
:10E0F0000323184602DFCEE7BC3802002C380200AA
:10E10000C32E0200DF41020038B50B7A013B044602
:10E110000D460B2B29D8DFE803F00606280D28282A
:10E120002828281D2826012229462046BDE83840F7
:10E13000FFF776BF90F818313BB90122FFF770FF67
:10E1400010B1012384F8183138BD11F0E8FB002329
:10E15000AB72F9E711F0E3FB0023AB7295F82030C6
:10E1600084F85031F0E70022DEE7084A0849094800
:10E1700040F202530AF08FFC002383F31188BFF3AF
:10E180006F8F0323184602DFDEE700BFBC380200B2
:10E19000DF410200C32E02002DE9F0418C69002707
:10E1A00006460D468F619CB910F045FC044680B9C7
:10E1B000294A2A492A484FF4C0730AF06CFC84F3B8
:10E1C0001188BFF36F8F0323184602DF2471FFDE2F
:10E1D00001274FF0030884F80480338DE3802B7A05
:10E1E000042B04F11C0124D00C2B2CD0022B2ED19B
:10E1F0006B7A072B0BD0092B0DD1304610F0CEFFD8
:10E2000047BB20682146BDE8F0410FF0BDBC284661
:10E2100010F08AFFF4E7F6230F4A124910480AF07B
:10E220003AFC002383F31188BFF36F8F404602DF6F
:10E23000E6E76B7A0C2B03D1304611F03DF8DFE7AF
:10E2400040F20313E8E7304611F0DBF9D8E740F27B
:10E250009F13E1E7BDE8F081BC380200B13702004E
:10E26000C32E0200DF41020038B50B7A013B0446A1
:10E270000D460B2B5ED8DFE803F006150B235D5D22
:10E280005D5D5D325D3A4B7A072B01D0132B05D1D2
:10E29000204610F0DBFE0023AB7238BD242384F847
:10E2A0005031F5E74B7A072B01D0092BF6D195F8C1
:10E2B0002030DB07ECD529462046FFF76DFFE7E766
:10E2C0004B7A0C2BEAD18B69002BF4D110F0ABFB0D
:10E2D0000028F0D1204610F04FFE0423DCE710F0B8
:10E2E000B5FE0023AB72162384F85031D5E74B7A84
:10E2F000152B16D110F086F818B129462046FFF7E5
:10E300004BFF204610F0A2FE0023AB72204610F017
:10E310000DFD0028C1D120460421BDE8384010F091
:10E320009EBB072BBAD1D0F8303123F02003C0F8C0
:10E330003031E6E7074A084908484FF410730AF0FD
:10E34000AAFB002383F31188BFF36F8F03231846C2
:10E3500002DFA2E7BC380200DF410200C32E020048
:10E3600038B50B7A013B05460C460B2B4DD8DFE840
:10E3700003F00606060A4C4C4C4C4C1C4C2BBDE8DA
:10E38000384010F039BD90F8183133B910F034FD31
:10E3900010B1012385F8183138BD0C234B720023CE
:10E3A0008B61BDE83840FFF75FBFFFF79DFB10B9F9
:10E3B0000123A372F0E721462846FFF7B9FD162393
:10E3C00084F820300223F4E7D0F830319B0617D5CB
:10E3D00010F0ACFCA0B9284610F0C0FD0028E7D131
:10E3E00021462846FFF780FB0028E1D0042128467B
:10E3F00010F026FB21462846FFF79AFD0323D8E7B5
:10E40000284610F023FE0023D3E7084A08490948AC
:10E4100040F2C3230AF03FFB002383F31188BFF3CC
:10E420006F8F0323184602DFB6E700BFBC38020037
:10E43000DF410200C32E02002DE9F0410C461946CF
:10E44000A37A05461646042B00F2C780DFE803F0E6
:10E45000030849666900002E5ED10123A3725BE0C8
:10E46000022E59D1CB7863720C2B2FD013D8022BEC
:10E470002FD0082B22D0614A6149624840F2014303
:10E480000AF009FB002383F31188BFF36F8F032386
:10E49000184602DF14E0122B12D0142BEBD111F02E
:10E4A000C5F80421284610F0CBFA28460FF02EFFBD
:10E4B00084F820002046FFF72BFB01E010F07AFEE5
:10E4C00021462846BDE8F041FFF71EBE10F008FFC8
:10E4D000F6E7204610F0D8FE0821284610F0B0FAE2
:10E4E000EEE7CEB9237A0A2B0DD0444A4649454877
:10E4F0004FF4A3630AF0CFFA86F31188BFF36F8F4E
:10E500000323184602DF284611F009FA0023A372FC
:10E5100094F8203085F85031BDE8F081002EFBD111
:10E52000CEE7012EF8D1237A0C2BF5D10FF026FF80
:10E5300094F82030042140EA0307284610F08FFAAF
:10E54000A6690023FFB2A3616EB92C4A2F492D485A
:10E5500040F272430AF09FFA86F31188BFF36F8F7F
:10E560000323184602DF33792C2B0ED0234A284987
:10E57000244840F275430AF08EFA002383F3118891
:10E58000BFF36F8F0323184602DF57B9012333719E
:10E59000306831460FF0F8FA284611F0C0F9002330
:10E5A0005CE7032737712B8DF380237A0C2B06F160
:10E5B0001C080DD0114A1749124840F27E430AF058
:10E5C0006AFA002383F31188BFF36F8F384602DFA6
:10E5D0004146284611F015F8DAE7084A0849094883
:10E5E00040F27E530AF057FA002383F31188BFF3F9
:10E5F0006F8F0323184602DF8EE700BFBC3802008E
:10E60000DF410200C32E020003390200B1370200CD
:10E61000F93702001F39020070B50C461946A37A7B
:10E6200005461646042B00F29680DFE803F003034C
:10E630000A177500002E7ED12146BDE87040FFF715
:10E640008FBE052E77D1237A032B01D00A2B72D1EE
:10E6500021462846BDE87040FFF706BE012E6AD16C
:10E66000CB786372023B172B53D801A252F823F0E8
:10E67000E5E6000013E7000013E7000013E70000E1
:10E6800013E70000DDE6000013E70000D1E600001C
:10E6900013E7000013E70000D7E6000051E6000092
:10E6A00013E7000013E7000013E700000BE700008A
:10E6B00013E7000051E6000013E7000005E7000043
:10E6C00013E7000013E7000013E7000051E6000025
:10E6D00010F09AFDBCE710F003FEB9E7204610F0F9
:10E6E0001FFDB5E740F22A33204A214921480AF0AC
:10E6F000D2F9002383F31188BFF36F8F03231846E9
:10E7000002DFA5E710F095FFA2E7204610F054FEC7
:10E710009EE740F24333E7E76EB9237A042B0BD12F
:10E7200010F081F938B121462846FFF735FD28461B
:10E7300010F08CFCA67270BD0C4A0D490D484FF4C8
:10E740005C730AF0A8F986F31188BFF36F8F032377
:10E75000184602DFEFE7054A0549064840F28E33C6
:10E760000AF099F9002383F31188EEE7BC38020020
:10E77000DF410200C32E020038B58B7B05460C46F4
:10E7800063B310F0CDFB84420DD0154A15491648ED
:10E7900052230AF080F9002383F31188BFF36F8FAF
:10E7A0000323184602DFA36983B11B792C2B0DD1FB
:10E7B0000B4A0E490C4857230AF06DF9002383F3E6
:10E7C0001188BFF36F8F0323184602DF284610F02D
:10E7D00049FB2046BDE83840FFF768B938BD00BFA7
:10E7E000443902008A390200C32E02009C3902001B
:10E7F00038B5054610F094FB037A013B04460B2B19
:10E800001ED8DFE803F0171717171D1D0611111783
:10E810001D1701460022284610F002F8214628461E
:10E82000BDE83840FFF7A8BF01460022284610F097
:10E83000E7FFF3E701460022284610F002FBEDE770
:10E84000074A084908484FF4E4730AF024F9002302
:10E8500083F31188BFF36F8F0323184602DFDDE7D0
:10E8600044390200DF410200C32E020038B50546DC
:10E8700010F056FB044668B9094A0A490A484FF4A1
:10E88000EA730AF008F984F31188BFF36F8F03234A
:10E89000184602DF0023A5F8F2300123A37338BD28
:10E8A00044390200F1390200C32E020038B590F855
:10E8B000F0300446032B28D8DFE803F008230223B6
:10E8C000022902D1002384F8F03038BD012914D088
:10E8D00003290ED00029F8D110F022FB0028F4D033
:10E8E000057A2046FFF784FF0A2D14BF0123032376
:10E8F000E9E710F04DFB0223E5E7BDE83840FFF7FC
:10E90000B5BFBDE8384010F053BB084A0849094874
:10E9100040F256230AF0BFF8002383F31188BFF3B7
:10E920006F8F0323184602DFCFE700BF4439020090
:10E93000DF410200C32E020038B50C461146A36128
:10E940001A46237A2161013B05460B2B1FD8DFE8CD
:10E9500003F0060606061E1E161A1A061E06214695
:10E9600010F06AFAA36923B11B792C2B1CBF00237A
:10E97000A36121462846BDE83840FFF7FDBE214689
:10E980000FF032FFEEE7214610F01AFFEAE7084ADF
:10E990000849094840F23D130AF07DF8002383F34B
:10E9A0001188BFF36F8F0323184602DFDAE700BF39
:10E9B00044390200DF410200C32E020010B5436853
:10E9C0000468034A03F0EF032240C1E9002310BDAD
:10E9D0002FCF87F770B58C69002306460D468B61F3
:10E9E0006CB9164A1649174840F207130AF053F853
:10E9F00084F31188BFF36F8F0323184602DF1923B6
:10EA000022792371338DE38095F8203023776BB919
:10EA10002B8DE3836B8D2384AB8D63842C2A0CD1E7
:10EA200020682146BDE870400FF0AEB8738DE383D7
:10EA3000B38D2384B6F88C31EFE770BD043A020041
:10EA4000B1370200C32E0200F8B58C6900230646D8
:10EA50000D468B616CB9104A104911484FF4507340
:10EA60000AF019F884F31188BFF36F8F0323184657
:10EA700002DF032327792371338DE38004F11C0126
:10EA8000284610F0DCFC2C2F05D120682146BDE87B
:10EA9000F8400FF079B8F8BD043A0200B13702002F
:10EAA000C32E020038B50D46044610F0CFFA2B7A7B
:10EAB000092B0FD194F93930002B06DB074B1A686C
:10EAC000944207D100221A6004E0204610F059F960
:10EAD0000028F3D00023AB7238BD00BFC421002052
:10EAE000F8B5CD69002307460C461646CB618DB9B3
:10EAF000FFF702F8054668B9254A2649264840F23C
:10EB00000A3309F0C8FF85F31188BFF36F8F032321
:10EB1000184602DF102E05F1040014D0112E29D062
:10EB20001EB3072E2DD01A4A1C491B484FF44973B7
:10EB300009F0B1FF002383F31188BFF36F8F032324
:10EB4000184602DF03E00146204610F0A3FCEB79F3
:10EB50006373294638460FF070FF237A092B15D1CD
:10EB60003846BDE8F84010F08DBE0146204610F052
:10EB7000DFFCECE794F8202094F8211010F011FC51
:10EB8000E5E70146204610F0BFFAE0E7F8BD00BF18
:10EB9000043A02002C380200C32E0200DF410200BA
:10EBA00038B58B6905460C4673B11F4A1F4920488A
:10EBB00040F2623309F06FFF002383F31188BFF343
:10EBC0006F8F0323184602DF0FF035FF2C23A0615F
:10EBD000037194F83420012384F823300023236345
:10EBE0004AB1238DB3FBF2F313FB02F3E28C9BB229
:10EBF0009A4298BF2385238F228D9A4222BF40F2EA
:10EC0000E2425343236328460FF052FBAB8D063399
:10EC10001844A084002221462846FFF761FF4FF6E2
:10EC20000B73638138BD00BF043A02004D3A020005
:10EC3000C32E02002DE9F041DFF8DC80D8F8003067
:10EC400005460C462BB1984203D00123A372BDE8C0
:10EC5000F081284610F082F90028F6D1284610F0FD
:10EC600002FE07460028F0D121462846FEF73CFF69
:10EC70000028EAD028460FF01BFB01210646284653
:10EC800010F0EBFDE686E66984F83470C8F80050B1
:10EC9000E761CEB921462846FEF72EFF064698B911
:10ECA0001E4A1F491F4840F22F1309F0F4FE86F355
:10ECB0001188BFF36F8F0323184602DF042120461B
:10ECC00010F0BDFBF379FFDE311D204610F0B7FBDD
:10ECD000F3796373314628460FF0AFFE237A092B90
:10ECE00002D1284610F048F995F83930DB0902D0F6
:10ECF00004236381ABE7094A0B490A4840F29B139E
:10ED000009F0C9FE002383F31188BFF36F8F03233B
:10ED1000184602DF9BE700BFC4210020043A02002E
:10ED20002C380200C32E0200DF41020038B50C4629
:10ED3000054610F0F4FD237A092B05D1044B1A681F
:10ED4000954204BF00221A600023A37238BD00BFA1
:10ED5000C421002070B51F4B1A6805460C46C2B18D
:10ED6000904216D002238B7210F086FD064628BB17
:10ED700021462846FEF7B8FE00B34FF472632384A1
:10ED80002146284610F0AEFC2046FEF7E3FEA661C1
:10ED900070BD208D698D1D608842628DA38D06D166
:10EDA000A98D914203D1B5F88C219A420BD021460E
:10EDB0002846FFF749FE0423A372E9E72046BDE891
:10EDC0007040FEF7A5BE2046FEF7C4FE0023A361F7
:10EDD0000523F1E7C4210020F8B50C461946A37AB3
:10EDE000054616460C2B00F2F480DFE813F00D0008
:10EDF00027005A005D006A0075008F00F200920043
:10EE000095009900E000E40036B9237A082B04D07D
:10EE1000092B04D10123A372F8BD0A23FBE7724A30
:10EE20007249734840F2CE3309F035FE86F31188FB
:10EE3000BFF36F8F0323184602DFEDE7012EEBD1FE
:10EE4000204610F052FBE18C228DA08D638D94F84A
:10EE50003460052902D9B2F5486F08D940F61E730F
:10EE6000238421462846BDE8F84010F03BBC91427F
:10EE7000F4D8B3F5FA7FF1D2A0F10A0189B240F6D5
:10EE80007647B942EAD801339BB25343B3EB800FC4
:10EE9000E4D2B242E2D321462846BDE8F840FFF76B
:10EEA00059BF012EB8D8F6E7002EB5D10FF0BBFD43
:10EEB00008B90323AFE721462846FFF7C5FD042321
:10EEC000A9E7032E06D0042EA6D10F2384F8213003
:10EED0000623A0E705239EE7002E9DD190F9393047
:10EEE000002B06DBA66121462846BDE8F84010F05D
:10EEF000DABB94F820302BB921462846BDE8F8400B
:10EF000010F09ABB0F2384F82130AAE7002E83D19A
:10EF1000A7E7002E80D1EFE7002E7FF47DAFE2E778
:10EF2000022E7FF479AF90F83930C3F3C012DB09B9
:10EF300017D184F84C2010F09FFC08B10D236AE72C
:10EF400021462846FEF7D0FD0028F7D02146284666
:10EF50000722FFF7C5FD21462846BDE8F840FFF728
:10EF6000E5BE204610F003FB204610F07DFBA0B16B
:10EF70002846A68C0FF09CF9361AB6B247F6FE73F7
:10EF80009E4212D82046FEF7C3FD0B23A3722146F2
:10EF90002846BDE8F84010F0E3BB1E2385F8503149
:10EFA000284610F0BCFC002335E72823F6E7002EA6
:10EFB0007FF432AFEBE7002E7FF42EAF0FF033FD7E
:10EFC00000283FF429AF21462846BDE8F840FFF766
:10EFD000E7BD054A0549064840F22D5309F05BFD9F
:10EFE000002383F3118823E7043A0200DF41020083
:10EFF000C32E0200F8B50C461946A37A05461646FC
:10F00000062B00F2C380DFE803F0041DC1C12054C9
:10F010009900CEB9237A092B05D121462846BDE8AF
:10F02000F840FFF707BE5F4A5F4960484FF4F57349
:10F0300009F031FD86F31188BFF36F8F0323184663
:10F0400002DF01E0002EE8D0F8BD032E2FD0042E01
:10F050001FD0022EF8D1204610F089FA204610F079
:10F0600003FB014658B9284610F0F7FB1E2385F82C
:10F07000503121462846BDE8F840FFF713BD314620
:10F08000284610F0EAFB2046FEF742FD0623A37255
:10F09000DAE7D0F8303123F00203C0F830311A2318
:10F0A00084F8203021462846FFF794FCE1E74B79AD
:10F0B000F6E7002EC8D10FF051FF08B10523E6E7AF
:10F0C00021462846FEF710FD0028F7D03146284695
:10F0D00010F0C3FBE769E661E7B921462846FEF771
:10F0E0000BFD0746B0B92F4A3149304840F22F1383
:10F0F00009F0D1FC86F31188BFF36F8F0323184604
:10F1000002DF042094F8202094F8211010F049F92F
:10F11000F379FFDE94F8202094F82110381D10F0C8
:10F1200040F9FB796373394628460FF086FC237A51
:10F13000092B9ED128460FF01FFF9AE7002E83D19E
:10F140000FF0B6F8A38CC01A03043FF57DAF31462B
:10F15000284610F082FB2146284610F0DDFA237A7B
:10F16000092B07D094F8226076B92046FEF7F2FC0E
:10F17000A6617EE728460FF007FF237A092BF1D11D
:10F1800094F82030002BEDD0002389E7054A06498A
:10F1900006484FF4357309F07EFC002383F3118891
:10F1A0004AE700BF043A0200DF410200C32E02001A
:10F1B0002C38020070B5D37F012B05460C4630D1A8
:10F1C0008B7A012B03D013F0FD0F1AD170BD02F121
:10F1D0001C01204610F0E1F92846268C0FF068F853
:10F1E000361AB6B247F6FE739E4202D80223A372C5
:10F1F000ECE7282385F85031284610F090FB0023D7
:10F20000F5E70A4A0A490B4840F2271309F043FC84
:10F21000002383F31188BFF36F8F0323184602DFA7
:10F22000D4E7242380F85031E7E700BF6D3A0200AD
:10F23000DF410200C32E020038B58B7A012B054650
:10F240000C4604D0022B03D093B90123A37238BD1E
:10F250000FF02EF8238CC01A0304F8D404F1220115
:10F2600028460FF031F8284610F059FB0023EDE74F
:10F27000074A0849084840F2271309F00CFC00230C
:10F2800083F31188BFF36F8F0323184602DFDEE795
:10F290006D3A0200DF410200C32E020070B5D0F8C3
:10F2A000F85004466DB91F4A1F4920484FF40273B5
:10F2B00009F0F1FB85F31188BFF36F8F0323184624
:10F2C00002DF94F80431012B03D1022384F80031CA
:10F2D00070BD29462046FEF707FC0028F5D02946D8
:10F2E0002046FEF709FC064668B90E4A10490F4849
:10F2F0004FF4E87309F0CFFB86F31188BFF36F8FEB
:10F300000323184602DF311D28460FF0FDFEF37976
:10F310006B73314620460FF090FB0123AB73002343
:10F32000D4E700BFB23A0200F1390200C32E020056
:10F330002C380200F8B5D0F8F85004466DB92F4AC1
:10F340002F4930484FF4FC7309F0A5FB85F3118871
:10F35000BFF36F8F0323184602DF94F80431012BAB
:10F3600003D1012384F80031F8BD29462046FEF779
:10F37000BBFB0028F5D029462046FEF7BDFB06461C
:10F3800068B91E4A20491F484FF4E87309F083FB0F
:10F3900086F31188BFF36F8F0323184602DF2046E0
:10F3A0000FF0BEFD2B7A027A9A4206F104071BD0B9
:10F3B000082A1BD1092B14BF2A22232294F82031BA
:10F3C000B3B1D4F830315B0712D594F80711384641
:10F3D0000FF0E7FFF3796B73314620460FF02DFBFA
:10F3E0000123AB730023BDE72322E7E72A22E5E7E9
:10F3F000114638460FF0CBFFECE700BFB23A0200EF
:10F40000F1390200C32E02002C38020038B58B7B84
:10F4100005460C466BB3D0F8F83099420DD0154A2A
:10F4200015491648772309F036FB002383F311882A
:10F43000BFF36F8F0323184602DFA36983B11B79E3
:10F440002C2B0DD10B4A0E490C487C2309F023FBD1
:10F45000002383F31188BFF36F8F0323184602DF65
:10F4600005F1F80010F0EFF92046BDE83840FEF74E
:10F470001DBB38BDB23A02008A390200C32E020019
:10F480009C39020038B5D0F8F8502B7A013B04467D
:10F490000B2B25D8DFE803F01F1F1F1F06061015D2
:10F4A000151F1A1F002229460FF075F8294620461D
:10F4B000BDE83840FFF7AABF002229460FF0D4F973
:10F4C000F4E70022294610F0B2F9EFE700222946BE
:10F4D000FFF7B2FEEAE7002229460FF0BFFCE5E79E
:10F4E000074A084908484FF4E07309F0D4FA0023AA
:10F4F00083F31188BFF36F8F0323184602DFD5E72C
:10F50000B23A0200DF410200C32E0200022938B5E0
:10F5100004460D460AD0042924D0012921D1D0F86F
:10F52000F830F3B1BDE83840FFF7ACBFD0F8F85081
:10F53000002380F805316DB90D4A0E490E4840F29E
:10F540001B2309F0A8FA85F31188BFF36F8F0323FB
:10F55000184602DF00230122A4F80231AA7384F8BE
:10F56000003138BD10F097F984F80051F9E700BF79
:10F57000B23A0200F1390200C32E0200F8B590F849
:10F58000003104460D461646052B00F28480DFE864
:10F5900003F00961277E037E032906D1002384F846
:10F5A000003102E011B104296CD0F8BDD0F8F85058
:10F5B000002DFAD02B7A90F8060194F839C0102B60
:10F5C00013D83D4A012101FA03F73A40E2B917F492
:10F5D000386F0AD00A2B23D03BBBF37F85F84C3021
:10F5E0002046BDE8F840FFF759BE344A3449354853
:10F5F0006A2309F050FA002383F31188BFF36F8F59
:10F600000323184602DF2B7A0A2B09D0002BE4D003
:10F61000002384F805312046FFF734FF0323BEE7BB
:10F620002046FFF72FFF0523B9E708B90123F0E7CC
:10F630001CF0800F09D0012811D120460FF070FC7A
:10F640000028F3D0FF23C372F0E7012807D1F37F2E
:10F6500084F807312046BDE8F840FFF76BBE02286A
:10F66000A3D120460FF05CFC2B7A027A9A4203D099
:10F67000082A05D1092B03D1232384F8503194E7BC
:10F680002A23FAE710F007F984F800518DE7BDE866
:10F69000F840FFF73BBF094A09490A4840F2FE23F8
:10F6A00009F0F9F9002383F31188BFF36F8F032367
:10F6B000184602DF79E700BF7FF40100B23A02008A
:10F6C000DF410200C32E020038B50C461146A3618B
:10F6D0001A46237A216105460C2B28D8DFE803F06F
:10F6E0000A0707070717171B1F1F072307002146D5
:10F6F0000FF0ABFBA36923B11B792C2B1CBF00239C
:10F70000A36121462846BDE83840FFF77FBE214669
:10F710000EF017FFEEE721460FF08EF8EAE72146DC
:10F7200010F072F8E6E72146FFF744FDE2E7084AE9
:10F730000849094840F2391309F0ADF9002383F371
:10F740001188BFF36F8F0323184602DFD2E700BF93
:10F75000B23A0200DF410200C32E02002DE9F0415F
:10F7600005460F4616461C46C3B1D37F1B2B33D824
:10F770001D4990F839200FFA83FC01EB4303D209AD
:10F780005B78012494401C4008D011F81C400A2CDE
:10F7900004D110F0D0F828460FF061FC2046FEF7A7
:10F7A00005FA0446F0B100230360D5F8FC30ABB98C
:10F7B000C5E93E003146284610F0A9F82146284602
:10F7C000FFF724FED5F8F81061B133463A462846D3
:10F7D000BDE8F041FFF778BF0024DFE71860C5F807
:10F7E000FC00E7E7BDE8F081F93A020010B50C46ED
:10F7F00070B10B4A0B490C4840F2892309F04BF9D0
:10F80000002383F31188BFF36F8F0323184602DFB1
:10F8100094F874316FF3000384F8743110BD00BFA5
:10F82000313B0200773B0200C32E020008B570B1E5
:10F83000074A0849084840F2812309F02CF90023BF
:10F8400083F31188BFF36F8F0323184602DF08BDCF
:10F85000313B02007E3B0200C32E0200012810B59E
:10F860000C4612D1FAF7AEFC84420ED0074A084982
:10F87000084840F2792309F00EF9002383F3118838
:10F88000BFF36F8F0323184602DF10BD313B020028
:10F890008A3B0200C32E02002DE9F843099D9DF822
:10F8A00020900646288D4FF6FF71884290461F46ED
:10F8B00041D031462846FDF777F900283BD12C7816
:10F8C0000134E4B22C706CB91C4A1D491D4840F249
:10F8D000262309F0E0F884F31188BFF36F8F032328
:10F8E000184602DF184A05F11C03D360174B178135
:10F8F000C2E9006882F80A909A600022114601204D
:10F90000F9F7FEF970B10D4A11490E4840F2332360
:10F9100009F0C1F8002383F31188BFF36F8F03232D
:10F92000184602DFFF20FDF771F92846FF21BDE8E8
:10F93000F843FDF711BABDE8F88300BF313B020080
:10F940002E350200C32E0200B02400201C0400202B
:10F95000DD31020010B5038E88B04BB390F87431DE
:10F9600013F0010424D143F0010380F87431114BEA
:10F970000690CDE90443CA1C0123CDE90243CDE939
:10F9800000442346D2B2032120460EF0A3F810F023
:10F99000FD0F0DD0084A094909484FF4F67309F0E4
:10F9A0007AF884F31188BFF36F8F0323184602DFC0
:10F9B00008B010BDEDF70000313B02007A360200BE
:10F9C000C32E0200054BFF221A705A709A70DA702B
:10F9D0001F221A71024B25221A707047492C0020F1
:10F9E000482C00202DE9F04380EA0104264E2748E8
:10F9F000032540F6020C48F220074FEA14290CFBBD
:10FA000009FE07FB09F90EEA000E09EA06094EEAAB
:10FA1000090E5FFA84F80EEB0E240EEB042E0CFB9D
:10FA200008F407FB08F808EA0608044044EA08045A
:10FA300004EB042804EB08244FEA1E4EC4F30744E9
:10FA400044EA0E2404EB0414013D0C4415F0FF05B8
:10FA5000A4B2D2D125206140B1FBF0F400FB141414
:10FA6000C4F3C405E0B2555D04F0070445FA04F49C
:10FA7000E40707D45943BDE8F043C1F307411046FA
:10FA80000FF08BBFBDE8F083408408001021020016
:10FA90000C4870B50C4C00232826411E10F833206A
:10FAA000072A9FBF7243A55C6FF34515A55411F853
:10FAB00033206FF3000201F833200133082BEDD11E
:10FAC00070BD00BF3B2D0020C4240020194B1A78C4
:10FAD0006FF300021A7093F828206FF3000283F886
:10FAE000282093F850206FF3000283F8502093F8F9
:10FAF00078206FF3000283F8782093F8A0206FF34A
:10FB0000000283F8A02093F8C8206FF3000283F866
:10FB1000C82093F8F0206FF3000283F8F02093F8E8
:10FB200018216FF3000283F81821034B00221A708A
:10FB3000704700BFC4240020B02C00202DE9F843FA
:10FB4000884615460AB1FF231370114F0024A7F110
:10FB5000020900F0010619F83430DA070CD5C3F3B6
:10FB60004003B3420DD106224146384611F02EFC27
:10FB700038B9E0B2BDE8F8831DB12B78FF2B08BF80
:10FB80002C700134082C07F10807E4D1FF20F1E7BD
:10FB90003C2D00202049214ADFF884C02DE9F043A4
:10FBA000204E0023951E8C1E01274FF0280E15F8BD
:10FBB0003300C00727D596F8008012F8010CB8F181
:10FBC000000F0AD0072808D80EFB00F01CF8000030
:10FBD00010F0040F01D0C00615D594F8008015F878
:10FBE000330007FA03F948EA090884F80080C0F3F3
:10FBF000400094F80180984048EA00006070106866
:10FC00000860908888800133082B01F1060102F119
:10FC10000802CCD1BDE8F0837C2D00203C2D0020D3
:10FC2000C4240020392D002012481349F0B50023C8
:10FC30004E1E2827841E4FF0010C07FB03F2B25C16
:10FC4000D5070FD525780CFA03FE45EA0E05257079
:10FC5000C2F3801265789A402A4362700A68026093
:10FC60008A8882800133082B00F1060001F1280107
:10FC7000E3D1F0BD502C0020C524002038B5054646
:10FC800000200EF096F80446F8B92878FF281ED018
:10FC90002246691CFFF752FF072814D80D4A02EBD1
:10FCA000C0035B78072B06D828250B496B43CD5C36
:10FCB00064F34515CD5412F830306FF3000302F8A9
:10FCC0003030E0B238BD0224FBE70C20FAE72046D2
:10FCD000F8E700BF3A2D0020C424002007282DE9B2
:10FCE000F0410446884615460ED91B4A1B491C485C
:10FCF0004FF48C7308F0CFFE002383F31188BFF319
:10FD00006F8F0323184602DF2823164E6343F35CEC
:10FD100013F001070DD1104A1349114840F219138D
:10FD200008F0B9FE87F31188BFF36F8F03231846DD
:10FD300002DF282303FB04F2B25CC2F3801288F8CE
:10FD40000020012213FB0423F218F3582B60938840
:10FD5000AB80BDE8F08100BFB93B0200FB3B020075
:10FD6000C32E0200C4240020063C020010B5044645
:10FD700000200EF017F830B90CB1012C05D1044B5E
:10FD800000201C7010BD0C20FCE71220FAE700BF19
:10FD9000392D00204FF47A735843014B1860704797
:10FDA000C024002010B50446FFF772FE0D4B002260
:10FDB0001A700D4B0D4A1A600D4B4FF0FF304FF08B
:10FDC000FF31C3E90001FFF781FE2CB1BDE810400F
:10FDD0000849094811F093B8BDE81040064811F0F1
:10FDE0009AB800BF392D0020C0240020A0BB0D0010
:10FDF000B80F00204D000100880F0020034A044B7B
:10FE0000002814BF10461846704700BF7A2D002006
:10FE10004E2C002070B5A0B10C4B1D684FF400446F
:10FE200040F2E73000214FF47A720023E5FB040131
:10FE3000F0F766F9BDE8704002460B46044806F04C
:10FE4000E1BBBDE87040024811F065B8C024002055
:10FE5000880F0020094B10B500241C705C7008B19D
:10FE6000FFF798FE064B1C705C70064B1B781BB1AD
:10FE7000BDE81040FFF7D8BE10BD00BF7A2D0020AE
:10FE80004E2C0020392D00202DE9F04F87B0019035
:10FE900011F0D2F94FF47A73A0FB030503FB01556F
:10FEA000019BC40B44EA4544ED0B002B40F08E80CF
:10FEB0005E4BD3E90023B3F1FF3F08BFB2F1FF3F30
:10FEC00000F084805A490968A21A65EB03038A424C
:10FED00073F10003ACBF4FF0010A4FF0000A554F19
:10FEE000DFF854810026B9464FF0280B0BFB06F3D0
:10FEF00019F80330DA0757D5BAF1000F01D1980786
:10FF000052D40BFB06F319F80330590721D5FA7DBB
:10FF10004A4B02A903EB021303F11002084612F840
:10FF200001CD01F801CB9A42F9D107F11E010AF087
:10FF300077F870B1424A4349434840F2F32308F04E
:10FF4000AAFD002383F31188BFF36F8F03231846A4
:10FF500002DF0BFB06F319F803301A071CD502A9C0
:10FF6000F81D0AF05DF870B1354A3649364840F25E
:10FF7000013308F090FD002383F31188BFF36F8FE6
:10FF80000323184602DF0298BDF80C30C8F80000C1
:10FF9000A8F80430C7F824800BFB06F219F80230E9
:10FFA00043F0020309F802300136082E08F1060872
:10FFB00007F128079AD1BAF1000F02D01B4BC3E911
:10FFC0000045019B2BB907B0BDE8F08F4FF0010A47
:10FFD00085E70020FCF714FA04460028F3D094F8D3
:10FFE0006A305B07EFD594F82630072BEBD8FF2358
:10FFF0008DF8083094F8293004EB830302A9DE6AF7
:020000021000EC
:1000000004F128000FF0D8FD72780546023231461F
:1000100011F015FB294620460DF0D4FE9DF808305E
:10002000FF2BD0D084F82930CDE700BFB80F0020D7
:10003000C0240020C4240020802C0020B92C0020E3
:10004000B93B0200DD310200C32E020070B5012071
:10005000FFF71AFF0A4B1D684FF4004440F2E730E7
:1000600000214FF47A720023E5FB0401F0F748F811
:10007000BDE8704002460B46024806F0C3BA00BF16
:10008000C0240020880F0020072870B504461ED821
:10009000282343430F4DEB5C1A07C3F3C00015D56B
:1000A000C3F340069B070DD40B4A0C490C484FF490
:1000B0004A7308F0F0FC86F31188BFF36F8F0323B7
:1000C000184602DF282303FB0455686A70BD002030
:1000D000FCE700BFC4240020B93B0200173C02002B
:1000E000C32E0200072810B503460CD82821484328
:1000F000064A145CC4F38000640703D501FB0322A5
:1001000002F11E0010BD0020FCE700BFC424002047
:100110002DE9F84F894614460AB1FF231370164F94
:10012000002507F1FF3A4FF0280B00F001060BFB0A
:1001300005F35FFA85F81AF80330DA0708D4ACB98A
:100140000135082D07F12807F1D14FF0FF080AE02B
:10015000C3F38013B342F3D106224946384611F067
:1001600035F90028ECD14046BDE8F88F2378FF2B05
:1001700008BF84F80080E3E7C52400202DE9F74399
:10018000074600200DF015FE0446002843D197F8DD
:100190000090B9F1FF0F36D007F101080DF1070209
:1001A00041464846FFF7CAFC07282BD99DF807604F
:1001B000072E2ED8194D15F8363069F3410305F88E
:1001C0003630022303EBC603D7F80110E9505A1961
:1001D000B7F805309380387822464146FFF798FFFC
:1001E000F30007282B4411D8587028230C4A584391
:1001F000135C43F02003135415F8363043F0010329
:1002000005F83630E0B203B0BDE8F083FF225A7043
:10021000F2E70724F6E70C20F5E700BF3A2D0020AF
:10022000C42400202DE9F04F814685B000208B4684
:1002300017460DF0B7FD002840F08F80CA460DF13B
:100240000F021AF8010B5146FFF762FF072840F230
:1002500086809DF80F60072E00F2838006EB8608EB
:100260004FEAC808404CD9F8011008F101031A19E7
:10027000E15028257543BAF80430938099F80010AE
:10028000625D631961F3861258461021019362552D
:100290000DF0F6F8625D102160F382023846625577
:1002A0000DF0EEF8625D019B00F0010060F3C30207
:1002B00012F0040F62553AD180B108F107033A46B3
:1002C000234407F1100152F8040B43F8040B8A424F
:1002D000F9D1282303FB064300225A6208F11808CB
:1002E00004EB0803002544F808509D80282373433D
:1002F0005146E25C22F01202E2542A4699F80000CC
:10030000FFF71CFC07289FBF184B03EBC003012518
:100310005E7028235E436D01A35D45F0010523F067
:1003200021031D43A555002005B0BDE8F08F1049FD
:100330000A78DA750F4B9E54531C0B704FF0FF3345
:1003400003EB02130C4A0BF11001134411F8012DB9
:1003500003F8012F5945F9D1AEE70C20E4E712204C
:10036000E2E70720E0E700BFC42400203A2D002088
:10037000B02C0020B12C0020B92C00202DE9F8432E
:10038000064600200DF00EFD024600285DD13746DE
:1003900017F8010B3946FFF7BBFE0728044656D86D
:1003A00028232C4D4343EA18EB5C5B0732D5DFF87A
:1003B000A8C0D17D9CF80020531E023A062ADBB269
:1003C00026D8994224D0254A02EB031000F1100EE2
:1003D00002EB011250F8048B42F8048B7045F9D1FE
:1003E0001C4800224FF0280808FB02FE05EB0E090E
:1003F00015F80EE01EF0010F21D01EF0040F1ED0E4
:1004000090F817E09E451AD1154889F81710425404
:100410008CF80030002230783946FFF78FFB072830
:100420009FBF104B03EBC003FF225A7028235C438D
:1004300000202B5D6FF300032B55BDE8F8830132DC
:10044000082A00F12800CFD1E2E70C20F5E70220CE
:10045000F3E700BFC4240020B02C0020B92C0020FA
:10046000B12C00203A2D002038B51C465B7903F0F2
:10047000C003402B15D119B10022FFF749FE0246F7
:10048000072A0ED82823074903FB02F0085CC0079F
:1004900007D5182013FB02032068C8505A18A388F8
:1004A000938038BDC4240020F8B50C4601460022D4
:1004B00011F8010BFFF72CFE072801D90220F8BD27
:1004C000084F2825182315FB0035EE190621304664
:1004D0000CF0D6FF0028F1D078592060B388A380B3
:1004E0000020ECE7C424002010B50C460146002291
:1004F00011F8010BFFF70CFE07280AD8064B28223B
:1005000002FB003300205B6A1A6822609B88A3808C
:1005100010BD0220FCE700BFC424002038B504460B
:1005200000200D460DF03EFC0246E0B9214611F8D0
:10053000010BFFF7EDFD072817D81DB1012D0AD0DB
:10054000122038BD28220A4B50431A5C65F304126E
:100550001A540020F5E72823054A5843135C43F05A
:1005600010031354F5E70C20EBE70220E9E700BF86
:10057000C424002007289FBF28235843034B185C3E
:1005800094BFC0F3C0000020704700BFC424002007
:10059000024B1B7803700248704700BFB02C00204C
:1005A000B92C002038B51F4B1B78834204460ED867
:1005B0001D4A1E491E4840F2793308F06CFA0023A8
:1005C00083F31188BFF36F8F0323184602DF194BA3
:1005D0001D5D072D0ED9144A1749154840F27B338B
:1005E00008F059FA002383F31188BFF36F8F0323B8
:1005F000184602DF2823114A6B43D35C13F0010431
:100600000DD1094A0E490A484FF45F7308F043FAC6
:1006100084F31188BFF36F8F0323184602DF284647
:1006200038BD00BFB02C0020B93B02009E3D020047
:10063000C32E0200B12C0020BB3D0200C4240020C8
:10064000923D0200072870B504461AD828230E4EA2
:100650004343F35C13F001050DD10C4A0C490D48DE
:1006600040F2873308F017FA85F31188BFF36F8FD4
:100670000323184602DF28235C43305DC0F340109B
:1006800070BD0020FCE700BFC4240020B93B02007D
:10069000063C0200C32E0200F0B51378FF2B25D1D3
:1006A000134D00236E1E282707FB03F4345D14F05E
:1006B000010F16D0C4F38014844212D1002415F81F
:1006C00004E011F804C0E6450BD10134062CF6D144
:1006D000137028225343F05C430707D5C0F3001082
:1006E000F0BD0133082B05F12805DDD10120F7E726
:1006F000C5240020024B1878003818BF012070472D
:10070000392D00201FB5079BD3E900209047012811
:10071000044611D00DF10F010DF10E000DF03BFA62
:10072000002300939DF80F20044B9DF80E0001213B
:10073000F9F7F2F8024BDC6004B010BD4507010088
:100740001C2600201FB50DF10F010DF10E000DF05C
:1007500022FA9DF80F209DF80E000023013200932D
:10076000D2B2034B0221F9F7D7F805B05DF804FBCC
:10077000110801002DE9F0438DB006460F460DF13A
:100780002E000DF12F01904699460DF004FA9DF8C8
:100790002F509DF82E00009700240135CDE9074425
:1007A000CDE90589CDE90344CDE901443346EAB2F8
:1007B00001210DF074F910F0FD0F0AD0064B9DF8E1
:1007C0002F20DC609DF82E00044B00940121F9F7E6
:1007D000A3F80DB0BDE8F0831C26002045070100FA
:1007E000019B024A3121FFF7C5BF00BFF10701009D
:1007F00070B5059D0446F9F79DFC2B462046034A3B
:10080000BDE870400621FFF7B5BF00BF0507010036
:10081000014805F0AFBC00BF0426002008B5012246
:100820000021024810F0A1FA002008BD0426002093
:10083000024BA0F2A462C3E9002070471C260020EE
:1008400008B50DF05FF9014B986008BD1C2600202B
:1008500008B5094BD3F8402132B10020C3F840015C
:10086000D3F84031F8F7FCFF0120F8F79BFABDE818
:1008700008400220F8F796BA00B0004038B570B1D1
:100880001F4A2049204840F2EB3308F004F90023C6
:1008900083F31188BFF36F8F0323184602DF1B4BCE
:1008A0001B4C1B7822789A420ED0154A19491648DB
:1008B0004FF47C7308F0EFF8002383F31188BFF343
:1008C0006F8F0323184602DF2378134D0133237003
:1008D000124C2B7822789A420ED1094A10490A48C4
:1008E00040F2F63308F0D7F8002383F31188BFF302
:1008F0006F8F0323184602DF2B78237038BD00BFAB
:10090000C13D02007E3B0200C32E0200AC2D002040
:10091000AD2D0020073E0200B12D0020B02D00209B
:10092000223E020070B5184E184D33782A789A424C
:1009300004460ED1164A1749174840F2D73308F03B
:10094000AAF8002383F31188BFF36F8F032318469F
:1009500002DF33782B70114E114D8CB933782A7821
:100960009A420DD10A4A0F490B4840F2E23308F08F
:1009700092F884F31188BFF36F8F0323184602DFC8
:1009800033782B7070BD00BFAF2D0020AE2D00203E
:10099000C13D0200493E0200C32E0200AC2D0020E2
:1009A000AD2D00206E3E020038B5184C184D23784E
:1009B0002A789A420ED1174A1749184840F28343C1
:1009C00008F069F8002383F31188BFF36F8F0323C6
:1009D000184602DF2B782370114B059A9A6000228B
:1009E00011460120F8F78CF970B10A4A0D490B48FD
:1009F00040F2894308F04FF8002383F31188BFF3D6
:100A00006F8F0323184602DF38BD00BFAC2D0020D6
:100A1000AD2D0020C13D0200893E0200C32E020020
:100A20002C0400207A3202002DE9F04FDFF840A1BB
:100A3000DFF840B19AF8003017464F4A12789A42D0
:100A40008BB00E4605D14D4B4D4A1B7812789A4219
:100A50007BD0FB68D7F800901B68D3E90121DC68E4
:100A600091422CBFC4EB0104C4EB020409EB040562
:100A700025F07F45DBF8001028460DF045F810F40E
:100A800000005FD03F4A404913780978994232D13B
:100A90003A4B3B491B78097899422CD013780133A3
:100AA0004FF00008DBB213704146384BCDF80080A0
:100AB00042464046F8F730FF10F0FD0F1BD0344A95
:100AC0003449354840F2754307F0E5FF88F3118853
:100AD000BFF36F8F0323184602DF2D4A2D492E489E
:100AE00040F2234307F0D7FF88F31188BFF36F8FDD
:100AF0000323184602DF5EB1337F9A0708D443F020
:100B000002033377F168B369CBF800503046984759
:100B10009AF80030CBF800500133DBB28AF800308D
:100B200000221E4B08920793FB6806931C4BCDE9ED
:100B30000222CDE90423CDE900424B46114610467E
:100B40000CF0ADFF0BB0BDE8F08FC368D0F800909B
:100B50001B68D3E90121DC6891422CBFC4EB01047E
:100B6000C4EB020409EB040525F07F450746CFE7F7
:100B7000B12D002034260020B02D0020AC2D002007
:100B8000AD2D0020AF2D0020AE2D00202509010045
:100B9000C13D020072340200C32E02007D08010034
:100BA000A9090100F0B5664DAB6889B00746EBB105
:100BB0002B68DBB1FF230DF10A008DF80A300EF02F
:100BC00052FF044690B1C368BB4229D16B682968C3
:100BD000E06803AA9847064600286AD1237FE168A7
:100BE00043F0020323772046A369984709B0F0BD7C
:100BF0000DF10A00F9F704FCF0B922460021204665
:100C0000FFF712FF30F00203F0D04E4A4E4940F297
:100C1000B4434E4807F03FFF002383F3118872E08E
:100C20000DF10A00F9F7ECFB06460028E5D0037F3A
:100C30009807F5D1304602E0037F9907D8D1C36801
:100C4000BB42D5D1864224D1237FE16843F0020321
:100C500023772046A3699847FF230DF10A008DF8FA
:100C60000A300EF000FF04460028BFD0C368BB4224
:100C7000ACD0344A3649354840F2CE4307F00BFF3A
:100C8000002383F31188BFF36F8F0323184602DF1D
:100C90009CE72C4A2F492D4840F2BE4307F0FBFE4B
:100CA000002383F31188BFF36F8F0323184602DFFD
:100CB000CAE7AB6829680020984716F10B0F36D1B8
:100CC000FF268DF80B600DF10B00F9F799FB044638
:100CD000F8B92B680793012328600093CDE904003D
:100CE0000690039BD5E9010104AAF9F747FB002808
:100CF0007FF47CAF134A1849144840F2FB4307F0D5
:100D0000CAFE84F31188BFF36F8F0323184602DFF6
:100D10006CE7237F9A07D6D4E26829689142D2D142
:100D200043F0020323772046A3699847C9E78C362E
:100D30003FF45CAF034A094940F2FD4369E700BF55
:100D400038260020C13D020072340200C32E02008A
:100D5000BC3E0200A43E0200E03E0200E53E02006E
:100D600010B515480FF05BFE10B3144B00249C60C7
:100D700000F046FA00281ADB224621460120F2F74D
:100D8000A5F8224601210B20F2F7A0F822462146C1
:100D90001820F2F79BF80120F2F768F80B20F2F721
:100DA00065F81820F2F762F80FF015F9204610BD2B
:100DB0006FF01200FBE700BFE818020038260020A1
:100DC00010B403460348826814688AB21946234661
:100DD00010BC1847E818020030B40446064883687F
:100DE0005D688AB225B12146AC46002330BC60471D
:100DF0006FF0850030BC7047E818020037B51B4B18
:100E0000044668B99D680DB1196879B9FF258DF858
:100E100007500DF10700F9F7F3FAC8B903B030BD78
:100E20001A688242F2D19D681DB101460020A84790
:100E3000ECE70F4A0F49104840F28B1307F02BFEE6
:100E400085F31188BFF36F8F0323184602DFDDE7B8
:100E5000037F9B07DDD4C1680CB18C42D9D1037FDD
:100E600043F00203037783699847D0E738260020D0
:100E7000C13D0200F13E0200C32E020038B5044617
:100E8000F9F7B0FA0546002C2DD11F4DAC686CB9AE
:100E90001E4A1F491F484FF4E57307F0FCFD84F319
:100EA0001188BFF36F8F0323184602DF2C680023DD
:100EB000AB602B6034BB0020F9F7BEFA2046F9F78F
:100EC00051FB044668B9114A134912484FF4FE73A6
:100ED00007F0E1FD84F31188BFF36F8F03231846F9
:100EE00002DF002038BD68B9084A0C49094840F2C1
:100EF000C51307F0D0FD85F31188BFF36F8F03236F
:100F0000184602DF2468D6E738260020C13D0200DB
:100F1000073F0200C32E02001B3F0200F83E020002
:100F2000262810B504460BD027280BD025280BD136
:100F3000022001F013FA2046BDE8104001F014BA77
:100F40001A20F6E75020F4E70A2802D802304000C1
:100F5000EFE7272801D80330F9E7084A084909488C
:100F600040F26E2307F097FD002383F31188BFF34F
:100F70006F8F0323184602DFDDE700BFC13D02008B
:100F8000DF410200C32E020008B50146114801F0FE
:100F90009BF901F095FA08B901F04EFA01F08CFCCA
:100FA0000FF03BF800F07EF900280EDA0A4A0B49F0
:100FB0000B4840F2EA2307F06EFD002383F311880B
:100FC000BFF36F8F0323184602DFBDE808400020FF
:100FD000FFF754BF7BFA0100C13D0200223F02002F
:100FE000C32E020008B501460F4801F06DF901F06B
:100FF00067FA08B901F020FA00F054F900280EDA77
:101000000A4A0B490B4840F2F92307F044FD00233C
:1010100083F31188BFF36F8F0323184602DFBDE807
:1010200008400020FFF72ABF7BFA0100C13D020003
:10103000223F0200C32E02002DE9F04F87B0834605
:101040001E460DF11700FF239DF8409002928A463C
:101050008DF817300EF007FD0446B8B1D0F80080C7
:1010600000250DF117000EF0FEFC074600284DD0BC
:1010700003680393414618460CF046FD039B00F4B9
:10108000000000281CBF98463D46EAE7414B9B689C
:10109000002B54D000253246029BCDF800905146DB
:1010A0005846F9F76BF9064668B93B4A3B493C4854
:1010B00040F2373307F0EFFC86F31188BFF36F8FF0
:1010C0000323184602DFB9F1000F1CD1002D5FD1B8
:1010D000002C14BF25463546324621462846FFF7E8
:1010E000A3FC30F002030ED02B4A2E492C4840F2CC
:1010F000493307F0D0FC002383F31188BFF36F8FCF
:101100000323184602DF6FF076043DE0214B9B6815
:10111000002BC0D1002DBED1B9F1000FBAD1B4421D
:101120000DD01D4A20491E4840F26E3307F0B3FC33
:1011300089F31188BFF36F8F0323184602DFF2682B
:10114000144B3046C3E9002BC3F808A0029B984714
:1011500004460DF117000EF086FC0246A0B10021F6
:10116000FFF762FC30F002030ED00B4A0D490C4829
:1011700040F28E3307F08FFC002383F31188BFF316
:101180006F8F0323184602DF204607B0BDE8F08FBB
:101190002C46A1E738260020C13D0200023F020094
:1011A000C32E0200723402002B3F020070B50646C7
:1011B0008AB00D460122002104A80FF0D6FD0F4B86
:1011C000019300240323694630460394029307F0F9
:1011D000ECFC002810DB4FF40046214640F2E730DB
:1011E0004FF47A720023E5FB0601EEF789FF024611
:1011F0000B4604A804F0E2FF0AB070BD5FFB0100DB
:1012000008B5012001F078FF044900234B60CB6052
:1012100001238B60BDE8084007F0C7BC48260020CA
:1012200010B5012001F068FF0449044607F038FDBD
:101230002046BDE8104007F00FBD00BF4826002043
:1012400010B50C4B1A780AB1002010BD012018709F
:1012500001F052FF4FF4FA710446FFF7A7FF002890
:10126000F3D1204607F0F8FC0228EDD06FF004001F
:10127000EBE700BFB22D002008B5094BBFF35B8F31
:1012800053E8002F511C43E800100028F8D1BFF3A9
:101290005B8F002A01DC01F037FF002008BD00BF92
:1012A0004426002008B50C4B1A68002A10DDBFF355
:1012B0005B8F53E8002F511E43E800100028F8D13F
:1012C000BFF35B8F012A01DC01F034FF002008BD71
:1012D0006FF07700FBE700BF44260020014B33F896
:1012E000100070478029020037B505460EF011FC4A
:1012F000962001F057FA002318461A46194601F0C5
:10130000B5F90120F8F7F6FF044668B9254A2649E1
:1013100026484FF4936307F0BEFB84F31188BFF3B4
:101320006F8F0323184602DF04F11C0001F072F8EE
:1013300001F0B2F870B11B4A1D491C4840F29C43B1
:1013400007F0A9FB002383F31188BFF36F8F0323FA
:10135000184602DF1748294600F0B6FFFFF7CAF922
:1013600048B10DF10700FFF713F9002201469DF87F
:10137000070001F021FB01F0F1FA002104460846C4
:101380000EF055FE0021054608460EF04CFE2C449A
:10139000CB34201A01F09CFA03B0BDE8304001F0D4
:1013A000CFBA00BF5C3F0200A63F0200C32E02007E
:1013B000AE3F0200D9170100814208B51AD00B7A5E
:1013C000DB0724D5134B1360FFF756FF00280EDA16
:1013D000114A1249124840F2514307F05CFB0023C6
:1013E00083F31188BFF36F8F0323184602DF6FF07A
:1013F0000A0008BD0B7B01EB83010B691B7803F02E
:101400000F03012B14BF6FF08B000020F1E76FF08A
:101410008B00EEE73DFC01005C3F0200223F020032
:10142000C32E020010B504460EF083FB01F070F9E4
:101430002046FFF7A9FD0C4B0021012208469C60C5
:10144000F7F75EFC70B1094A09490A4840F2A75310
:1014500007F021FB002383F31188BFF36F8F032371
:10146000184602DF10BD00BF3C0400205C3F0200B4
:101470007A320200C32E020010B50C4630B90F4874
:1014800000F022FFBDE8104000F0D6BFFFF70AFFD2
:1014900000280EDA0A4A0B490B4840F2774307F05E
:1014A000FAFA002383F31188BFF36F8F03231846E2
:1014B00002DF2046BDE81040FFF7E0BC6BFB0100F7
:1014C0005C3F0200223F0200C32E0200084B0422B0
:1014D00010B5981828210BF081FF064B00249C8141
:1014E0000222214604480FF040FC204610BD00BFF8
:1014F00088260020782600206026002010B50446AB
:1015000005480BF084FF034618B100205870636053
:1015100010BD6FF00B00FBE78826002038B52A4C81
:10152000237B627B9A4211D054F8235075B127482F
:1015300004F06AFE237B627B9A4205D00133DBB262
:10154000032B08BF00232373284638BD20480BF027
:101550005EFF05460028F7D11C484FF420320023D7
:1015600004F02CFE68B11B4A1B491C484FF4DB7386
:1015700007F091FA85F31188BFF36F8F03231846A4
:1015800002DF124804F040FE237B627B9A420FD1B7
:10159000104A1349114840F2BB1307F07CFA0023AC
:1015A00083F31188BFF36F8F0323184602DFCBE765
:1015B00054F823200133DBB2032B08BF002323732D
:1015C000002AE5D01546BFE77826002060260020D7
:1015D000882600205C3F0200DD310200C32E02009D
:1015E00082320200F8B5037842789A4205460E46E8
:1015F000DCB21DD0104A00EB8407507B92F80CC07F
:101600007968431CDBB2032B08BF00239C4506D03E
:1016100042F820105373094804F0ACFD0021013456
:10162000E4B2022C08BF0024012379602C703370CF
:1016300005EB84056868F8BD782600206026002048
:1016400073B5057AC5F302150446002D95FAA5F089
:10165000B0FA80F008BF4FF0FF3000F101060DD165
:10166000374A3849384840F2B25307F014FA85F344
:101670001188BFF36F8F0323184602DF237AC3F369
:1016800002114A1E0A4062F30613237206F1240077
:10169000FFF746FC00230DF1070104F10C008DF863
:1016A0000730FFF79FFF054668B9254A27492648B6
:1016B00040F2BB5307F0EFF985F31188BFF36F8F4A
:1016C0000323184602DF284600F0AAFE2B7803F019
:1016D0000F03022B2BD00DF1070104F11800FFF7C7
:1016E00081FF064668B9164A1949174840F2C553A2
:1016F00007F0D1F986F31188BFF36F8F03231846E3
:1017000002DF9DF807302BB1D5F80230C6F8023061
:10171000EB88F38021460F4800F0D6FD962001F0BB
:1017200041F8002002B0BDE8704000F08BBF0A48CD
:10173000214600F0C9FD02B0BDE870400EF07CBC4F
:101740005C3F0200C03F0200C32E0200CA3F0200FD
:10175000C53F0200E9120100EDFB010013B504468C
:10176000FFF78AFD00280EDA144A154915484FF490
:101770002B7307F090F9002383F31188BFF36F8F69
:101780000323184602DF104A104911480094002331
:101790000CF068FA80B177300ED0084A0D4909483C
:1017A00040F2AF2307F077F9002383F31188BFF3EA
:1017B0006F8F0323184602DF02B010BD5C3F0200AA
:1017C000223F0200C32E02002118000079140100FC
:1017D000B9130100F33202002DE9F04F89B004463D
:1017E00000F064FEC0B200287BD000F07FFE05460A
:1017F00000F0A2FF804600F0A9FF01F025F907469E
:1018000001F00CF9EDB2064600F05CFF0EF091F924
:10181000002D68D017F0FF076ED0F0B2FEF7C2FEC1
:101820008DF81F000120F8F765FD054668B9644A88
:101830006449654840F2F55307F02DF985F31188A6
:10184000BFF36F8F0323184602DF237B95F81CB08C
:1018500004EB83030BF00F0B1E69B24605F11C016C
:101860001AF8029B09F00F03012B0CBF0836002663
:10187000BBF1030FC9F380125FFA88F84FEAD91958
:101880003CD16B7F0C2B2ED16EBB0DF11F03CDE92C
:10189000008320465346CDE904120EF0E3F9DDE95A
:1018A000041258B34948214600F00EFD0EF0C4FB67
:1018B000237E04EB8303D86900F0B2FD00F0ECFD59
:1018C00060B13F4A4249404840F20E6307F0E3F8F6
:1018D00086F31188BFF36F8F584602DF09B0BDE869
:1018E000F08F0EF026F93948214600F0EDFC09B0E2
:1018F000BDE8F04F00F0A0BDFF2091E72B7F03F083
:101900000F03052BEFD16B7F222BECD16368002BEB
:10191000E9D093F8205015F00205E4D10DF11F0332
:10192000CDE90283CDE90096534620460EF0C6F974
:101930000028D8D00420F8F7DDFC0028D3D02548B3
:10194000214600F0C1FC00F077FD00F0A5FD68B174
:101950001B4A1F491C4840F2556307F09CF885F369
:101960001188BFF36F8F0323184602DF626892F875
:10197000203043F0010382F82030F8F7D5FC17231C
:1019800003714FF6FF73C3808460054600F08EFF3D
:10199000286100F0DDFF0021044608460EF047FBF9
:1019A000241A6C6157B19DF81F306B76F8F7BCFCB8
:1019B0002946E86028680CF0F3F88FE7FF23F4E786
:1019C0005C3F0200A63F0200C32E0200EDFB0100B7
:1019D000AE3F020025140100F8B505460EF0A9F847
:1019E000F8F7B2FD044668B91F4A2049204840F282
:1019F000493307F050F884F31188BFF36F8F032346
:101A0000184602DF1B49A2790978012361F300021D
:101A10002370194BA271194A1B881278A380227275
:101A2000DBB195F91D30002B17DA95F85B3003F028
:101A30000703022B16D0042B0CBF4FF4BC772827CA
:101A400000F072FF064600F075FF361AE6602B6B59
:101A5000C4E9043700232B63AB632846BDE8F84094
:101A6000FFF792BA1827EBE703400200473802005D
:101A7000C32E0200B42D0020822B0020B32D0020A5
:101A8000044A00231380044A1370044A1370044A62
:101A900013707047822B0020B42D0020B52D00203C
:101AA000B32D002038B50D46044630B91E4800F06D
:101AB0000BFCBDE8384000F0BFBCFFF7F3FB00288B
:101AC0000DDA1A4A1A491B48AC2306F0E4FF00233A
:101AD00083F31188BFF36F8F0323184602DFE26898
:101AE0002389518A01330B445382F8F72DFD0446B4
:101AF00060B90E4A10490F48B42306F0CCFF84F3B6
:101B00001188BFF36F8F0323184602DFA2790123E8
:101B10002370002363F30002A380A271237228467E
:101B2000BDE83840FFF7AAB9D91901000340020007
:101B3000223F0200C32E020047380200F8B50646D5
:101B40000120F8F7D7FB044668B91B4A1B491C481B
:101B500040F2852306F09FFF84F31188BFF36F8F57
:101B60000323184602DF96F85B70B6F84E5007F074
:101B700007070021384600F0DDFB96F87230BA0006
:101B80001B07E9B242F0010204F11C040ED5043136
:101B9000C9B2082000F014FC2246394606F1730051
:101BA0000EF04CFABDE8F84000F034BC082000F01C
:101BB00007FC2046F6E700BF03400200A63F0200F4
:101BC000C32E020038B504460DF0A3FF962000F0A6
:101BD000E9FD94F85A2094F85B00C2F3C003002199
:101BE00002F0070200F0070000F040FD2046FFF77A
:101BF000A5FF00F051FC70B11D4A1E491E4840F27D
:101C0000392306F048FF002383F31188BFF36F8F59
:101C10000323184602DF00F0A1FE054694F85B009E
:101C2000012100F007000EF002FA94F85B3003F097
:101C300007030544022B05F1A30516D0042B0CBFA6
:101C40004FF4BC73282394F85A00C0F3C00100F08D
:101C500007001D440EF0E7F9281A00F039FE21466E
:101C60000648BDE8384000F02FBB1823EBE700BF63
:101C700003400200AE3F0200C32E0200811C01009F
:101C8000F7B5044600F012FCC0B2002845D000F0C1
:101C90002DFCC5B200F016FD0DF042FFAE4A1388D0
:101CA000012001331380F8F725FB064660B9AB4AE3
:101CB000AB49AC48FF2306F0EEFE86F31188BFF374
:101CC0006F8F0323184602DF002D00F05F8194F828
:101CD0007230317F03F00102C1F3800191421AD0CA
:101CE00082F0010262F3000384F8723094F91D302F
:101CF000002BBEBF94F8203043F0040384F820305A
:101D000094F872305A0713D4D4E9170101AA0BF0E2
:101D1000D7FB054698B900273AE00DF001FF92483D
:101D2000214600F0D1FA03B0BDE8F04000F084BBDA
:101D30006FF3820384F8723000F0E2FBEBE794F873
:101D40007130019A1A44507950B194F87220D70634
:101D500006D5D4E92921013241F10001C4E9292144
:101D600094F870200344DBB2934202D284F87130BD
:101D7000D1E74AD10022206EA4F8702004F15C0162
:101D80000BF0A6FB019B1B682B60019B1D60019F54
:101D9000327F94F87230C2F3C002C3F340039A4218
:101DA00040F0D8800320F8F7A5FA002800F0D28090
:101DB00094F8723083F0020384F87230737F002B42
:101DC00000F0C88094F8723018072ED40125674BB4
:101DD00000221A70664B012201A920461A700DF0EC
:101DE000FFFF337FD90640F1E380962000F0DAFC54
:101DF00094F85B0000F0070000F024FC5D482146E9
:101E000000F062FA00F09CFDE1E0544A5A4955485E
:101E100040F2D53306F03FFE002383F31188BFF371
:101E20006F8F0323184602DF75E700F09DFD05461E
:101E300068B94A4A51494B484FF47C7306F02BFE6F
:101E400085F31188BFF36F8F0323184602DF00F07C
:101E5000A9FD4B4D08BBD4F88330D4F88720134339
:101E600029D1337F03F00303032B24D100F04CFB73
:101E70004278272A01461ED80332D2B206F11C004E
:101E80000FF0DDFBD4F88330D4F88720013B42F11A
:101E9000FF32C4F88330C4F88720D4F88330D4F8F4
:101EA0008720013342F10002C4F883300123C4F8D3
:101EB00087202B708AE702232B482B70214600F0E5
:101EC00003FA00F0B9FA00F0E7FA002832D100F086
:101ED0002BFD18B900F01CFD00F020FD002F00F0D4
:101EE000A7800025A2894FF6FF739A420ED11B4AA4
:101EF00024491C484FF4CF7306F0CDFD002383F333
:101F00001188BFF36F8F0323184602DFA08939467B
:101F1000FAF7A4FF4DB1F8F707FA03233371A38949
:101F20003068F3803146F8F711FA03B0BDE8F040AD
:101F3000F8F71CBA094A14490A484FF4887306F0A6
:101F4000AAFD002383F31188BFF36F8F0323184684
:101F500002DFBCE700253AE7822B002003400200A5
:101F6000A63F0200C32E0200D9190100B52D0020A2
:101F7000B42D0020C51B0100DF410200AC3202007D
:101F8000B32D00204E400200AE3F02002A4B1A78CB
:101F90000AB902221A701D78013DEDB201A920464E
:101FA0001D700DF01DFF002D44D000252F461CE7AD
:101FB000019B1A78D2063FF518AF5B78002B7FF4AF
:101FC00014AF1E48214600F07FF90EF035F8019954
:101FD00094F872200B7862F3C3030B7094F872309C
:101FE0000A78C3F3400363F382020A7020460DF0BF
:101FF000CEFE00F051FA70B1114A1249124840F277
:102000008F1306F048FD002383F31188BFF36F8F11
:102010000323184602DF00F087FC18B900F078FCB3
:1020200000F07CFC002F7FF45DAF002D7FF473AFD8
:1020300003B0F0BD2F46C4E7B52D0020D91901002B
:1020400003400200AE3F0200C32E020013B5044657
:10205000FFF712F900280DDA194A1A491A484C23D9
:1020600006F019FD002383F31188BFF36F8F03235C
:10207000184602DFE2682189536A144801FB0333E2
:10208000D16A0B44916A8B4294BFD362D162104AE9
:102090001049009400230BF0E5FD78B177300DD0A6
:1020A000074A0D4908485D2306F0F5FC002383F339
:1020B0001188BFF36F8F0323184602DF02B010BDF3
:1020C00064400200223F0200C32E0200C5FA010054
:1020D00091190000A51A0100F3320200054B0022FD
:1020E000C3F808254FF48032C3F84423C3F804230F
:1020F000704700BF00B00040044A1378591C1170AB
:10210000012013B9024A106018467047B62D00200E
:1021100000B0004038B50D4C257865B90C4A0D4922
:102120000D482C2306F0B7FC85F31188BFF36F8FA1
:102130000323184602DF2378013BDBB22370012022
:1021400013B9064A5060184638BD00BFB62D0020AE
:10215000C04002000C410200C32E020000B000404B
:10216000014BD3F80405704700B00040024B00F566
:10217000A87043F82010704700B0004030B5214CE3
:102180000025C4F800550225A9421F49C4F800558E
:102190004FF00074C1F804451C4918BF1C4DD1F81C
:1021A000184508BF1B4DE4B201F56041043C022A0A
:1021B000C1F8184503D0032A22D0E32200E0C3224D
:1021C000C1F82025C1F80455C1F808051248C1F826
:1021D0000C05C1F81035114BC1F814350023C1F8B6
:1021E0000032C1F80031D1F80021C1F80431D1F832
:1021F0000421C1F80831D1F8083101230B6030BD4A
:10220000A322DDE700F0004000F001400010004094
:1022100001000001010001014028002030270020BA
:1022200010B51C4B0024C3F800450224C3F8004538
:10223000194CD4F81845E4B2043C0229C3F81845F7
:1022400003D0032923D0E32100E0C321C3F82015E4
:102250001249C3F80415C3F80805C3F80C25104843
:10226000104AC3F810050121C3F814250022C3F851
:102270000012C3F80021D3F80041C3F80421D3F8B9
:102280000441C3F80821D3F80821196010BDA32127
:10229000DCE700BF00F0004000100040000001013A
:1022A0004028002030270020044BD3F8103123B100
:1022B000034B044A1B681068184770470010004021
:1022C0004C2900204829002038B5044601200D463D
:1022D000F0F7DAFD084B1D60084B1C60084B10221C
:1022E000C3F80423074B0222C3F88021BDE838401D
:1022F0000120F0F7BBBD00BF482900204C29002079
:102300000010004000E100E008B50120F0F7BCFD3E
:10231000074B0022C3F8182503F5F0334FF4905211
:10232000C3F800284FF41052C3F8042808BD00BFBA
:1023300000100040054B02280CBF04220322C3F802
:10234000102540F20122C3F85026704700100040CB
:10235000014BC3F80C05704700100040014BC3F857
:102360000805704700100040084B00F07F00C3F8DC
:102370005405D3F8182522F00072C3F81825D3F8B5
:10238000182542F00072C3F818257047001000406D
:102390000A4A0023C2F82C350123C2F83035C3782D
:1023A000C2F82435437881781B0443EA016301783D
:1023B00043EA0123C2F81C35704700BF00100040FB
:1023C000C2F38203A3F1020CDCF1000302F003026A
:1023D00043EB0C03013A1B06022A98BF43F4801317
:1023E00000F00F001843094B094A40F48070C3F80D
:1023F0001405D3F818050240C3F81825D3F818259A
:10240000114341F44031C3F81815704700100040E3
:102410000000F8FE014BC3F80405704700100040AF
:10242000014BC3F80405704700100040014B012226
:102430001A60704700100040074A4FF41063C2F85A
:10244000083501235360D360A2F5F0320021C2F8B1
:1024500000121361704700BF00F001400D4B0022D5
:10246000C3F80021D3F80011C3F80C21D3F80C11E4
:10247000C3F86C21D3F86C11C3F87021D3F8701134
:10248000C3F82821D3F82811C3F81021D3F810314C
:10249000704700BF00100040034BD3F80001003824
:1024A00018BF0120704700BF00100040034BD3F855
:1024B0000C01003818BF0120704700BF0010004019
:1024C000034BD3F85005B0FA80F04009704700BFC5
:1024D00000100040044B40F20312C3F83425C3F847
:1024E0003805C3F83C15704700100040034BD3F883
:1024F0000004003818BF0120704700BF00100040E2
:1025000000487047442900200048704740280020B8
:10251000F0B5474C474E2578474F9DF814C0C6F894
:102520006875EB0003F1804307F50047964603F515
:10253000F83305F10C0234370129C6F86C3507EB86
:1025400085074FEA8506D1B249D101282FD149F636
:10255000C47249F64043BCF1020F18BF134603F2A0
:102560004C434FF47A72B3FBF2F3C90001F180419E
:1025700001F5F831314AC1F81075C1F8142506F19A
:10258000804202F51042D2F8401599428ABFD2F833
:1025900040150123CB1AC2F84035264B4FF4106288
:1025A000C3F804256B1C03F001032370F0BD49F64A
:1025B000C47349F64040BCF1020F18BF184642F2FE
:1025C000B84241F28833BEF1020F18BF134600F53E
:1025D000FA7018444FF47A73B0FBF3F3C5E7DFF8F1
:1025E00060C050B1C90001F1804101F5F8312D23DF
:1025F000C1F81075C1F814C5C1E741F2883242F242
:10260000B843BEF1020F0CBF1046184600F5214238
:102610004FF47A735332B2FBF3F2131DCA0002F186
:10262000804202F5F832C2F81075C2F814C5A6E768
:10263000B72D002000F001400C11004000100040B8
:10264000041000401FB5084B0322C3F800220023EA
:102650000090CDE901331A4619460120FFF758FFD3
:1026600005B05DF804FB00BF0010004030B5044623
:10267000074885B00325C0F800520020CDE901309D
:1026800000920B4622460121FFF742FF05B030BD04
:1026900000100040054B0322C3F8002203F5F0337D
:1026A0004FF41062C3F80825704700BF00100040C7
:1026B000034B0022C3F81C21D3F81C31704700BF24
:1026C00000100040034BD3F81C01003818BF012054
:1026D000704700BF00100040F0B50024062707FB3C
:1026E00004F3D518D658A30003F1804303F58053B3
:1026F0000134C3F80066AD88C3F82056082CEED12B
:10270000024B40EA0120C3F84006F0BD0010004033
:10271000034AD2F8403623F0FF03C2F84036704730
:1027200000100040034B0022C3F81421D3F81431E9
:10273000704700BF00100040034BD3F8140100386D
:1027400018BF0120704700BF00100040014BD3F8B4
:102750001004704700100040044BC3F86005D3F824
:10276000002242F04002C3F80022704700100040EF
:10277000034B0022C3F82821D3F82831704700BF4B
:1027800000100040054B4FF48022C3F8482303F5A6
:10279000A033034AC3F80825704700BF00B00040CB
:1027A000C001700E034B044A1B7803F5A87342F86E
:1027B00023007047B72D00200090004030B5A2F5EF
:1027C000742305463248A3F51073834288BF02F193
:1027D000E872304B304884BF02F5D43202F5A5725E
:1027E0004FF00104B2FBF0F04FF00002DC60C3F8E0
:1027F00004254FF00402C3F810254FF00202C3F87D
:102800000825264AC3F8400588BF01F1FF31C2F808
:1028100048154FF48021C2F8441302F5A032204934
:10282000C2F84015C2F844354023C2F804355DB300
:102830004FF48013C2F804351A4B00220421DC60E7
:10284000C3F80425C3F81015C3F808251C60164A00
:1028500003F5B033C3F8502502F5FE42C3F8542502
:1028600002F59A72C3F8582502F5AF32C432C3F8A4
:102870005C25A2F5AF32C03AC3F8602502F5AF324D
:10288000C832C3F8642530BD4FF40013D2E700BF4F
:10289000BFBDF07F0080004040420F0000B000400C
:1028A00048B10040009000400C110040014BD3F8AB
:1028B0004805704700B00040044A0123536013618B
:1028C00002F5805253601361704700BF00800040E2
:1028D000044BC3F8440503F5B8334FF08862C3F8DE
:1028E0000425704700800040064B074AC3F848257E
:1028F00002F5DE424032C3F84C25044AC3F80425F1
:10290000704700BF00F0014000110040800000044B
:10291000014BD3F84405704700800040014B18601C
:10292000704700BF3C280020014B1868704700BF6B
:102930003C280020014BD3F8400570470080004040
:10294000024B4FF00062C3F80425704700F00140CD
:10295000014BD3F84805704700800040014BD3F885
:10296000480570470080004010B50C4C0223C4F8A5
:102970000433D4F804316BB10223C4F80833084B94
:102980004FF40042C3F88021D4F80801B0FA80F077
:10299000400910BD0DF016FBEBE700BF00F0004052
:1029A00000E100E0034BD3F80004003818BF012019
:1029B000704700BF00F0004010B5154BD3F8042558
:1029C00003F56043013A0324C3F80045C3F8040546
:1029D000C3F80815C3F810250E4AC3F814250022C1
:1029E000C3F80021D3F80011C3F80421D3F804116F
:1029F000C3F808214020D3F80831FFF7ADFEFFF7F8
:102A0000B7FE054B4FF40002C3F8042510BD00BF0C
:102A1000001000402C27002000F00140014BD3F8AB
:102A20000004704700F0004008B5FFF7A1FE054B19
:102A30000022C3F8002503F580334FF40002C3F8E9
:102A4000082508BD00F0004010B5114BD3F828311F
:102A50000BB9002010BD0F4C0123C4F80433D4F887
:102A600000318BB10123C4F808330B4B4FF4004203
:102A7000C3F88021D4F80431002BEAD0D4F808013F
:102A8000B0FA80F04009E5E70DF09CFAE7E700BFF7
:102A90000010004000F0004000E100E00139012991
:102AA00008B509D80B201AB1BDE80840F0F7DEB927
:102AB000BDE80840F0F7E8B9074A084908482D235F
:102AC00005F0E9FF002383F31188BFF36F8F032321
:102AD000184602DF08BD00BF16410200DF410200B8
:102AE000C32E020008B591B10139012914D90B4A4E
:102AF0000B490C48412305F0CEFF002383F31188D6
:102B0000BFF36F8F0322104602DF184608BD18205E
:102B1000BDE80840F0F7CCB90B20F9E716410200F8
:102B2000DF410200C32E0200012908B508D00229A6
:102B300006D049B90C4B4FF08072C3F8002108BD94
:102B4000094B4FF40062F8E7084A094909487B231A
:102B500005F0A1FF002383F31188BFF36F8F0323D8
:102B6000184602DFEBE700BF00E100E0164102007B
:102B7000DF410200C32E0200032810B504460DD920
:102B80000F4A10491048292305F085FF002383F3DD
:102B90001188BFF36F8F0323184602DF0B4B1C5DB8
:102BA00064B9074A0A4908482C2305F074FF84F3E6
:102BB0001188BFF36F8F0323184602DF204610BD34
:102BC00064410200B2410200C32E0200E141020052
:102BD000D2410200013810B51C46042847D8DFE86E
:102BE00000F0031C252E3D00042907D1214B0221B2
:102BF0009C600020BDE81040F6F782B84C231E4AC6
:102C00001E491F4805F047FF002383F31188BFF3D7
:102C10006F8F0323184602DF10BD032904D1194B1F
:102C200001219C600846E5E76323E8E7042904D115
:102C3000154B02219C600120DCE77A23DFE70329A2
:102C400003D0042906D0A023D9E7104B01219C60B2
:102C50000220CFE70E4B02219C60E3E7042904D158
:102C60000C4B02219C600320C4E7B823C7E7BE23B6
:102C7000C5E700BF9C04002064410200DF41020060
:102C8000C32E02008C0400207C0400206C04002071
:102C90005C0400204C040020104B30B501220024BD
:102CA0005A60C3F80405C3F80041C3F804411A6030
:102CB000D3F8001131B9D3F8041119B9D3F80415B8
:102CC0000029F5D15A60D3F804110029E8D1D3F8CE
:102CD0000455002DE4D0C3F8041530BD00E00040D9
:102CE00070B54169867A0B4D044659B1437ADB07CA
:102CF00006D42C2303FB06535B6A1B689B6898472A
:102D0000002363612C20214606FB0050BDE8704083
:102D10000EF01DB854070020024B2C2202FB00309D
:102D2000704700BF54070020827A064B2C2101FB1C
:102D300002339A6A1B7F1B33801A23F00303B0FB14
:102D4000F3F070475407002038B5074B827A2C24E3
:102D500004FB02335B6AD3E901240C601568FFF7BA
:102D6000E3FF04FB005038BD540700202DE9F04F6D
:102D700085B005466846039191461C4690469A46A2
:102D80000EF05CFADDE90067EFF3118B202383F38B
:102D90001288BFF36F8F698B002942D02B8B8B4237
:102DA00026D900220023284603F0B2F90446F8B1E0
:102DB0008BF31188BFF36F8F039B002B4FD03246EC
:102DC0003B4668460EF05EFAA27A2A4B2C2101FBA4
:102DD000023320465B6A1B6803A91D68DDE90023F6
:102DE000A847606100283BD12046FFF779FF31E01A
:102DF000698B4B1E6B838BF31188BFF36F8F2B7F17
:102E00002A8BAC6A1B3323F00303521A02FB0344E0
:102E1000184B194AEB1A9B105343A3722B7FE37292
:102E2000CAE78BF31188BFF36F8F54EA090409D006
:102E30000EF0E2FC114A124B12589A420ABF884621
:102E4000C846C24642465346284603F061F9044646
:102E50000028B1D10024204605B0BDE8F08F6361A1
:102E600000230122636022812382039A63696282C4
:102E7000E360F0E754070020A38B2EBA080000009F
:102E8000D010002070B50C4C2C2500B970BD037A11
:102E90004668013BDBB20372002BF7D1C36043608D
:102EA000837A05FB03431B6A13B198473046ECE76E
:102EB000FFF716FFFAE700BF54070020084B70B574
:102EC000C31A0D4607499B10044659430648402241
:102ED0000DF0BFF92B4601462046BDE8704018476B
:102EE00094290020B76DDBB6AC18020073B50C4C0A
:102EF0000C4A4023041B00930D460B460A49A410BC
:102F00006143064609480DF0D0F9011E05DA304646
:102F10002B4602B0BDE87040184702B070BD00BF3C
:102F20009429002015030200B76DDBB6AC1802002F
:102F3000002270B5012104461046EFF7C7FF114883
:102F400001F0DCFC104B984218D1206900F000FA27
:102F500001F0E6FC26690D49304605F013FE002815
:102F60000BDB012535642469084904F11C0005F0D8
:102F700009FE002801DBE564002070BD6FF004004D
:102F8000FBE700BF4D3001000000AD0B68260200DA
:102F90007FB500220123CDE9022304ABCDE9043340
:102FA000094ACDF800D06B46CDF804D00DF0ABF94E
:102FB000002805DB4FF480420023684603F0FEF84A
:102FC00007B05DF804FB00BF2D03020010B5EFF35E
:102FD0001184202383F31288BFF36F8F074A13688D
:102FE00023F00201DB07116002D401200DF096FBF3
:102FF00084F31188BFF36F8F10BD00BFE429002058
:1030000030B4104B0C2202FB003301460020D3E900
:103010000E529863EFF31180202484F31288BFF3DB
:103020006F8F1C6C04F0C00444F002041C6480F335
:103030001188BFF36F8F1DB12B46034830BC184772
:1030400030BC704794290020AC180200012810B54C
:1030500004460AD004280CD078B9084B1B6C5B07D7
:103060000BD1BDE81040FFF7CBBF00F07FF9204641
:10307000F7E7BDE8104000F087B910BD94290020A3
:1030800010B4EFF31182202383F31288BFF36F8F04
:103090001748016841F002040460C80707D482F3AE
:1030A0001188BFF36F8F012010BC01F04BBC4FF0B3
:1030B0008041D1F80C04D1F80C14C907EFD5EFF317
:1030C000118083F31288BFF36F8F0A490B6C03F0F2
:1030D000C00343F002030B6480F31188BFF36F8FCA
:1030E00082F31188BFF36F8F002010BCFFF788BFF9
:1030F000E429002094290020024AC3B21C2003FBCB
:103100000020704794290020094BBFF35B8F53E8E0
:10311000002F42F0010143E800100028F7D1BFF36F
:103120005B8F930702D4012001F00CBC704700BFF5
:10313000E429002010B5EFF31184202383F31288D3
:10314000BFF36F8F074A136823F001019B071160DB
:1031500002D401200DF0E2FA84F31188BFF36F8FDF
:1031600010BD00BFE4290020F8B52849BFF35B8FEC
:103170000646012251E8003F41E800200028F9D12D
:10318000BFF35B8F33B9224922484B60CB608A6022
:1031900005F00BFD731E012B1DD80DF0FFFE04463C
:1031A000D0B91D4B1B78BBB14FF080430222C3F84E
:1031B000082305464FF08047D7F81824D7F818346D
:1031C000D20312D59B0701D0012E0ED1BCB185F3DD
:1031D0001188BFF36F8FF8BDEFF31185202383F3C0
:1031E0001288BFF36F8F0124E4E71CB1284606F074
:1031F000D2FEE1E70021212003F024FDDCE74FF0BF
:1032000080430222C3F80423E5E700BF9029002091
:1032100080290020B0290020C92D00200D4BBFF3CC
:103220005B8F012253E8001F002903D143E80020EF
:103230000028F7D1BFF35B8F0AD107490023CB6089
:10324000064B4B6003238B60054B186805F0ADBC43
:10325000704700BF042A0020EC290020253301001C
:10326000E829002007B500220023CDE90023084803
:103270004FF40032002303F06BFF064B186805F093
:10328000EBFC054B00221A6003B05DF804FB00BFA5
:1032900098060020E8290020042A0020F7B51C4EDB
:1032A0001C4CB7681C4DFB683C213046984740B128
:1032B000002323702B8001F097FB0123237003B0C0
:1032C000F0BD0C213B696A46304698470028EFD193
:1032D000124A019B93FBF2F3009A217803EB8203DD
:1032E0001BB2B5F900200029E4D09A1A002AB8BF11
:1032F000524212B2012ADDDC094A13680139013356
:103300002170136003B0BDE8F040FFF7ABBF00BF12
:1033100074190200B82D0020842B002090D00300E7
:10332000FC29002008B507480DF079FB28B901F009
:103330005BFB054B01221A7008BDBDE8084003483D
:1033400003F0F2B874190200B82D0020AC0400207C
:10335000034B044A186000231360034A136070474C
:10336000E8290020002A0020FC290020024B00222E
:103370001A70FFF753BF00BFB82D002001480DF0B1
:10338000A2BF00BF98060020024A136801331360F1
:10339000FFF768BF002A002008B507480DF03FFB83
:1033A00038B10648EFF736FE0448EFF7E7F800209B
:1033B00008BD6FF01200FBE710190200C1330100D5
:1033C0000A2838B5074D044604D1AB680D215B6867
:1033D00028469847AB6803485B68E1B298472046A7
:1033E00038BD00BF10190200EFF31182202383F3D0
:1033F0001288BFF36F8F0A4BD3F8001161B100211F
:10340000D3F80805C3F80011D3F80031C0B282F335
:103410001188BFF36F8F70476FF00A00F7E700BFA6
:1034200000D00040F0B5034610469C7893F803C0E6
:10343000EFF31182202585F31288BFF36F8F1F7879
:1034400093F801E0E41B04EA0C04A04288BFA0B298
:103450003E180CEA06063D461E7082F31188BFF343
:103460006F8F0A188A4216D177450CD1EFF311827B
:10347000202181F31288BFF36F8F1978597082F37E
:103480001188BFF36F8F1B79241AA34222BF064B0A
:1034900001221A60F0BD5E190135767901F8016BE1
:1034A00005EA0C05DEE700BF00D00040DB432DE954
:1034B000F04713F001050E46144604D02248FFF7EA
:1034C000B1FFBDE8F0879AB3EFF31188202383F3AF
:1034D0001288BFF36F8F0D20EFF7EAFC07460D202F
:1034E000EFF7D2FC88F31188BFF36F8FDFF85CA091
:1034F000DFF85C80CAF80051DAF800314FF4005967
:103500000123CAF800302546C8F88091DAF8003166
:1035100083B1FFF769FF031EC8F88091F6DB013D18
:10352000ADB27355002DF1D117B10D20EFF79EFC10
:103530002046C6E7EFF31180202383F31288BFF300
:103540006F8F06F028FDE1E7382A002000D0004008
:1035500000E100E02DE9F041124F0D46144607F15D
:10356000450814B92046BDE8F0814FF0FF334FF015
:10357000FF32384602F022FE224629464046FFF737
:1035800051FF0646384602F0F5FD3EB94FF0FF32D6
:103590004FF0FF33044802F011FEE6E7A41BA4B28B
:1035A0003544DEE7082A0020202A002038B5194CCF
:1035B0000122114620460DF0D8FB0122002104F122
:1035C00018000DF0D2FB40F20743A4F848304FF04A
:1035D000706323630C2384F8343000250E4B84F889
:1035E0004550A4F84650D3F8042542F00102C3F830
:1035F00004250121C3F80051D3F80021C3F80413B6
:103600002A4619600D20EFF761FC0D20EFF72EFC24
:10361000284638BD082A002000D0004010B5FFF72A
:10362000E3FE002820DB174B93F8322093F831405B
:1036300093F83310141B31EA0404C0B20DD193F88F
:10364000472093F8464093F84810141B31EA0404CD
:103650000BD10D4B01225A600EE09C180132114033
:1036600084F8350083F8321010BD9C1801321140E7
:1036700084F84A0083F847100448BDE8104002F07F
:1036800079BD00BF082A002000D00040202A002079
:10369000024B0B6001231360704700BF5C2A0020BF
:1036A00000487047C426020010B5012211460748A1
:1036B000074C0DF05AFBFDF7B1F80DF0BBF8206098
:1036C0000DF0B4F86060002010BD00BF642A002037
:1036D0005C2A0020F0B587B00E4615460DF0A6F81E
:1036E0002946074630460CF063FEC8B3B6FBF7F335
:1036F00007FB1363A3BBB5FBF7F407FB14547CBBB8
:10370000AF4222D84FF0FF324FF0FF33164802F09D
:1037100055FD0CF0A2F902AB01461022C0B12146C2
:1037200018460DF09AFF01228DF814200F4ACDE9BA
:1037300000200F48CDE90365FDF77AF86846EDF7FC
:10374000CFFF0446084802F015FD204607B0F0BD43
:1037500018460DF082FFCDE903650CF005FEF0E799
:103760006FF01504F1E700BF642A0020690302002E
:10377000645E010038B5037B04460BB1FDF760F8C9
:103780000125A368032B06D8124AD2F80034DB07C0
:10379000FBD5002038BD23686068196801F0B6FDCC
:1037A000636804336360236804332360A368043BC5
:1037B000A360237B0135002BE3D02846EEF70CF8FD
:1037C0000028DED0034AD2F80034D907FBD5012007
:1037D000E0E700BF00E0014070B50D4686B0194635
:1037E000284616461C460CF0E3FD60B345EA040388
:1037F0009B0728D1FCB14FF0FF334FF0FF32134845
:1038000002F0DCFC0CF029F90346CDE9026502A8C0
:1038100004949BB101238DF814300D4BCDE9003099
:1038200041F64C50FDF704F86846EDF759FF0446A1
:10383000064802F09FFC204606B070BD8DF814309B
:10384000FFF798FFF3E76FF01504F4E7642A002010
:1038500075370100F0B54068057B01F01F0444EAAC
:103860004514056987B0002D64D0B2F5001F00F142
:10387000100506D1214628460CF0D0FF002007B0E5
:10388000F0BD01AE0027B2F5800F0197776039D106
:10389000B3F1007F14BF052304238DF80430002307
:1038A000CDE904630393836823FA01F111F0010168
:1038B0001AD1B2F1A07F17D104F01F03620903F5FA
:1038C000E0732AD0012A3BD11F4A52F82330DB078C
:1038D0000AD40DF1030632462146284601F050FB7A
:1038E0001A4B98421CD0029603AA2146284601F0A2
:1038F00009FA174B984220D101222146284601F0AF
:10390000A3FBBBE7B3F1C06F05D0B3F1007F14BFD9
:1039100001230223C1E70323BFE74FF0A042D4E70E
:103920003146284601F08AFB094B9842DBD06FF004
:103930000B00A4E76FF08500A1E76FF015009EE78C
:1039400051F82330FFDE00BF000300500400AD0B30
:103950000000AD0B38B545682B69B3B1103528466A
:1039600001F05CFB044680B90146284601F022FBC9
:10397000084B98420BD108492246284601F0FAFA32
:10398000224605210620EFF7A1FA002038BD6FF08E
:103990000400FBE70000AD0B9D390100420970B542
:1039A000034602D0012A17D070BD0D4E326951680E
:1039B0000029F9D003F01F0301250C689D40002960
:1039C000F2D08A682A4002D04B68304698472CB122
:1039D000236821461C46F2E7024EE7E72346F8E754
:1039E000D4180200C01802002DE9F043466840F2E6
:1039F0000635D006337B87B002EA050554BFC2F313
:103A00004010032001F01F07B5F5837F144647EAF5
:103A100043178DF8030044D00FD8062D18D007D8CF
:103A2000B5B1022D3FD06FF0150007B0BDE8F083AF
:103A3000B5F5807FF7D101250AE040F202229542D8
:103A400033D0B5F5407F32D0B5F5007FEBD10225FC
:103A500022032ED5726801238B40C2F808353269E3
:103A600092BB07F01F037F092BD0012F79D13F4A6A
:103A700002EB830284F48033D2F80017C3F30043CF
:103A8000C4F3404444EA430421F4E16144EA80047D
:103A900021F0070144EA05230B43C2F80037002058
:103AA000C3E70725D4E70425D2E70525D0E703259A
:103AB000CEE7630341BF012372688B40C2F80C3527
:103AC000CDE74FF0A042D3E710360DF102023946A0
:103AD000304601F055FA14F4403F80460CD1394687
:103AE00030460CF099FE224B9845D8D19DF8021033
:103AF000304601F09DFAD2E701AB4FF0000903AA6E
:103B000039463046CDE90439CDE90199CDF80C901C
:103B100001F0F8F8164B984285D114F4003315D013
:103B20009DF803308DF80E3084F48034C4F30044E3
:103B30004B4603AA394630468DF80C508DF80D409F
:103B400001F09AF90A4B9842CDD06CE7CDE90433E5
:103B500003AA0DF1030339463046039301F0D2F86E
:103B6000F0E703F5E07352F82330FFDE0003005066
:103B70000000AD0B38B544680569E3699847206AD1
:103B80000CF0ACFC00280DDB2B46084A04F10801C0
:103B9000204601F02FFD064B984204D1204601F04B
:103BA00063FD002038BD6FF00400FBE7F13B01002E
:103BB0000000AD0B70B544682368D3F80855D3F8FE
:103BC0000C65204601F060FD3146284601F0F4FF07
:103BD0000546206A0CF082FC204601F045FD034BAF
:103BE0009D4214BF6FF00F00002070BD0000AD0BB0
:103BF0000378012B08D0022B08D04BB9054B0B637F
:103C000001F1180002F0B6BA034BF8E7034BF6E7F0
:103C1000034BF4E70000AD0B0100AE0B0200AE0B4E
:103C20000100AD0B2DE9F04FD0F804A006698BB070
:103C3000934614221D468046BAF81830D6F83490C0
:103C400002930C460DEB020000210DF006FD8DF8ED
:103C500015504FF0FF324FF0FF33304602F0AEFA0E
:103C600006F1180301930022002306F1180002F068
:103C7000A5FA00273D465F4501D3002460E0207A85
:103C8000020700F1828001375F4521680AD283076D
:103C900008D4237D80EA030202F0010203F004034A
:103CA0001A4307D025B901F06043B3F1005F17D084
:103CB000002300E001236268DDF808E005EB020C58
:103CC000F44565D8C00705D409EB050003930DF052
:103CD000B6FC039B62682A4495B2002B3FD1FDB924
:103CE0002368089363680025227A069302F0010195
:103CF0008DF81410BAF8241099424CD382F00202C5
:103D0000C2F34002520105A9504601F0DBFC234BEF
:103D1000984209D00B33984210D16FF00F040FE096
:103D2000CDF820902B46DFE74FF480420198002326
:103D300002F044FA58B14046FFF73CFF6FF004042C
:103D4000304602F017FA20460BB0BDE8F08F336B17
:103D5000124A9342F2D1237ADB0702D400250C34B5
:103D600089E7089B9945F9D1234608E0A91AD86844
:103D700003938DB219FA81F10DF061FC039B5A682F
:103D80009542A3F10C03F1D2E8E76FF08504D7E781
:103D90006FF01B04D4E76FF01B04D4E70000AD0BF9
:103DA000036803F01F025B09026004D0012B034883
:103DB00018BF002070474FF0A0407047000300502C
:103DC0002DE9F04F534F85B09246814600EB8101BB
:103DD00040F2FF16494503D1002005B0BDE8F08F41
:103DE000D9F800305804C3F3C322C3F3080400F128
:103DF0008B809B0CBD5CB44208BF4FF0FF34192B85
:103E000000F28580DFE803F00D141B1E838383839B
:103E10008383832153838383838383838383566A4A
:103E20006D70CAF80C45631C61D109F10409D1E732
:103E3000CAF81445621CF8D04FF000080EE0CAF82A
:103E40000845F0E7CAF81045F4E7CAF80845002D20
:103E5000F0D1631CE9D04FF000080625D9F80030F6
:103E6000019303F40040002803A816BF4FF0000898
:103E7000C3464FF0010B0394FFF792FF039C019B95
:103E800000EB8400C3F3412CD0F800472B0224F44C
:103E9000413443EA8C0324F4437443EA080324F0D6
:103EA0000304234343EA4B03C0F80037BDE7CAF8D5
:103EB0000C45CCE7CAF86045601CD9F80030B4D096
:103EC000C3F300439BB903A80394FFF769FF039B67
:103ED000012202FA03F3C0F80C3512E0CAF8644577
:103EE000EAE7CAF86845E7E7CAF86C45E4E703A8DB
:103EF0000394FFF755FF039B012202FA03F3C0F876
:103F000008354FF00108A9E76FF0150065E76FF07D
:103F1000850062E756420200036803F01F025B0956
:103F2000026004D0012B034818BF002070474FF0F7
:103F3000A04070470003005002480021C2E9000180
:103F4000002070470024F400F7B54468A66B0546CE
:103F500001AA002130460CF0D1FA002840DB019B79
:103F6000326819791868FFF72BFF002838DB002624
:103F700031460127236801F5AC7253F82230002B3B
:103F80000EDB01A80193FFF7C7FF019AD0F80435B3
:103F9000D34013F0010318BF07FA01F33343DEB235
:103FA00001310429E6D1002301206A68916A00FAF0
:103FB00003F232420CBF01220022D20321F8132067
:103FC0000133042BF1D100231A4604F108012046E5
:103FD00001F048FA034B984214BF6FF00F00002025
:103FE00003B0F0BD0000AD0B014B01221A60704719
:103FF00000C000400C2903690BD1DB6A0649074861
:104000004B4393FBF0F100FB113311605360002030
:1040100070476FF08500704790D0030040420F005A
:10402000044B00690022C3F80021D3F8003102F0EC
:10403000A1B800BF00C000407FB505692B6B63B31A
:104040003C2901D00C292BD105F118064FF0FF3285
:104050004FF0FF33304601F0A7FF134B0193286B5D
:104060000323002469460394029304F09EFD4FF05D
:10407000FF324FF0FF33284602F0A0F8286B04F01F
:10408000EBFD0A4BD3F80825EA6201225A6030465C
:1040900002F002F8204604B070BD6FF00A00FAE7A3
:1040A0006FF08500F7E700BFE93F010000C0004066
:1040B00010B504690020FFF71FF820634FF0FF32AE
:1040C000002120460CF051FE04F118000CF091FD87
:1040D000002201210C20EEF7F9FE0C20EEF7C6FEBF
:1040E000024B0122C3F80423002010BD00C0004091
:1040F000074BD3F8082142B10020C3F80801D3F8D8
:104100000821D3F818350B7070474FF0FF30704717
:1041100000200040024BD3F88004C3F880047047AD
:1041200000200040F8B50E460CF038FF1A4D78BB61
:1041300064240127BFF35B8F55E8003F002B03D1B8
:1041400045E80072002AF7D1BFF35B8F07D021202A
:104150000021013C02F076FD14F0FF04EAD10F4C7F
:104160000023C4F81C31D4F81C310123A360C4F827
:104170001C654FF47A76D4F81C3123B901200CF079
:1041800071FA013EF7D10123E36000232B60F8BDF3
:1041900001232B60E3E700BFD02A0020002000406D
:1041A000F7B5604A436805690024C2F800451F68F6
:1041B000064601AA214638460CF0A0F900280FDB7C
:1041C000019B3A6819791868FFF7FAFD002807DBA8
:1041D0006B793769012B06D0032B03D06FF0850074
:1041E00003B0F0BD1024AB79032BF7D1E979002996
:1041F000F4D12A79012A1AD0022A1AD0002AEDD144
:1042000011462B68B3F5164F6DD02FD8B3F5165F56
:104210006BD018D8B3F5966F69D00CD8B3F5967FEC
:1042200068D0B3F5167FD9D14FF41C3345E04FF475
:1042300080710E22E5E7B3F5166F5ED0B3F5965F99
:10424000CCD1394B39E0B3F5E14F59D007D8B3F5AC
:10425000615F57D0B3F5964FC0D1344B2DE047F690
:1042600012208342BAD14FF4000326E0B3F5613F38
:104270004BD011D8B3F5963F49D008D84DF6C020A1
:10428000834246D0B3F5614FA8D1294B15E0B3F571
:10429000E13FA3D1274B10E0B3F5612F3CD007D805
:1042A000254883423AD0B3F5E12F97D1234B04E060
:1042B0002348834292D14FF080531A4E14430C434B
:1042C000C6F82435C6F86C4595E8030087E8030076
:1042D00004230020C6F80035C6F80801D6F80831D6
:1042E000012333607CE7174BE7E7174BE5E74FF413
:1042F0009E23E2E74FF4A033DFE74FF41D23DCE712
:10430000124BDAE74FF46C13D7E7114BD5E7114B9B
:10431000D3E74FF46503D0E70F4BCEE74FF0806350
:10432000CBE700BF0020004000B0130000A04E000B
:1043300000F0EB0000E0D70190D0030000705F07B1
:1043400040420F0000509D000050270000F0750013
:1043500000B0AF0300903A0100D0BE0E70B501234B
:1043600083400E4ABFF35B8FDC4352E8001F01EA33
:10437000040542E80056002EF7D1BFF35B8F4FF4DF
:10438000803282400648C0F80823BFF35F8FBFF336
:104390006F8F0B4214BF0120002070BDD82A00206F
:1043A0000010014070B40E49D1E90034D01AC3188E
:1043B00044F1000422F07F46C1E90034A6F5001361
:1043C000B3F5400F09D2074B1B681A0A1B069C194C
:1043D000054B42F10005C3E9004570BC02F0C8BDC1
:1043E000D00F0020DC2A0020D80F002011B3BFF32B
:1043F0005B8F0123104A834052E800CF4CEA030C44
:1044000042E800C10029F7D1BFF35B8F0B4A4FF49C
:1044100080338340C2F80433094BBFF35B8F1B68C2
:10442000BFF35B8FC340DB0742BF064B4FF4003244
:10443000C3F80021704700BFD82A002000100140B7
:10444000D42A002000E100E00D4B1868010A0006A4
:10445000BFF35F8F0B4BD3F80435181841F10001FF
:10446000B3F5801F0AD2084BD3E90023904271EBC9
:10447000030303D210F1807041F10001704700BFC7
:10448000DC2A002000100140D80F00202DE9F04F59
:1044900085B016461F469DF840A00446FFF75EFF14
:1044A0000190FFF7D1FFB04271EB070354D23E4BAE
:1044B000301A67EB0101984271F100014FD23B4B7A
:1044C00003EB0413D3E902239F4208BF96425ED058
:1044D00037494FF4803804F1500508FA04F8AD006C
:1044E000C1F848832046ADB20CF0AFF826F07F4B00
:1044F00005F1804504F5A87305F58835DC464FF0D5
:1045000003090293029A2CF07F4341F82230C1F84C
:104510004483D1F80435274A6FF00200C01A604482
:1045200020F07F40904232D9286868B1D1F8043534
:104530000393A3EB0B0020F07F40B0F5000F26D9CA
:1045400020460CF082F8039BBAF1000F07D109EB6B
:10455000030C09F10109D5E7BAF1000F09D06FF09A
:10456000150520460199FFF741FF284605B0BDE833
:10457000F08F0123104ABFF35B8FA34052E8000F76
:10458000184342E800010029F8D1BFF35B8F0749C7
:104590000E98230101EB0412C8500F9B5360C2E92F
:1045A00002670025DDE700BF01008000C00F00208A
:1045B00000100140FDFF7F00D42A00207FB51C4C75
:1045C0001C4BC4F80833C4F848331B4B00254FF08C
:1045D000FF304FF0FF31C4F80855C3E902014FF432
:1045E0008033C4F80433154B02264FF40032012106
:1045F000C4F804631120C3F880212A46EEF766FC54
:104600001120EEF733FC0E4A0123A36023601360F0
:104610000C4B0D4A0093CDE9015500232846FFF7C6
:1046200035FF3046FEF7A0FD284604B070BD00BF40
:104630000010014003000F00C00F002000E100E067
:10464000D82A0020A5430100FFFF7F002DE9F74392
:104650002F4CD4F8043399070BD5D4F8043143B167
:104660002C4A0023C4F80431D4F804311368013310
:104670001360D4F80433DA0329D5BFF35B8F264BDC
:1046800053E8002F22F0010143E800100028F7D181
:10469000BFF35B8FD30702D4D4F84031BBB1002500
:1046A000C4F84051D4F84031FFF7CEFEEFF3118249
:1046B000202383F31288BFF36F8F184BD3E902676F
:1046C000B042B94106D282F31188BFF36F8F03B0B5
:1046D000BDE8F0834FF0FF384FF0FF39C3E902899E
:1046E000D3E900101D604FF48033C4F84833C4F898
:1046F0004051D4F8403182F31188BFF36F8F002905
:10470000E5D0009032463B4628468847DFE700BFA9
:1047100000100140DC2A0020D42A0020C00F002015
:1047200030B5431C124C85B005D08442A8BF044666
:10473000012CB8BF0124FFF787FE0E4B0C4DD3E9C7
:104740000013401AB0F5000F10D22218AA4228BF59
:104750002A4652184FF0000007490091CDE90100A8
:1047600043F10003FFF792FE05B030BD2A46F0E7A3
:10477000FFFF7F00D00F0020A543010008B5FFF721
:1047800063FE024B1B68C01A08BD00BFD00F00209B
:104790004FF08053D3F830210D2A55D14FF080418E
:1047A0000022C1F80C21C1F81021C1F83825304A87
:1047B000D3F80404C2F82005D3F80804C2F824058D
:1047C000D3F80C04C2F82805D3F81004C2F82C055D
:1047D000D3F81404C2F83005D3F81804C2F834052D
:1047E000D3F81C04C2F84005D3F82004C2F84405ED
:1047F000D3F82404C2F84805D3F82804C2F84C05BD
:10480000D3F82C04C2F85005D3F83004C2F854058C
:10481000D3F83404C2F86005D3F83804C2F864054C
:10482000D3F83C04C2F86805D3F84004C2F86C051C
:10483000D3F84434C2F87035D1F80034DB0709D519
:104840006FF00103C1F800344FF08053D3F83031DA
:104850000D2B0CD14FF08053D3F834313BB14FF0D6
:104860001023D3F808224FF08043C3F8582570472F
:1048700000C0004030B50468CCB1BFF35B8FB4FA20
:1048800084F3C3F11F03DBB201229A4024EA02023F
:1048900050E8005FA54204D140E8002CBCF1000FB5
:1048A000F6D1BFF35B8FE6D102480B7030BD0248F2
:1048B000FCE700BF0000AD0B0200AD0B10B50368B4
:1048C000CB40DB0714D401238B400268BFF35B8F1E
:1048D00043EA020150E8004F944204D140E8001C32
:1048E000BCF1000FF6D1BFF35B8FEED1014810BDD4
:1048F0000148FCE70000AD0B0400AD0B054B1A7935
:104900002AB95A71012218601A7103487047034886
:10491000704700BFE02A00200000AD0B0C00AD0B7B
:1049200008B5074B1B682BB10020EEF7C1FA08B998
:10493000EEF79CFA4FF080430022C3F8182508BD1B
:10494000E02A002010B510B1012840D010BD4FF072
:104950008043D3F81814D3F81824CC031ED590073D
:1049600002D000200BF080FE4FF080430022C3F8FD
:104970001825022008224FF4827303F1804300219E
:10498000196002F180421C6801241460154A126803
:104990000AB34FF08043C3F80403D7E7D3F81424D5
:1049A000D107E1D5D3F81C249207DAD10D4A126859
:1049B0001AB10222C3F80423C8E7D3F80421002A5D
:1049C000FBD00022C3F80421D3F80431BEE7002253
:1049D0004FF48073D1E71A68002AFCD019601B6875
:1049E000B4E700BFE02A00204FF08043D3F80C1456
:1049F000D3F80C24C80322D5D10720D5D3F8182426
:104A0000D2031CD5104A517901F0FF00C9B9C3F88F
:104A10000C01D3F80C11012151711961126822B1F6
:104A20000822C3F8042309487047D3F80C21002A50
:104A3000FBD00022C3F80C21D3F80C31F3E7044873
:104A400070470448704700BFE02A00200000AD0B0B
:104A50000500AD0B0B00AD0B10B54FF08043D3F844
:104A6000002152B10020C3F80001D3F80021012237
:104A7000C3F80823164B1B6898474FF08043D3F8C0
:104A800004215AB10022C3F80421D3F804210222E0
:104A9000C3F808230E4B01201B6898474FF0804352
:104AA000D3F80C2192B1D3F8042312070ED50022BB
:104AB000C3F80C21D3F80C110821C3F80813044BD8
:104AC0005A71BDE810401B680420184710BD00BF94
:104AD000E02A0020036803F01F025B09026004D093
:104AE000012B034818BF002070474FF0A0407047CB
:104AF00000030050034A430900F01F00D35C184430
:104B0000C0B270478742020070B50546FFF7F2FF5A
:104B10000C4C08300E4634F81030DA0508D5C3F3D3
:104B2000432304EBC302284654F8333052689847B5
:104B3000A3682BB1E26831462846BDE870401847AB
:104B400070BD00BFFC04002008B5FFF7D3FF034B86
:104B5000083033F81000400B08BD00BFFC040020F3
:104B600008B5FFF7C7FF034B083033F81000C0F358
:104B7000400008BDFC04002008B5FFF7BBFF034B55
:104B8000083033F81000C0F3401008BDFC040020CA
:104B9000034611F0010010B5CCB20DD1A207C4F349
:104BA000400012D5094AD2F820055860C2F8200505
:104BB000003818BF012008E04FF0A041D1F82025AF
:104BC0001A60C1F82025002AE8D010BD000300506B
:104BD00010B5FFF78FFF124A083032F81030D905B0
:104BE0001CD5C3F3432123F4F85322F8103002F10B
:104BF0000E04002034F8023F13F4807F03D0C3F387
:104C0000432399420AD001302A28F3D1002342F8E5
:104C100031300448BDE81040FFF750BE10BD00BF62
:104C2000FC04002068050020F0B50546002004467D
:104C3000012607468C420BD1114BD3F87C2132B1AF
:104C40000022C3F87C21D3F87C3140F00040F0BD55
:104C5000E3B29B0003F580729B0806FA03F31D4242
:104C60000BD002F1804202F5C042D2F800C0BCF184
:104C7000000F02D01760126818430134DAE700BF52
:104C800000600040F7B506460846FFF733FF194FAE
:104C900000F108050C4637F81530DB0727D53046FC
:104CA0000BF096FD2046FFF767FF40B12046FFF767
:104CB0004BFF316800F5A270002341F820302046F8
:104CC000FFF786FF002301A827F815300194FFF7AE
:104CD00001FF019B00EB8300074BD0F80027134036
:104CE00043F00203C0F80037044803B0F0BD0448A5
:104CF000FBE700BFFC040020F0F8FCFF0000AD0B58
:104D00000400AD0B2DE9FF41164680460846FFF72B
:104D1000F1FE0D463168044609B32846FFF720FF2F
:104D200018B12846FFF728FF10BB0023CDE9003358
:104D30008DF80E308DF80F300DF10F020B4628461E
:104D40000DF10E010BF0ECFC474A04F1080132F8BA
:104D5000113023F0020343F0010322F8113073688D
:104D600063B328461F785968FFF7FAFE10B1D1B136
:104D70003E4826E03C4A04F1080032F8103023F0A7
:104D80002003DB04DB0C22F8103061B1032FEFD8D5
:104D90007168496891F800C0D8F80010A7B90CF5FF
:104DA000A27C41F82C70304A04F1080132F811302D
:104DB00023F01C0343EA870322F81130B3684BBB8E
:104DC0002B4804B0BDE8F08101EB8C0143EA4C3381
:104DD000D1F810E52EF0030EC1F810E5D8F8001058
:104DE00001EB8C0E43F02003DEF8101522F8103092
:104DF00021F44F3121F44071CEF810152902DEF86C
:104E0000108501F47C5141EA074141EA0801CEF8DE
:104E10001015C8E7D3E900672846FFF7D9FE002E32
:104E2000CED0114DD5E90023964203D19F4201D146
:104E3000002209E00F480DF10F01FFF71BFD0C4B9D
:104E40009842BED19DF80F2045F8326005EBC203B1
:104E500008345F6035F8143043EA422343F480732A
:104E600025F81430ACE700BFFC0400200400AD0BB3
:104E70000000AD0B680500202DE9F0430C4685B01D
:104E80008046204611461E46FFF734FE054629B3EC
:104E90002046FFF765FE18B92046FFF76DFE18BBE8
:104EA000314F05F1080937F8193013F01C0F02D003
:104EB0004B78012B18D001238DF80F300023CDE95A
:104EC00000134A1C8B1C20460DF10F010BF028FC2F
:104ED00037F8193043F0030327F81930002E41D07A
:104EE0002046FFF73DFE18B9204805B0BDE8F08325
:104EF00096F800C0D8F800301B4F0CF5A2720021C4
:104F000043F8221005F1080237F8121021F02001B1
:104F1000C904C90C27F8121075781DB3D8F8000021
:104F2000B67800EB8C002D04D0F8103523F49913DB
:104F300023F4F853C0F81035230203F47C5305F42E
:104F400040353605D0F810E52B4306F4801641EACB
:104F50004C31334341F0200143EA0E0327F812108D
:104F6000C0F810350248C0E7FC0400200400AD0B77
:104F70000000AD0B014BC3E902127047FC04002096
:104F800010B508461446FFF7F7FD50B10846FFF785
:104F9000B1FD054B083033F8103004485B0B23702B
:104FA00010BD0348FCE700BFFC0400200000AD0B6F
:104FB0000400AD0B70B5164D95F8744006462CBB39
:104FC0002146542205F110000CF047FB30686E6E4C
:104FD00021468E420ED10023C0F87C31D0F87C31BE
:104FE00040F30730EDF742FF01230A4885F874309B
:104FF000EB6670BDCBB29B0003F580727C2B08BFC3
:10500000845001F1010108BF8358E2E70248F0E74C
:10501000FC0400200000AD0B0C00AD0B034B93F81B
:105020007400003818BF0120704700BFFC04002046
:105030000148FFF743BC00BF640500200148FFF7AB
:1050400019BC00BF6405002073B503681646D3F889
:105050000423002AA8BF4FF000420546A8BFC3F8AA
:10506000042308460C46FFF787FD00B30846FFF708
:1050700077FD0146D8B92046FFF766FD04B2A400CB
:1050800004F58072034628688150296882582144BB
:10509000D1F8102542F00102C1F810252EB129687F
:1050A000012202FA03F3C1F8043302B070BD2046B6
:1050B000FFF720FD0F4B083033F81030C3F38203A5
:1050C000042B12D0052B12D001A80194FFF702FD8A
:1050D000019AD0F81035D34003F00103991C204603
:1050E00002B0BDE870400BF064BB0321F7E702217A
:1050F000F5E700BFFC0400202DE9F04F694BDFF815
:10510000A881D3F80403D8F86410C0B289B040F085
:105110000040FFF789FD051E2FDAC24600235AF82A
:10512000701F06A8CDE90633FFF732FD5F4B0193F0
:105130000DF118094FF0000B019A12F8013B019292
:10514000DA0803F007031AF8022022FA03F3DA0759
:105150001CD409F10409BBF1000F14D0D8F8641075
:105160004FF00040FFF760FDD8F8701006A8FFF779
:105170000FFD0028DAD125F000450124002D79D15A
:1051800009B0BDE8F08F4FF0010BD5E7484B5B4409
:105190000293D9F800100029DBD0029B91FAA1F10B
:1051A0001C78B1FA81F141EA44142046FFF7A2FCD1
:1051B0000830059438F81070C808BB0819F80020AA
:1051C000039301F00701012303FA01F122EA01022E
:1051D00009F8002005A8FFF77DFC059A039B02F55E
:1051E000E072C7F3820650F822205B073746C2F30D
:1051F000014224D520463946D6B2FFF785FC05A8E2
:105200000594FFF767FC059B03F5E07350F8233026
:10521000C3F301439E4207D1002120460BF0C9FA97
:10522000314620460BF0C5FA05A80594FFF752FC5D
:10523000059B012202FA03F3C0F82035A9E7022AF0
:105240000CD1032120460BF0B4FA06F00503012B24
:10525000EAD139462046FFF757FCE5E70221204610
:1052600003920BF0A6FA032EF3D0039A032ADBD1A4
:10527000022EEDE795FAA5F3B3FA83F304FA03F2ED
:105280009B0003F1804303F5C04325EA0205D3F8F0
:105290001005D3F81015C0F30520C1F30141FFF745
:1052A00033FC6BE700600040FC04002097420200E2
:1052B00097420200044AD2F80034DB07FBD50160B4
:1052C000BFF35F8F704700BF00E001404FF0805395
:1052D0001A69B0FBF2F302FB130373B9084B022205
:1052E000C3F80425C3F80805D3F80024D207FBD57A
:1052F00000220448C3F8042570470348704700BFE4
:1053000000E001400000AD0B0A00AD0B10B5054CEC
:105310000123C4F80435FFF7CDFF0023C4F804359A
:1053200010BD00BF00E00140036803F01F025B09ED
:10533000026004D0012B034818BF002070474FF0D3
:10534000A04070470003005070B505790A4C142343
:105350006B43E618E35833B9006802210BF0A3FA57
:1053600008B101233372142303FB0544207A023869
:1053700018BF012070BD00BFE82A00202DE9F347C7
:105380000B7F04466BBBDFF8D8900D1F01F11006B0
:1053900001F10C08012755F804AFBAF1FF3F1CD00A
:1053A0003378CDF804A001A8002B50D0FFF7BCFF44
:1053B000019B07FA03F3C0F8083501A8CDF804A053
:1053C000FFF7B2FF019B00EB8300D0F8003703EA40
:1053D000090343F00303C0F80037A84506F10106AE
:1053E000D9D191F81DC00D8B4F7D8E7D8A7EC87EF0
:1053F0002368BCF1000F0BD1D1E9008ED1E902C1C5
:10540000C3F86085C3F864E5C3F868C5C3F86C15D4
:1054100042EA0022C3F80C75C3F80465C3F80855C6
:10542000C3F8102520680023C0F81031D0F81021EF
:10543000C0F80831D0F80821C0F80C31D0F80C3190
:1054400040F3073002B0BDE8F047EDF70FBDFFF7BE
:105450006BFF019B07FA03F3C0F80C35ADE700BF03
:10546000F0F8FCFF2DE9F04190F804800D4C142673
:1054700006FB08F6A71997F808C0BCF1000F0ED17B
:10548000A2517B6019B10B7F3B74FFF777FF1423A8
:1054900003FB0844044801232372BDE8F08103485C
:1054A000FBE700BFE82A00200000AD0B0C00AD0BAD
:1054B00070B40C460179266815461A461A4B01EB62
:1054C000810103EB81010368C3F82065A688C3F856
:1054D0002465A668C3F82865E668C3F82C650368E8
:1054E0002668C3F84065A688C3F84465A668C3F873
:1054F0004865E468C3F84C45046805F0010303EB14
:105500005505C4F81455D4070CD412F0020403D086
:10551000002B14BF082404240568C5F8004270BCA1
:105520000BF08CB91024F7E7E82A002038B503689F
:1055300005790022C3F800220368012204465A605C
:1055400071B12046FFF700FF0028FAD0236800223F
:10555000C3F80025054B142202FB053301221A7201
:105560002046BDE83840FFF7EFBE00BFE82A002024
:1055700030B500F01F04400911D0012812D10C48A9
:1055800000EB84001B02D0F800570A4C43EA820269
:105590002C4042EA41012143C0F8001730BD4FF0D2
:1055A000A040EDE704F5E074002353F82430FFDE5B
:1055B00000030050F0F8FCFF10B4CC7B8A6803684D
:1055C0002CB9D1E90041C3F80845C3F80C15C3F85C
:1055D0002425037928225343054AD3582BB1006868
:1055E00010BC40F30730EDF741BC10BC704700BF62
:1055F000FC2A00202DE9F04190F80480164E074661
:10560000282000FB08F035180C4695F82210F1B957
:10561000A96032506B6085F8251085F824106CB1B4
:10562000A37B85F8273020460BF09AF988B1637B7D
:1056300085F8263021463846FFF7BEFF282303FBB6
:1056400008660648012386F82230BDE8F081044848
:10565000FBE70448F9E700BFFC2A00200000AD0B7F
:105660000C00AD0B0400AD0B036802790621C3F8F2
:105670000015044B282101FB0233022283F822206B
:10568000704700BFFC2A002002790C4B282101FB47
:1056900002330021996002680948C2F80803D2F871
:1056A000000220F4BC50C2F80002C2F8001501222A
:1056B00083F8222083F82410704700BFFC2A0020C2
:1056C00002029C012DE9F84FB04D90F80490046857
:1056D000282303FB09539046002283F823204B68BC
:1056E0000E4633B1CB6803F06043B3F1005F40F086
:1056F00085813378023B012B06D8336903F0604380
:10570000B3F1005F40F07A81A14BC4F8083328233D
:1057100003FB095393F8241001F0FF0239B19B6891
:10572000DFF870B2C4F804335846BDE8F88F18F0BB
:10573000140F0CBF0121002183F82410317883F865
:105740002010717883F82110F168D96071681961AF
:1057500031695961B1689961C8F3001183F8251066
:10576000C3F81C807378C4F88835C4F86021D4F875
:105770006031C4F84821D4F84831C4F82421D4F861
:105780002431C4F80421D4F8043118F0010318BFFF
:105790000123C4F8503518F0020318BF0123C4F8E0
:1057A0004035337809EB890705EBC707032B00F277
:1057B000A380DFE803F0799862024FF48073C4F8A5
:1057C0000032D7E90323C4F84425C4F8483501233F
:1057D000A3604FF4801120460BF0E5F80028F8D1C3
:1057E000D7E90523C4F84425C4F84835282303FB2A
:1057F00009534FF480229A60DFF89CB1282202FB03
:1058000009F218F0080AAB5805EB020013D1317801
:10581000032910D0012940F085802160002B6ED033
:10582000282202FB09F27168AA5821B9002A00F067
:10583000BB8001226261282202FB09F2A918AA5842
:10584000002A00F0B18018F0040F1CBF00228A600B
:1058500018F0400F06D1282202FB0952916841F04E
:1058600002019160282202FB0952916841F4007103
:1058700091609268C4F8042356E7D7E90323C4F87B
:105880004425C4F84835D7E90523C4F83425C4F8BD
:1058900038354FF48453C4F800320123236228239F
:1058A00003FB09530222A6E7D7E9032318F0200FD0
:1058B000C4F84425C4F848354FF0280315BF4FF409
:1058C00080724FF4007203FB095303FB095315BFA9
:1058D000C4F80022C4F800224FF4802202229A6009
:1058E0000123236288E7D7E90323C4F83425C4F8E9
:1058F00038354FF48053CEE7DFF8A0B07EE7026979
:1059000002B961612649DFF89CA020460BF04BF8F4
:10591000012210F4007F18BF626110EA0A0F2049CB
:10592000F3D07DE70121A160002B7FF479AF0069FE
:1059300018B31C4B1AEA030F7FF472AF18492046C4
:105940000BF031F810F4007F8246F2D04FF08071F6
:1059500020460BF028F8D4F8001280B111F4007042
:1059600003D10122226282466261CB05E1D54FF468
:10597000802120460BF017F804E06161D9E701228D
:10598000226262614FF0000AD3E700BFFC2A0020C8
:1059900002029C010B00AD0B0000AD0B0400AD0B2F
:1059A00002020400020004002821D4F8C424C4F830
:1059B000C42401FB0955002185F824108AB111493E
:1059C000114B12F0010F14BF8B469B46013112F0B0
:1059D000020F18BF8B4612F0040F0C4A18BF9346F3
:1059E000A2E618F0400F7FF49FAE394620460AF039
:1059F00086FF054A002808BF934695E6DFF810B0F9
:105A000092E600BF0000AE0B0100AD0B0200AE0B32
:105A10000A00AD0B70B55C4D5C4C86B00221284687
:105A20000AF0C1FF4FF40071064628460AF0BBFF9A
:105A3000D8B1E6B9A368C5F808330223A360A36808
:105A4000C5F804334FF0807128460AF0ACFF18B156
:105A5000D5F800329B0503D44B4B01221A625A61E0
:105A6000012384F8233006B070BD002E57D0E569BD
:105A70006E060AD494F823303BB9444942480AF0F0
:105A80003EFF80F0010084F8230015F0040524D1C6
:105A90003D4B94F82520C3F86051D3F86011C3F84A
:105AA0005C51D3F85C1112B194F8232052B100225A
:105AB000C3F80022A260364AC3F80823354B0822F7
:105AC000C3F88021238CADF80430E3680493236984
:105AD000029363690593A36903932B4AD2F8C434F4
:105AE000C2F8C434980749D4590749D4DA0749D4CD
:105AF00094F823309B00DBB28DF8003094F8253009
:105B00000BB984F82430E3695B0703D594F823309C
:105B1000002BA8D0D4E9003168469847A3E74FF49A
:105B2000802128460AF03FFF94F82030A3B994F86A
:105B300025304BB9C5F80032A360154BC5F80833C2
:105B4000144B0822C3F8802100238DF8043094F808
:105B500021308DF80530B8E74FF40073C5F80032F6
:105B600040F20223A36003F1CE73C5F80833A368A3
:105B7000C5F804330123AB602B6274E70123BBE754
:105B80000223B9E70323B7E700300040FC2A0020D6
:105B900002029C0100E100E0036803F01F025B09C0
:105BA000026004D0012B034818BF002070474FF05B
:105BB000A040704700030050F7B506460AF01DFFED
:105BC00008460AF01AFF01A80196FFF7E5FF019BBE
:105BD0002E4D00EB83000C46D0F80037019440F2C4
:105BE0000D612B400B43C0F8003701A8FFF7D4FF2D
:105BF000019B00EB83000127D0F800372B400B43BB
:105C0000C0F8003704200AF02DFD092501A80194F1
:105C1000FFF7C2FF019AD0F81035D340DB0715D447
:105C200001A80196FFF7B8FF019B07FA03F3C0F83C
:105C30000C3504200AF016FD30460AF0DEFE013D68
:105C400004200AF00FFD15F0FF05DFD101A8019433
:105C5000FFF7A2FF019A01239340C0F80C350420FE
:105C60000AF000FD20460AF0C8FE04200AF0FAFC03
:105C700001A80194FFF790FF019AD0F8103504486D
:105C8000D34003F00103C01A03B0F0BDF0F8FCFFED
:105C90000100AD0B38B5EFF31185202383F3128893
:105CA000BFF36F8F064B9C680AF0CCFE85F311881A
:105CB000BFF36F8F2046BDE83840EDF75FB800BFF7
:105CC000242B002038B5094B53F82040013053F8FD
:105CD0002050A54200D838BD636823B120460AF0A1
:105CE000B4FE0834F5E723689847FAE72028020055
:105CF00070B52B4B2B4C2C4D012286B003201A7013
:105D0000FFF7E0FF01F0A6FA0AF0BBFE0420FFF760
:105D1000D9FF2646AE4204F1300410D300F0D4FE81
:105D2000204C224EAC4226D300F0E2FEECF714F9F0
:105D30001F4A137B23F00103137306B070BD54F8A0
:105D40000C3C059354F8103C049354F8143C039312
:105D500054F8183C029354F81C3C019354F8203C2E
:105D6000009354E90A2354E90C0100F085FC54F82F
:105D7000303C5E65CDE7D4E90A23B3F1FF3F08BFAD
:105D8000B2F1FF3F05D052EA0301206803D10BF0C6
:105D90000EF93034C6E73146183001F06FF8F8E7F5
:105DA000C92D0020081B0200081B0200DD100200A4
:105DB0005810002008B50348034A0021121A0AF0BF
:105DC0005CFE08BDB8080020CC2D002070B5144E34
:105DD000144D1549782386B003FB00660122002389
:105DE000CDE904230F22CDE902320193142303FBF2
:105DF00000554FF4A072044602FB00110B4B0095B6
:105E0000304600F039FC737B2C7423F00403737369
:105E1000074BEE60013403EBC4236B6006B070BD2A
:105E2000E00F0020242B002008450020CD0B0200AD
:105E3000083D0020BFB50020FFF744FF294B83F346
:105E40000888294C294E6369294F43F40073636124
:105E50000025E02384F82230E57725766576A5765F
:105E600084F82050636A43F4E023636284F823508B
:105E7000ECF756FFEDF7A2F84FF0FF33A362E362B1
:105E80001C4BB36040F201129A815D660AF0C6FDB8
:105E90000120FFF717FF0220174CFFF713FF00F058
:105EA00047FE164B74610593012315490095CDE912
:105EB00003534FF480623B46CDE90155204600F084
:105EC000DBFB627B064622F00402204662730BF085
:105ED000AAF82846FFF77AFF3A4631462046EDF702
:105EE0004DF800BF0845002000ED00E0242B002005
:105EF000F15C010068110020581000209942020056
:105F00004846002038B5064C064DAC4201D300206F
:105F100038BDD4E9011220460AF0B4FD1434F4E788
:105F2000240700202407002038B5064C064D002029
:105F3000AC4200D338BD20460AF009FE0028F9DB48
:105F40001C34F5E7D00600202407002073B50C466A
:105F5000EFF31181202585F31288BFF36F8FC56899
:105F60005DB125602B68C3608369013383610020C4
:105F700081F31188BFF36F8F11E052EA030603D15A
:105F800025606FF00B00F3E7CDE9002302460830EF
:105F900000F0E6FC18B9034B9B685B69236002B014
:105FA00070BD00BF242B00202DE9F34104461746A5
:105FB0001E46EFF31188202383F31288BFF36F8FFF
:105FC000C368334A7BB180689168884219D057EA28
:105FD000060318D188F31188BFF36F8F6FF00F009D
:105FE00002B0BDE8F081916891F90E102161013392
:105FF000E3609368A36088F31188BFF36F8F00207C
:10600000EEE72169F2E791F90E1090F90E3099420E
:10601000A8BF19466FF07E029142B8BF11468B426D
:106020002DDD0AF0DEFD0546CDE900761948224651
:10603000414600F095FC0028E1D0EFF311862023C3
:1060400083F31288BFF36F8FA068D0B123682169F2
:106050009C420AD04BB193F90E309942A8BF194621
:106060006FF07E039942B8BF19460AF0BAFD40B1FD
:106070000848314600F0E4FC6FF00A00B0E7002564
:10608000D2E7002DF4D186F31188BFF36F8FF3E7C9
:10609000242B0020CA2D002038B58368044663B342
:1060A000194A926893422BD1C368012B03D9013B53
:1060B000C360002038BDEFF31185202383F31288DD
:1060C000BFF36F8F016980680AF08BFD20460BF0EB
:1060D0001FF8A06058B190F90E20226100220267DB
:1060E0000AF0A1FF0948294600F0AAFCE1E7E060B8
:1060F00085F31188BFF36F8FDBE76FF01500D9E7E9
:106100004FF0FF30D6E700BF242B0020CA2D00201F
:1061100037B51146EFF31185202282F31288BFF3C1
:106120006F8F04689CB12368426823F00303944294
:10613000036008BF4360012120460AF0C6FD044603
:1061400085F31188BFF36F8F204603B030BD51EA4D
:106150000302F5D000F10802CDE9001310462946EC
:1061600000F0FEFB0028EFD1014B9B685C69EBE778
:10617000242B002038B50446EFF31185202383F348
:106180001288BFF36F8F0AF0C3FF48B10022026785
:106190000AF049FF29460848BDE8384000F050BCE5
:1061A000D4E902329A4218BF0133A360022104F1FC
:1061B00010000BF0EAF8EDE7CA2D002013B5EFF35D
:1061C0001181202484F31288BFF36F8F846844B157
:1061D000013C846081F31188BFF36F8F002002B00F
:1061E00010BD52EA030406D181F31188BFF36F8F0B
:1061F0006FF00F00F3E7CDE900230246014800F0FD
:10620000AFFBECE7CA2D002070B50446EFF3118513
:10621000202383F31288BFF36F8F6FF00A062046A6
:106220000AF076FF18B106670AF0FDFEF7E7A060F6
:10623000022104F110000BF0A8F829460248BDE83D
:10624000704000F0FDBB00BFCA2D00201FB5094AF9
:1062500092E8030002AB83E803004FF4006200936E
:10626000054906484FF0FF3300F064F9002005B0FF
:106270005DF804FBB01B0200484A0020D01000204B
:106280002DE9F043DFF82C8185B005464FF0FF364D
:106290004FF0FF37EFF31189202383F31288BFF308
:1062A0006F8FAC6F8CB9022105F190000AF06DFD83
:1062B00000285DD10023CDE90067029305F180023B
:1062C00049463D4800F0E2FCE4E7EA6F2368AB672B
:1062D000944208BFEB67D5F8903043F00203C5F84D
:1062E0009030E36823F0040343F00103E360636844
:1062F00089F31188BFF36F8F20469847EFF3118918
:10630000202383F31288BFF36F8FE368D90623F04D
:10631000010237D4E260E3689A071AD5D8F8000082
:1063200023F00203E360A0B10268002188B1436852
:106330009C4237D1036869BBD8F80420C8F8003004
:10634000824201D1C8F80430002340F8083BFFF72F
:1063500011FFD5F8903023F00203C5F8903089F38F
:106360001188BFF36F8FDB0594D400F0E9FB91E750
:1063700005F188040022012120460AF022FF0028AE
:10638000F8D197E723F01103E36004F11000FFF761
:10639000F1FEC0E70B60D8F80430834208BFC8F8AC
:1063A0000410D1E722B11368014610461A46BDE732
:1063B0001346F9E7442B0020CA2D002070B5C368AE
:1063C000C3F340069B0705460C460DD5012200216C
:1063D00004F108000AF0C9FC00232360054B656046
:1063E0005A681AB9C3E90044304670BD14605C6055
:1063F000FAE700BF442B0020F8B5C3689A070446AB
:106400000F46C3F340062CD45B071AD40B680BB9B4
:1064100083680B60E368DD0744BFA3683B603D68A9
:106420004CBF02260126002D38D01E4B9B68AB4284
:106430000AD0D5F89030D807C3F3800214D46FF097
:10644000120600233B6024E00AF0A8FDD5F8903046
:106450000028F0D1D907C3F3C002F0D552B15B07D1
:1064600008D46FF00F06ECE7002AFAD1C3F3C0039B
:10647000002BF6D100232360EB6F63B9C5E91E44FE
:1064800028460AF09DFCE36843F00403E3603B68A0
:10649000A3603046F8BD1C60EC67F1E76FF01506AD
:1064A000CFE700BF242B00202DE9F041C36803F0A3
:1064B0000503002B07460C4614BF4FF001084FF0B0
:1064C000000820D08668B56F25B1AF4201D02D6895
:1064D000FAE701250122002104F110000AF045FC31
:1064E000104920460AF0BEFCE36843F01003E36065
:1064F0008DB13B68236063B9F36F3BB9C6E91E44B5
:1065000030460AF05DFC4046BDE8F0811C60F4674F
:10651000F6E73C60F4E7B36F2360F36FB467002BDA
:10652000EED1F4E7A10D0200014601480AF0B6BC25
:10653000D0100020F0B589B004460020C4E91E0048
:106540000E9D04F18000C4E9200004F18800C4E934
:1065500022004DB32879002840F2011008BF012025
:10656000C4F8900000204FF0FF364FF0FF37CDE920
:106570000330CDE90100CDE906670C4B00942046BD
:1065800000F0B2F855B1296811B120460AF00CFDAF
:106590006B791BB1237B43F001032373204609B0C1
:1065A000BDE8F0400AF003BD0120D9E78162010097
:1065B00037B501900846EFF31184202181F312884A
:1065C000BFF36F8FC16811F01E0F16D153EA020599
:1065D00008D101A9FFF710FF84F31188BFF36F8F73
:1065E00003B030BD41F00801C160019981621030F3
:1065F000034900F043FC0120EEE70020ECE700BF78
:10660000290E020001460148FFF7D2BFD01000203A
:10661000F7B50C46019016461D46EFF3118720236F
:1066200083F31288BFF36F8F08460AF0BAFB55EA6E
:10663000060309D101A92046FFF7DEFE87F3118882
:10664000BFF36F8F03B0F0BDE368074943F0080361
:10665000E360019BA36204F1100032462B4600F078
:106660000DFC0120EAE700BF290E020001460148A7
:10667000FFF7CEBFD01000202DE9FF41984600F172
:106680005803D51DC0E916330E9B037325F007058B
:106690000423002643730D440D9B83730F46C0E90A
:1066A000066629468660C6730446ECF7D7F90C9B4C
:1066B000029307300B9B019320F007000A9B009385
:1066C0002D1A43462A4639462046ECF73BFC054B3B
:1066D00066659B6803B15B6E6366284604B0BDE8DF
:1066E000F08100BF242B0020F0B587B00025059570
:1066F000109D04950F9D03950E9D0295DDE9127680
:106700000D9D01950C9D00950446FFF7B5FFB6F170
:10671000FF3F08BFB7F1FF3F05D056EA070305D199
:10672000204600F09FF9204607B0F0BD03493A46E5
:10673000334604F1180000F0A1FBF4E7DD1002007D
:1067400038B50D4D2B4653F8184F9C4200D004B974
:10675000EC68AB6838B95A7BD20604D1A26912B989
:10676000DA897F2A05D89C4202D0204600F0CEFA72
:1067700023466B6138BD00BF242B002008B590F97B
:106780000D20437B002A014604DA03F07F034373A4
:106790000AF00FFC044B9868431A58425841BDE870
:1067A0000840FFF7CDBF00BF242B002070B490F944
:1067B0000D30427B002B29DBD30627D183692BBB0D
:1067C000134962F07F0242730A4652F8184F94420E
:1067D00018BF2346CC6923B9C0E900242060C861F2
:1067E0000CE090F90E5093F90E60B5420AD0AE421B
:1067F00008DD5A68C0E900321060586070BC0020A3
:10680000FFF79EBF9C42E7D01B68E4E770BC70476F
:10681000242B00202DE9F041002A427B0E460CBFBC
:1068200010210821114204460FD141EA0203D20986
:1068300018D1437308291BD00120FFF781FFBFF354
:106840005F8F637B23F060036373264B9B68A342D7
:1068500041D1EFF30583002B3DD13046BDE8F04137
:10686000ECF7A2BA03F07F0343730AF0A2FBE1E75F
:10687000A36813B120460AF0A4FB04F118000AF043
:10688000C2FCA56D04F15807AF4211D04FF00008CB
:1068900075B128460AF095FB05F118000AF0B3FC23
:1068A000C5F870802846FFF781FFA56DAF42EFD194
:1068B0000C4DAB689C42BFD1EFF30583002BBBD0DE
:1068C0000120FFF73DFF084BAB6040F201129A81B7
:1068D00000225A66B3E786F31188BFF36F8FBDE8D5
:1068E000F08100BF242B00206811002070B590F9C2
:1068F0000D20437B002A014604DA03F07F03437333
:106900000AF057FB4B7B154A63F07F0310464B732D
:1069100050F8183FD469834208BF002323B9C1E966
:1069200000042160D1610CE091F90E5093F90E60E2
:10693000B5420ED0AE420CDD5868C1E900300160AE
:1069400059609068431A5842BDE870405841FFF7BB
:10695000F7BE9C42E3D01B68E0E700BF242B002079
:10696000F8B5124B0C461146114A98681060DDE9E3
:106970000676EFF31182202282F31288BFF36F8F25
:106980009D6828460AF027FBB6F1FF3F08BFB7F124
:10699000FF3F06D007493A46334605F1180000F09C
:1069A0006DFA2046BDE8F840ECF7FEB9242B002034
:1069B0004C2B0020DD100200F8B50446EFF31186E1
:1069C000202383F31288BFF36F8F437BDA0649B22B
:1069D00019D18569BDB903F07F0343730AF0E9FA61
:1069E000437B164A817363F07F034373134653F866
:1069F000180F984218BF0546D0695DB9C4E9003048
:106A00000460D46111E0A173002086F31188BFF304
:106A10006F8FF8BD95F90E70B9420BD08F4209DD2A
:106A20006B68C4E900531C606C600120FFF788FEAE
:106A30000120EAE7A842E1D02D68DEE7242B002000
:106A400049B9EFF3058030B9054B5A699B689A4202
:106A500001D0ECF7A9B981F31188BFF36F8F7047AC
:106A6000242B002010B5EFF31184202282F312882A
:106A7000BFF36F8F427B510704D484F31188BFF3B7
:106A80006F8F10BD22F004024273FFF78FFE214684
:106A90000248BDE81040FFF7D3BF00BFCA2D002059
:106AA000034648B9EFF3058232B9064A5169926844
:106AB000914201D0ECF778B983F31188BFF36F8F5F
:106AC000704700BF242B0020EFF31181202383F3B4
:106AD0001288BFF36F8F054B9A68D37B013BD3734A
:106AE00081F31188BFF36F8F704700BF242B002004
:106AF00038B5EFF31185202484F31288BFF36F8F2C
:106B00000A4B9A68D37B0133D3730020FFF718FE3A
:106B100085F31188BFF36F8FEFF3118084F3128830
:106B2000BFF36F8FBDE83840FFF7BABF242B0020BA
:106B3000024B03F11802C3E906227047242B002000
:106B4000F8B5EFF31185202383F31288BFF36F8F1D
:106B500019498868437B03F07F0343730AF029FADD
:106B60008B685A7B084662F07F025A7350F8182FE0
:106B7000CC69824208BF002222B9C3E90004236025
:106B8000CB610CE093F90E6092F90E70BE420ED00C
:106B9000B7420CDD5168C3E900210B60536001204E
:106BA000FFF7CEFD2846BDE8F840ECF7FDB8A2425D
:106BB000E3D01268E0E700BF242B002050EA010375
:106BC0002DE9F04105460E4603D1FFF7B9FF00203D
:106BD0002BE0831C71F1FF3329DB0AF029FB2C1811
:106BE000EFF31188202383F31288BFF36F8F124FC6
:106BF000124BB8681860FFF7C1FDB86810492A4603
:106C00003346183000F03AF9BA68537B43F010036A
:106C100053734046ECF7C8F80AF00AFB201A63EBFE
:106C20000303012873F10003D1DBBDE8F0816FF0AD
:106C30000104241AD4E700BF242B00204C2B002091
:106C4000DD100200B1F1FF3F08BFB0F1FF3F08B512
:106C500006D10A4B98680AF0F5F94FF0FF3008BDED
:106C6000FFF7ACFF4FF47A7147F6FF730022C0FBC9
:106C70000132D80B40EA4240F1E700BF242B00204C
:106C8000014B9868704700BF242B0020D3B5DDE985
:106C90000667089CCDE90067FFF762FE1CB1034B55
:106CA0009B685B69236002B0D0BD00BF242B00202D
:106CB000044BC01A044BC0105843044B01221A5411
:106CC000704700BFE0110020ABAAAAAACA2D00207D
:106CD000C3897F2B12D80A4B1B6863B1094B90F90B
:106CE0000E201B689A4209DB437BDB0606D1064B6C
:106CF000C31A18BF012303F0010070470023FAE70D
:106D0000542B0020502B0020E00F002070B50E4BBC
:106D10000E4C1E7C06EB460304EBC30405462046DE
:106D20000AF071FA0A4B002228469A55FFF7D0FF65
:106D300048B1084B08491A68013A2046D317BDE804
:106D4000704000F09BB870BD242B0020E0110020A3
:106D5000CA2D0020542B0020B16C010038B5EFF390
:106D60001185202383F31288BFF36F8F104B114AD4
:106D70009C681068A04206D1FFF7C8FF85F3118810
:106D8000BFF36F8F38BD00211B7C11600A4AD35CB2
:106D9000002BF3D02046FFF79BFF0028EED0637B4B
:106DA000DB0602D12046FFF7A1FD2046E4E700BF45
:106DB000242B00204C2B0020CA2D002008B50648AB
:106DC000064A0749121A09F05AFEBDE80840054A6A
:106DD0000549064809F053BE00000020B408002011
:106DE000F042020000000000F0420200000000201B
:106DF000034B1B680BB9FDF7C1BC0020704700BFF7
:106E0000582B002030B570B10B4B5B6898420AD00C
:106E1000036843B1D3E90421D0E90445121941EBD9
:106E20000501C3E90421D0E9003213605A60002350
:106E3000C0E9003330BD00BF7405002010B50E4B13
:106E40001C689C4204D1FFF7D3FF6FF0004010BDD7
:106E5000FFF7CEFF002CF8D0D4E904321B1A62EB06
:106E6000E072B3F1004F72F10001EEDA002AACBF1C
:106E700018460020EBE700BF74050020B3F1FF3F88
:106E800008BFB2F1FF3FF8B504461D4616465ED076
:106E90008160EFF31187202383F31288BFF36F8F94
:106EA000013275F1FF3324DA2E49D1E900206FF069
:106EB00001039B1A4FF0FF3262EB00009E1B60EB58
:106EC0000500012E70F1000301DA01260020C4E95B
:106ED0000460254ED6F800C07568B44508BF4FF071
:106EE000000CBCF1000F0DD1C4E900652C6074608A
:106EF0001CE0FFF77DFF013645F10005361845EB34
:106F0000E070E4E7DCE90420D4E90431934271EB5A
:106F1000000E1DDAD21ADCF8043060EB0100CCE977
:106F20000420C4E900C31C60CCF804403368B342B9
:106F300009D09C4207D10D4B1C6824B9FFF77EFF96
:106F40002146FDF7EDFB87F31188BFF36F8FF8BD86
:106F50009B1A61EB0001AC45C4E90431C4D0DCF8F4
:106F600000C0BEE7F811002074050020582B002057
:106F70002DE9F84FEFF3118C202383F31288BFF330
:106F80006F8FDFF8B0A0DFF8B0902C4FC9F8000089
:106F9000DAF800000024504508BF00200025D7E99A
:106FA0000021D9F80030E04678B3D0E9046C4FEA0C
:106FB000E37EB3427EEB0C0B05DAF61A6CEB0E04A3
:106FC000C0E9046421E0B21841EBE671C0E9044570
:106FD000C7E90021FFF716FF88F31188BFF36F8F11
:106FE00083689847EFF31188202383F31288BFF357
:106FF0006F8FD9F80030DAF800009B1B5045C4466B
:10700000C9F80030CBD1D7E900219A1841EBE373DE
:107010000024C7E90023C9F80040FFF70FFF21460D
:10702000FDF77EFB88F31188BFF36F8FBDE8F84F43
:10703000FFF794BE74050020582B0020F8110020A3
:1070400010B5EFF31184202383F31288BFF36F8F01
:10705000FFF7CEFE054A0346D2E90001181841EBBE
:10706000E37184F31188BFF36F8F10BDF811002016
:10707000F8B50446EFF31187202383F31288BFF39A
:107080006F8F026822B187F31188BFF36F8FF8BD4D
:10709000D0E90A36581C46F10001022871F10001BE
:1070A00027D3012B76F10001BCBF012316465D1EDC
:1070B00046F1FF360AF0C0F8013041F100014019F5
:1070C00046EB0101012871F1000139DB0AF0B4F847
:1070D000013041F100016FF00102401946EB01035C
:1070E000121A4FF0FF3161EB030318492046FFF7F6
:1070F000C5FE236B01332363236A6BB187F31188C9
:10710000BFF36F8F236A20469847EFF31187202340
:1071100083F31288BFF36F8F54F8185FA542B2D083
:10712000002DB0D0284609F0A7FF00232B6787F376
:107130001188BFF36F8F2846BDE8F84009F073BF90
:107140006FF001024FF0FF33CFE700BF7170010015
:107150002DE9F04105461C4690461F46EFF3118687
:10716000202383F31288BFF36F8FB4F1FF3F08BF72
:10717000B2F1FF3F05D186F31188BFF36F8FBDE8F1
:10718000F081531C74F1FF3309DB012A74F1000311
:10719000BCBF0122002412F1FF3844F1FF3728461A
:1071A0000AF031F8DDE906010023C5E90A012B6385
:1071B000034942463B462846FFF760FEDBE700BF37
:1071C0007170010038B50346EFF31185202282F378
:1071D0001288BFF36F8FC160012181600068834214
:1071E00006D185F31188BFF36F8F0024204638BD88
:1071F000D0E9003213605A600023C0E900330AF07E
:107200007EF8294604460248FFF71AFCEEE700BF65
:10721000CB2D002073B506460D4609F0BFFE78B9A8
:107220000B4B9B685C6E7CB12A1D09D200200021AB
:10723000CDE9000146F00401204609F02BFC08B915
:10724000002401E00460041D204602B070BD00BFB0
:10725000242B0020014801F011BC00BFA74202000E
:107260000FB407B5064B04AA186852F8041B019224
:1072700000F0F0F803B05DF804EB04B0704700BF15
:107280008C210200F8B50E4B1D68AB789B070646B3
:1072900012D56F6816F8014B29462CB90A20B84759
:1072A000002805DB204609E02046B8470028F1DA2F
:1072B000AB7843F00403AB704FF0FF30F8BD00BF74
:1072C0008C2102000CB430B589B005460C461C2256
:1072D000002101A80AF0C1F902238DF806300E4BF7
:1072E0000293059523462CB1B4F1004F28BF4FF00F
:1072F0000043013B1D440DAA0C99069501A800927C
:1073000000F0A8F814B1059B00221A7009B0BDE87E
:10731000304002B0704700BFE71702002DE9F0418E
:1073200001260746B24201DCBDE8F0813B461F461C
:1073300013F8014B002CF7D0252CF8D11C78252C04
:1073400007F10207F2D00023DFF804819C461D46B6
:107350001F2D18D8A4F1200EBEF1100F09D9A4F1E9
:10736000300EBEF1090F1ED80A2404FB03E32025CA
:1073700004E028FA0EFE1EF0010F06D017F8014BAC
:10738000002CE5D128E07F2D1CD8A4F1300EBEF1F1
:10739000090FE9D9242C10D1BCF1000F46D0B3421B
:1073A00046D00023EAE724F0040EBEF12A0FF8D0FD
:1073B0006C2C09D145F08005E0E724F0040EBEF105
:1073C0002A0FEED06C2C22D06C2C1BD8682C23D02A
:1073D0006A2C28D04C2C26D0BCF1000FA4D0B44588
:1073E000A0D144F02007A7F1650CBCF1020F0B6897
:1073F00001D9612F1ED1073323F0070308330B6037
:1074000001368EE7742CB9D07A2CB7D0E4E72C067D
:1074100048BF45F40075CDE7EC0548BF45F400755D
:1074200045F48075AAE745F42075A7E79C46B8E7C0
:107430006324D6E7692C02D007D8632C03D02F062B
:1074400001D5AC05D7D40433D9E7732CF6E700BFD8
:10745000892801002DE9F04F95B0436803938378A4
:1074600080469807CDE9081217D50D920B460025E6
:107470001F78A7B1252F16D001330793039B4146F0
:1074800038469847002805F1010580F2558498F8A0
:10749000023043F0040388F802304FF0FF352846ED
:1074A00015B0BDE8F08F5F789A1C252F0792E5D0C4
:1074B00000242646A246A346BBF11F0F32D8A7F1EF
:1074C0002003102B0AD8DFE803F02409092A090950
:1074D000091B09090922092709091900A7F1300325
:1074E000092B2DD92A2F39D154B90D9B1BF0400FF0
:1074F00053F8042B0D9329D0164601E04BF0010BF5
:10750000079B13F8017B0793002FD5D15BE04BF06D
:10751000020B4BF0040BF3E74BF0080BF0E74BF0DA
:10752000100BEDE7BBF17F0F3FD8A7F13003092B1C
:10753000D8D81BF0400F03D00A2202FB0636DFE743
:107540000A2202FB0A3A4BF0200BD9E7B2F1000AFB
:10755000F9DACAF1000A4BF0280BD1E72E2F05D13A
:107560001BF0400F9BD14BF0400BC9E7242F1CD1DF
:10757000002C00F04481099B0D931BF0400F0AD1B1
:10758000524608980DA9FFF7C9FE0D9B1A1DD3F8A6
:1075900000A00D92B4E7324608980DA9FFF7BEFE91
:1075A0000D9B1A1D1E680D92AAE76C2F00F0148126
:1075B00000F20B81682F00F017816A2F00F01C8108
:1075C0004C2F00F0198134B1099B08980D93224685
:1075D0000DA9FFF7A3FE002E47F02003B8BF2BF044
:1075E000400B0593A3F16503BCBF1FFA8BFB00267C
:1075F000022B40F2098147F02003612B40F0848286
:10760000FF4307F0200306930D9B073323F0070386
:107610001BF0400FD3E9000103F10802069B009321
:107620000D9214BF33464FF0FF330EAA0AF01DF837
:10763000431CDBB24BF4C0540493DDF83890702344
:107640000646A3460127059309F10903122B0CD91D
:1076500009F16303C62B40F2138109F2E73340F2CC
:10766000CE72934294BF032704279DF83C2002F07A
:107670000C0312F0010240F01E811BF0020F40F0DB
:1076800017811BF0040400F0FD80002B40F01681F0
:1076900020231BF4405F21D1049A5032002E6A440B
:1076A00008BF0126133A049921B112F8011D3029AF
:1076B00000F03B811BF0100F049A18BF324619F1FD
:1076C000040FC0F23781B14580F234814A454BF452
:1076D000005B40F3318109F10106961B1BF4005257
:1076E0000A9200F02B8129EAE974013403B10134D4
:1076F000002E00F02A81721C1444A245CCBFAAEBD4
:10770000040400241BF0090F04D12C44A54240F0CE
:107710002181002443B118464146039B9847002825
:1077200005F10105FFF6B3AE1BF4006F13D0039B08
:107730004146302098470028FFF6A9AE069BC3F1CA
:1077400078004146039B00F0F8009847002805F1B7
:107750000205FFF69CAE1BF0080F05D12C44AC428D
:1077600040F00481254600240A9B002B00F02E8166
:1077700029EAE97AA9EB0A027642049B0592934230
:1077800084BF0EABD3180AF1FF3A8CBF5879302072
:10779000564505F1010700F3F380039B41469847E6
:1077A000059A002802F10102FFF671AEBAF1FF3F1F
:1077B00009D1039B059241462E2098470028FFF6E9
:1077C00066AE059AAF1C3D46D7E7742F3FF498AEDE
:1077D0007A2F3FF495AEF6E61BF0800F18BF4BF4FE
:1077E000007B4BF0800B8BE61BF4807F18BF4BF4C3
:1077F000007B4BF4807B83E64BF4207B80E62646BF
:10780000B3465446B2467BE6FF4307F02003069397
:107810000D9B073323F0070303F10802D3E90001AE
:10782000059B0D921BF0400F08BF0626652B13D158
:10783000731C0022DBB24BF4805B1446112BCDE9A4
:10784000002428BF11230EAA00F014FBC3B2DDF8F8
:10785000389004930227F7E6059B662B05D14BF47D
:10786000005B344601221123E8E7F3B2012B4FF00D
:1078700000024FF0650738BF012314460597DDE786
:107880000227F2E6002B3FF404AFBAF1030F3BDC12
:107890009DF83C309A4E13F0080F9A4B08BF1E46D5
:1078A000B1464F4619F8010BB0BBAE1B374488E018
:1078B00033BB2B23EDE62BBB2D23EAE62022BAF1C6
:1078C000040F13DD1BF0080FAAF104040FD12C44A0
:1078D000039B0492414620209847002805F10105AA
:1078E000FFF6D5ADA542049AF2D19AB10024039BCC
:1078F000414610469847002805F10105C8DAC6E55B
:107900002B22DCE72D22DAE71BF0080FAAF1030493
:10791000BED1DCE71446BBE7069BC01A4146039B79
:10792000C0B298470028BCDAB1E504990139C9B260
:107930000491B8E6561ED1E60026CFE61BF4006F90
:107940000CBF032405243C44D0E61BF0100F18BFE5
:107950000134D2E60B934146039B20209847002830
:107960000B9B05F10105BFF6D1AE90E5039B4146A7
:1079700030209847002805F10105BFF6F0AE86E5F6
:10798000D1450AD19DF83D30352B1DD805D19DF844
:107990003C3013F0100F08BF3120039B414698473D
:1079A0000028FFF674AD1BF0100F0AD0BAF1FF3FAC
:1079B00007D1AF1C41462E20039B98470028FFF6B5
:1079C00066AD3D463C443DE23120E6E79DF83D0092
:1079D00031281EBF9DF83C3023F010038DF83C3059
:1079E0004146039B98470028FFF651AD002E6BDD02
:1079F000039B41462E2098470028FFF648AD4FF0E4
:107A0000010A049B9A45BBBF0EAB53443020587902
:107A1000039B414698470028D346FFF638AD0AF14C
:107A2000010A5645EDDA02355D44DDE90532981A62
:107A30004146039BC0B298470028FFF628ADB9F134
:107A4000000F04DB4ED19DF83C30DB064AD5C9F16E
:107A500000092D20039B414698470028FFF617ADEB
:107A6000042F41D14FF47A7799FBF7F606F13000F5
:107A7000039B4146C0B29847002805F10305FFF675
:107A800006AD07FB1699642799FBF7F606F130005F
:107A9000039B4146C0B29847002805F10105FFF657
:107AA000F6AC07FB16990A2799FBF7F606F13000AA
:107AB000039B4146C0B29847002805F10105FFF637
:107AC000E6AC07FB169915E01BF0100F01D101354C
:107AD000ABE7039B41462E209847002805F102059D
:107AE000A3DAD4E42B20B5E7032F05F10205CAD0B1
:107AF000012FD8D109F130006F1C4146C0B25BE7BD
:107B0000E5420200E1420200A7F16303122B00F2FA
:107B1000FB80DFE813F013005300F900F900F900CF
:107B2000F9005300F900F900F900F900F900140117
:107B3000F400F900F9002800F900B5000D9B1A1DAA
:107B40001B680D928DF8383001240EAF1BF0080F22
:107B50002AD007EB04093E464E4527D1EF1B374498
:107B6000AAEB04042DE70D9B1A1D0D921F68AB4B69
:107B7000002F08BF1F461BF0400F14BF31464FF0C7
:107B8000FF31384609F032FC0446DFE7039B4146EB
:107B9000202098470028FFF67AAC013EB442F5D386
:107BA0005544AD1BB246D4E75646F7E716F8010B2D
:107BB000039B414698470028CEDA68E41BF0800F0B
:107BC0000D9B35D01BF4007F2DD0073323F0070326
:107BD000D3E9000103F108020D922BF010090029EE
:107BE0001FFA89F936DA404261EB410149F48069B4
:107BF0000DF1380B0A235A4609F004FC19F0400F26
:107C0000A0EB0B0B65D029F001025E4592B240F368
:107C1000B380002F00F0AA8019F01003344691467B
:107C200026D002345CE01A1D18680D92C117D4E703
:107C30001A1D1BF4807F19680D9201D10846F5E7E3
:107C40001BF4007F15BF48B208B241F3C01141F3E5
:107C5000C031C2E750EA0103CAD11BF0400FC7D0C0
:107C6000002EC5D12BF0110B1FFA8BF93446B34609
:107C700040F2064319EA03031CBF013400232FE03E
:107C80002BF0100B1FFA8BFB0A231BF080040D9ABC
:107C900058D01BF400711DBF073222F0070202F119
:107CA0000801101D19BF0D91D2E900010D90106857
:107CB00050EA010253D12BF016091BF0400F1FFAB6
:107CC00089F950D0002E4ED12BF0170B1FFA8BF9EB
:107CD000B34619F0100353D0002F4FD10BF101041C
:107CE00019F0080F5FD119F0010F06D0A2456EDD23
:107CF000AAEB040404EB0B06544622464EE04BF07C
:107D0000100B10237827C0E747F02003782B04D10D
:107D1000C7F1780343F01003B7E7039B41462520E2
:107D200098470028FFF6B3AB039B41463846984777
:107D30000028FFF6ACAB0235079BFFF799BB082381
:107D40000027A2E7111D0D911BF480711068AFD0C0
:107D50001BF400711ABFC0B2214680B2A8E72BF015
:107D6000060B1FFA8BF90DF1380B44E729F01109C6
:107D70001FFA89F934467BE79146AAE75C4650E74B
:107D80005C4675E7CDE904234146039B20209847D4
:107D90000028FFF67CAB049A059B01329245F1DC8A
:107DA0002C1BA5181446EBB1039B41463020984785
:107DB0000028FFF66CAB67B901352F462E44F31B44
:107DC0005B4521DC5D460EAE55BB5F44C8E65E46B2
:107DD00093E7023541463846039B98470028ECDA82
:107DE000FFF755BB40F2064319EA030FE5D019F03F
:107DF000020F14BF2B20202019F4806F05F101051C
:107E0000414618BF2D20E7E7039B414630209847A5
:107E1000002807F10107D2DAFFF739BBE942020077
:107E2000013D039B705D414698470028CCDAFFF77F
:107E30002EBB039B414620209847002805F10105F1
:107E4000FFF625AB631B002BF3DC75E71FB502AB18
:107E50000093074A4FF0CC3309F0B7FBDDE902018C
:107E6000C00840EA4170C90805B05DF804FB00BFD6
:107E7000CDCCCCCC2DE9F04F9BB0044605920A4600
:107E80000A93C2F30A559DF890300B93D20FC1F3B9
:107E900013030992090D7DB950EA03021BD1059A1B
:107EA00030235371099B156043F0020313710127BE
:107EB00038461BB0BDE8F08F40F2FF7295424AD1C0
:107EC0000343099B059A14BF43F0080343F00403DE
:107ED00013710027ECE700F0010208924FEA8308D3
:107EE0000122AC4D48EA907887009A461646C5F1C3
:107EF000000B5846069200F011FAB5F1FF3FACBFF7
:107F00008146A0F10109ABEB090B09EB05035846CB
:107F1000049300F009FA16A9A0F17D05584600F077
:107F200023FA12AB069A0193A9EB050510AB029256
:107F3000009320462B4616AA514609F08BFAB9F158
:107F4000010F04460D4600F2D280089B002B40F042
:107F5000C58001276BE043F4801A00F001024FEA6C
:107F60008A080343A5F23545089248EA90784FEA1B
:107F7000800749D140F2FE7319420CBF012600264A
:107F8000002D3246B3DB284600F0C2F9032DC8BFEE
:107F90000138049000F0C8F9049B7C305D1B054457
:107FA00016A9184600F054FA12AB019310AB0093D7
:107FB00020462B46029616AA514609F04BFA049B1E
:107FC000152B04460D4600F2868014AB724A0093CE
:107FD00038464FF0CC33414609F0F7FA149B159A16
:107FE0009B0843EA827303EB8303BB42DDE9109AEB
:107FF0000CD13846414600F09FF9049B83428CBF68
:1080000000270127002612E00126B9E7089B002B74
:1080100051D1013F48F1FF31B81B61F1000100F07F
:108020008BF9049B089F83428CBF002601260B9B83
:10803000002B40F09080DDF828B04FF00008CDE92B
:1080400006884FF00A0ADDE91001FFF7FFFE129BD8
:108050000E93CDE90C0118461399FFF7F7FE0C9B20
:108060000D9A0F9198420B469341814680F08D8086
:1080700020462946FFF7EAFE0E9A0AFB09F39342CF
:1080800014BF002606F001060C9B10930D9BCDE952
:1080900011390F9B1393079BB8F1000F14BF0027F2
:1080A00007F0010701330AFB10485FFA88F80793CD
:1080B00004460D46C7E7B81C48F1000100F03CF942
:1080C000049B83428CBF00200120B9EB00006AF1C1
:1080D0000002CDE9100200273E46A8E7109B119A46
:1080E000013B42F1FF32CDE9103201278AE7B9F1B5
:1080F0003E0FF0D84FF0FF33A9F1200003FA09F248
:1081000003FA00F0C9F1200123FA01F102430A4306
:1081100003FA09F327EA030728EA020857EA0807DF
:108120000CBF012700276DE700FB02FCA1FB00123A
:10813000013362448C4275EB020CF5D2049ADDF8EF
:1081400028B01344259A1344012BB8BF01239B4543
:10815000A8BF9B4671E70A21002201230846E9E7F0
:108160000AFB03F0A2FB0A2301310344944275EB9E
:108170000300F5D2594511DDBBF1000F02D154EADD
:1081800005030BD00123069372E70A220023012185
:10819000ECE700BFCCFBFFFFCDCCCCCC002E2FD02A
:1081A0004FF00A0A129B13990D931846FFF74EFEE3
:1081B0000D9B0C910AFB00F29A42814620D1DDE929
:1081C0001001FFF743FE0E900D9120462946FFF760
:1081D0003DFE0D9B0E9A1092CDE911390C9B139325
:1081E000079BB8F1000F14BF002707F00107013308
:1081F0000AFB10485FFA88F8079304460D46D1E75A
:10820000DDF81090079B9944002F59D0B8F1050F65
:1082100056D114F0010349D1069A32B9DDE912238F
:108220009D4208BF94425ED0069B18194FF00A0485
:1082300045F10001002201262546A04271EB02070C
:1082400054D2E3B1B3451ADA0B9B63B1259ADDF83A
:1082500028B006EB0903134423EAE3739B45A8BF48
:108260009B465E450BDD05304FF00A024FF00003E0
:1082700041F10001E7F744FF09F10109013E5E45C4
:10828000A8BF5E4637B20FFA89F9059B09FA86F650
:1082900007F10508013E98444FF00009B9452CDB71
:1082A000059B1A461E60099B137101E6069B2BB9BC
:1082B000DDE912239D4208BF944209D00123B4E7AF
:1082C000069B53B9DDE912239D4208BF944204D1B5
:1082D000089B002BF2D1002EF0D0B8F1040F94BF10
:1082E00000230123A1E74FF00408F1E705FB02F7A3
:1082F000A4FB054201363A449FE70A220023E7F730
:10830000FFFE303208F8012D09F10109C6E700BF70
:10831000014B5843800C704741340100014B5843D6
:10832000000D7047FB2E0B00024B5843C00C013070
:10833000704700BF4F9312000A4A70B503464FF0D2
:10834000CC3600204FF0333506FB03F402FB01442A
:10835000A3FB023121449D4275EB010401D301309E
:10836000F2E770BDCDCCCCCC2DE9F04F1A23354EC1
:10837000B0FBF3FA03FB1A0389B004460D4606EB83
:108380000A1653B9D6E90023C1E90023D6E9020150
:10839000C5E9020109B0BDE8F08F2B4A02EBC30327
:1083A000D3E9008904AB0093D6E90223404649464D
:1083B00009F00BF906AB0093D6E9002383460F467C
:1083C0004046494609F001F9DDE9066216EB0B0665
:1083D00052EB07084FF0000328BF0123814633B159
:1083E000049B059A013342F10002CDE90432204694
:1083F0000391FFF799FF07461A2000FB0AF0FFF7E9
:1084000093FF3F1A3246434603990097484609F0C6
:10841000F7F84FEA141C0D4A640004F01E0352F8EA
:108420002C40DC4004F00304241841F10001C5E9AC
:108430000041DDE9042300973046414609F0E0F8A9
:10844000A6E700BFE81C0200181C02003828020042
:108450002DE9F04F1A27DFF8E4A000F11905B5FB6C
:10846000F7F56F433A1A4FEA051B89B004460E46EA
:108470000AEB05150AD1D5E90023C1E90023D5E9A6
:108480000201C6E9020109B0BDE8F08F2C4B03EBF5
:10849000C203D3E9008904AB0093D5E90223404627
:1084A000494609F092F85AF80B206B68013ACDE979
:1084B000020106A963F1000300914046494609F014
:1084C00084F8DDE906528A4602996D18039952EB49
:1084D00001084FF0000328BF0123814633B1049BFC
:1084E000059A013342F10002CDE904323846FFF724
:1084F0001BFF07462046FFF717FF3F1A2A46434651
:1085000000974846514609F07BF84FEA141C0D4A83
:10851000640004F01E0352F82C40DC4004F0030415
:108520000134241841F10001C6E90041DDE90423CA
:1085300000972846414609F063F8A2E7B81D0200FB
:10854000181C02008C280200704770B586B00446E3
:108550000E46154600211822684609F07EF80423CD
:1085600069462046CDE90165ADF80C30EEF7DCFF39
:1085700006B070BDF0B40C2707FB0214866814F82F
:10858000045C45F0020504F8045CB468A446F0BC41
:10859000604700B589B08DF807200DF107020292FF
:1085A000012203920593002207238DF810208DF8F5
:1085B0001C3002220B4602A90692FFF7DBFF09B02E
:1085C0005DF804FB37B50C460569836801A95B6853
:1085D000984748B9019B2A685A40012303FA04F1DD
:1085E0000A4214BF1846002003B030BD30B40469FD
:1085F0008568012303FA01F2236823EA020323605A
:108600002B684FF4803230BC184770B40569866817
:108610002B6801228A4023EA02032B6033684FF45F
:10862000003270BC1847012303FA01F103691B688B
:10863000194203D022B183681B6903E0002AFAD0F3
:108640008368DB68184738B5054600F001000C4622
:10865000E9F704FFC5F34000E9F708FFC5F3800020
:10866000E9F70CFFC5F3C000E9F710FFC5F30010F0
:10867000E9F714FF04F00100E9F718FFC4F3400024
:10868000E9F71CFFC4F38000E9F720FFC4F3C00042
:10869000E9F724FFC4F30010BDE83840E9F726BF2E
:1086A00008B50020E9F7DAFE0020E9F7DFFE002038
:1086B000E9F7E4FE0020E9F7E9FE0020E9F7EEFE25
:1086C0000120E9F7F3FE0120E9F7F8FE0120E9F7C0
:1086D000FDFE0120E9F702FFBDE808400120E9F7AF
:1086E00005BF00EBC100408840087047F8B503465D
:1086F000FFF7F7FFB0FA80F0C0F11F0003EB800C2A
:10870000CA00DCF81060171D0C4606328DB256B94F
:10871000012101FA00F0D9680143D960CCF810407A
:10872000DD539D52F8BDF1000431585AD85303EB84
:10873000C0009E52C5805D52F4E710B500EBC10445
:10874000E388994202F104010AD1012303FA02F2FB
:10875000C36823EA0203C360002340F8213010BD40
:10876000A28840F8213000EBC20100EBC300CB80AF
:108770008280F4E708B50346FFF7B3FFB0FA80F252
:10878000C2F11F021846BDE80840FFF7D6BF2DE929
:10879000F843B1FA81F5C5F11F0900EB89080346DA
:1087A000D8F810200E46C2B10327D8F8104018465A
:1087B0002146FFF796FFB04206D34A461846FFF718
:1087C000BCFF2046BDE8F88303EBC404013FE0880A
:1087D000C8F8100001D08242E7D1C5F120024FF065
:1087E000FF349440DA681440EBD094FAA4F2B2FA61
:1087F00082F2111D53F821402146DFE738B50346C8
:10880000FFF76FFF0D46044611461846FFF769FF54
:1088100003EBC5050444600068801846FFF761FF5C
:10882000014423F8314038BD38B50346FFF759FFFE
:108830000C46A51A511A03EBC40405444800608095
:1088400003EBC2006C00448023F832101846114636
:10885000FFF747FF014423F8315038BD38B50546CE
:10886000FFF73FFF0C46014405EBC1035B88DA07C5
:108870000AD42846FFF77EFF21462846FFF731FF3E
:1088800022182846FFF7BAFF35F83410611A05EBB5
:10889000C1035B88DB070CD42846FFF76BFF35F874
:1088A00034102246611A2846FFF7A8FF35F8343005
:1088B000E41A21462846BDE83840FFF717BF61B1EA
:1088C00000680439091A21F007030344C9085A88CB
:1088D00022F001025A80FFF7C1BF704770B50568EA
:1088E00009B9002070BDAB68B3EBD10FF9D90B31DA
:1088F000CC0821462846FFF74AFF06460028F0D05C
:1089000001462846FFF7EDFEA04207D93219284656
:10891000FFF78AFF11462846FFF7E8FE05EBC6027F
:108920001046538843F0010353800430DAE72DE901
:10893000F84301F1FF3919EA010906680F461446A8
:108940000CD04B420B40042B1A464F4628BF042242
:10895000994664B900252846BDE8F883042904D85F
:10896000BDE8F8431146FFF7B9BF0422F1E7B36849
:10897000B3EBD40FEED904F10B013944891AC908BD
:108980003046FFF704FF80460028E3D009F10405D4
:1089900005EBC0057B1E35441D44B5FBF7F57D4353
:1089A000A5EB09052C442B1F07349B1B24F007045F
:1089B000A41BB0EBD30F4FEAD3074FEAE40408D26D
:1089C00001463A463046FFF72FFF41463046FFF753
:1089D0008DFE39463046FFF784FE3844844207D284
:1089E00030462246FFF720FF21463046FFF77EFE45
:1089F00006EBC706738843F001037380ABE7043AC4
:108A00002DE9F041CC1D114424F0070421F00701A9
:108A10000E1BF708B7FA87F2C2F12405AD004FF03C
:108A200000080735C2F12002ED0804604146A76046
:108A3000C4F80C80920004F1100008F00EFE6B00E8
:108A400043F00103638004EBC5027B1B5900A4F8CB
:108A500000805180A21924F83550A2F80280A35357
:108A600004EBC70329465A8842F001025A80204687
:108A7000BDE8F041FFF73ABE002070470FB407B5DC
:108A800004A951F8040B0191E9F77EFD03B05DF8EC
:108A900004EB04B070470FB407B504A951F8040BF8
:108AA0000191E9F771FD03B05DF804EB04B0704784
:108AB000036800220BB9184670478B4210D10B682F
:108AC00042B942680360914200D1436000230B60C9
:108AD0000120704713604368994208BF4260F5E780
:108AE0001A461B68E6E7038B13F0070305D10368FA
:108AF000002B0CBF002003207047022B05D1408BB8
:108B0000B0FA80F0400980007047012B05D103685E
:108B1000002B0CBF0020052070470020704710B5C7
:108B20000C4600B111B96FF0150010BD081D00F022
:108B3000D2F80028F9D1A368032BF6D9F3E72DE981
:108B4000F0410D4607461946281D90461E4600F086
:108B5000D6F8044638B13346424629463846A4463C
:108B6000BDE8F0416047BDE8F08110B4EFF3118239
:108B7000202484F31288BFF36F8F416110BC012160
:108B8000E9F734BD38B50C46054658B151B10B680C
:108B900043B14B6833B11C22002108F05EFD2C610B
:108BA000002038BD6FF01500FBE770B505460E4696
:108BB000FFF7B5FF041E14DBEFF31182202383F3CC
:108BC0001288BFF36F8F6B8B2C8B4FF6FF718B422C
:108BD00004F0070407D182F31188BFF36F8F6FF0A1
:108BE0000A04204670BD022C0CD101336B8382F342
:108BF0001188BFF36F8F0023224631462846FFF7C6
:108C00009EFFEEE7062C14D8DFE804F004131313DC
:108C1000041A0400002333606B683BB9C5E90066A1
:108C2000ACB902212846E9F7E1FCDAE71E606E6084
:108C3000F6E782F31188BFF36F8F6FF00404D0E77B
:108C400082F31188BFF36F8F6FF08504C9E782F359
:108C50001188BFF36F8FC4E710B5EFF311822023A3
:108C600083F31288BFF36F8F048B04F00704022C88
:108C70000AD0012C0CBF6FF004006FF0850082F366
:108C80001188BFF36F8F08E0438B013B9BB2438396
:108C900023B92146E9F7AAFC204610BD2046EEE79D
:108CA00038B5A8B1A1B1EFF31185202282F3128863
:108CB000BFF36F8F048BFFF7FBFE30B104F00700AA
:108CC00085F31188BFF36F8F38BD6FF07700F7E73A
:108CD0006FF01500F8E7034640B1426802F0030266
:108CE000022A06D0032A04D0012A05D06FF015000D
:108CF00070471A68002AF9D000209860704710B5B4
:108D00004268816002F00302022A03464FF0000429
:108D100007D0032A02D05C60002001E018685C6084
:108D200010BD18685C600028F6D0FEF74BFAF3E738
:108D3000704738B50D46AB4211461C4604D81A465A
:108D400008F07DFC204638BD0024FBE708F085BC18
:108D5000C30903EB430303EBC30383EA4000C0B240
:108D600070472DE9F0430646A9B0884614464027CF
:108D700002F12409E9F748FD034600283ED04021CE
:108D800008A89847D0B3B4F9022012F11F0348BFD6
:108D900002F13E036D464A4608A9284643F34713AD
:108DA00000F0EFF92246294618A800F006FE18B395
:108DB000B4F90230D91D48BF03F10E012A464046DE
:108DC000C91000F022FE94F9011018AA304600F0F4
:108DD0001CFE94F9011094F9002018AB03EB8202F9
:108DE000701800F012FE20220021284608F035FC01
:108DF000012029B0BDE8F083013FBBD10020F8E796
:108E00002DE9F0471C4693F9017093F900A0B3F9DE
:108E10000230A4B09046DA1D48BF03F10E0204AD43
:108E200081460CAE2846D2100295039600F001FE52
:108E30003A46494614A800F0FCFD14AB09EB0701C3
:108E400003EB8A003A4600F0F4FD234632462946F9
:108E5000284600F086FDB0FA80F3019424AA5B094D
:108E600002EB8301638801331BB2009351F8882C15
:108E700014A90023084600F0ACFC14AA3946404669
:108E800000F0C3FD214614A800F018FC0024CDE931
:108E90000244074602AB20222146304608F0DDFBA3
:108EA00020222146284608F0D8FBB7FA87F040096F
:108EB00024B0BDE8F087F0B500240646204665B230
:108EC000AB4200DCF0BD51F8247052F824503D4410
:108ED0000544AF4200F0010018BF002046F82450BE
:108EE00088BF40F001000134E9E700EB8101002375
:108EF000884200D3704751F8042D43EA52030B60B7
:108F0000D307F5E770B50368DB070546144604D4BC
:108F1000BDE870401146FFF7E8BF13460A46014618
:108F2000FFF7C9FF214606462846FFF7DEFF46B198
:108F300004F18044013C55F8243043F0004345F8E7
:108F4000243070BD4FF0000C2DE9F74F65466446A4
:108F50004FFA8CF94B4516DC4FF0FF3606EB430613
:108F600001964FF00008019F53FA88FE4FFA8EFEDB
:108F7000BE455FFA88F628DB00EBC30040F8044CDE
:108F800003B0BDE8F08F4FF0000E02EB8C0AF04604
:108F900051F82E705AF80469A6FB076736190EF1CE
:108FA000010E6F4134464FFA8EF64FF0000B28BF8A
:108FB0004FF0010B4E45D8443D46E9DD40F82C40CA
:108FC00045460CF1010C3C46C2E70136A94676B293
:108FD00002EB8E0A002577B2BB4205DC40F82E403A
:108FE00008F101084C46BEE76FF00307774351F8DC
:108FF00026C05AF80770A7FB0C7C3F195CEB090CE4
:109000004FF0000B28BF4FF0010B5D44E1463C469A
:109010000136E0E721EAE1729200002108F01DBB71
:1090200010B500231A465CB2A14203DCB2FA82F00A
:10903000400910BD50F8234001332243F3E74A11A1
:10904000012350F8220001F01F018B4018407047A7
:109050004B1E10B55BB2041D1A0603D45A1E54F8F9
:10906000221071B101335BB283B103F18042013A46
:1090700050F82210002231B9013B02EB431210B22A
:1090800010BD1346E8E749080132F4E71846F7E750
:1090900010B500235CB2A24200DC10BD51F82340A1
:1090A00040F823400133F5E710B5013A52B21306F8
:1090B00001D5002010BD50F8224051F822309C42CA
:1090C00005D802F1FF32F2D24FF0FF30F2E7012073
:1090D000F0E730B5013A52B20023140603D5181E4A
:1090E00018BF012030BD50F8224051F822506C408A
:1090F0002343013AF1E7F0B5002406469C4620469A
:1091000065B2654500DBF0BD51F8247052F824309B
:109110003D1AED1AAF4200F0010018BF002046F8DA
:10912000245038BF40F001000134E9E770B59DF9E3
:1091300010601D4633460446FFF7BDFE30B9324687
:1091400021462846FFF7B0FF012807D033462A46BC
:1091500021462046BDE87040FFF7CDBF70BD70B519
:109160009DF910601D4633460446FFF7C4FF38B131
:1091700033462A4621462046BDE87040FFF79BBE95
:1091800070BD2DE9F04FA5B01D4614ABCDE90231FD
:109190000190294610461746FFF75AFFC0EB851489
:1091A00024B2002C2646B8BF04F11F06634246F3E2
:1091B000471603F01F0304F01F09314658BFC3F1DF
:1091C000000904A8FFF726FFB9F1000F4FEA860651
:1091D0002DDD04AB00221E44C9F1200C13469D4234
:1091E0001AD804AB03EB850300936F1E24AB4FEA40
:1091F00045084FEA8509012603EB8707002C53DA5F
:1092000024AB03EB8606019856F8881C2A46FFF724
:109210003FFF25B0BDE8F08F57F8230000FA09F1B1
:109220000A4346F8042B013320FA0CF2D7E704ABCB
:109230002A4639469819FFF72BFFD2E75AF8883C9F
:1092400053F8202024AB03EB80030CF1010C53F8FE
:10925000803C0B44D31A34BF4FF0010B4FF0000B8E
:109260009A425EF8882C42F8203018BF59464FFACF
:109270008CF04045E2DB731A5E42294604A85E4149
:10928000FFF733FE09F190036B44009853F8802CEC
:1092900057F8803C294643EAC273013C47F8803CBA
:1092A00024B2FFF722FEA9E724AB4FF0000CC6F171
:1092B000010E614603EB860A03EB8E0ED7E730B54D
:1092C0001C4691B0054693F900306846FFF73AFE18
:1092D000D4F8AC3069462846984711B030BD1346E3
:1092E0000A46FFF7ECBF2DE9F04793F9006092B012
:1092F000044689461046314615461F46FFF790FE44
:10930000002840F091803A46494602A8FFF7E7FF5F
:109310003B4602AA21460AA8FFF7D1FF02A9084648
:109320003A46FFF7DCFF3B462A4649464846FFF7E8
:10933000C6FF07F104083A4629462846FFF7CFFF43
:1093400043462A46214620460096FFF7EFFE434655
:109350002A46294628460096FFF7E8FE43462A4655
:10936000214628460096FFF7FAFE3B462A4621464C
:109370002046FFF7A4FF4346224621462846009692
:10938000FFF7D4FE434600962A4621462046FFF7C3
:10939000CDFE2368DB074AD53346424621462046A8
:1093A000FFF789FD314682462046FFF79EFD06F114
:1093B0008043013B54F8232042EACA7244F8232038
:1093C0003A4621462846FFF78AFF43460AAA29461D
:1093D00028460096FFF7C3FE43460AAA29462846B8
:1093E0000096FFF7BCFE0AA9084643462A460096A7
:1093F000FFF7B5FE3B460AAA21462046FFF75FFF6E
:1094000002AA4346104621460096FFF7A8FE3246C0
:1094100029462046FFF73CFE49462846FFF738FE1E
:1094200002A94846FFF734FE12B0BDE8F087314686
:109430002046FFF75AFDC3E72DE9F04115468AB0F3
:1094400004460E461C22002103A808F006F92F1D31
:1094500095F9008003232A46314620460293FFF700
:109460003EFF3B4602AA21462046CDF80080FFF78A
:1094700076FE2B46324621462046FFF720FFCDF8E8
:1094800000803B4605F1840221462046FFF74EFE50
:109490000AB0BDE8F0812DE9F0479AB01646DDF834
:1094A00088804446994614F9045B009507468A462D
:1094B00023460246314602A8FFF751FE02A9424662
:1094C0000846FFF70CFF434602AA39463846FFF725
:1094D000F6FE434602AA31463046FFF7F0FE234629
:1094E0005246494602A80095FFF720FE2346524601
:1094F000494648460095FFF732FE23463A46314634
:109500000AA80095FFF72BFE43460AAA514650468B
:10951000FFF7D5FE2346324639460AA80095FFF7E5
:1095200005FE424649463046FFF7D9FE23460AAAC1
:10953000314630460095FFF712FE23463246394643
:1095400012A80095FFF70BFE434612AA494648466B
:10955000FFF7B5FE23465246494648460095FFF7B9
:10956000FEFD424602A912A8FFF7B9FE12A9234642
:109570000AAA08460095FFF7F2FD23463A4612A9CB
:109580000AA80095FFF7EBFD0AA9434602AA084680
:10959000FFF795FE234652460AA950460095FFF76D
:1095A000DEFD2A4612A93846FFF772FD1AB0BDE863
:1095B000F087F0B50F46A1B0064619463846154665
:1095C0001C46FFF72DFD28B1304621B0BDE8F04024
:1095D000FFF720BD224639466846FFF759FD294668
:1095E00008A8FFF755FD214610A8FFF713FD01233A
:1095F000214618A81093FFF70DFD224608A96846DA
:10960000FFF752FD30B9224610A93046FFF740FD62
:1096100021B0F0BD009BDA0709D421466846FFF768
:1096200064FC2246294610A8FFF76CFCE5E7089B7E
:10963000DB0707D4214608A8FFF757FC2246294636
:1096400018A8F1E7002823461CDD08AA69466846E9
:10965000FFF751FD21466846FFF747FC224618A94F
:1096600010A8FFF721FD002805DA10A923462A4695
:109670000846FFF720FC10A9234618AA0846FFF762
:109680003AFDCEE76A4608A8FFF735FD214608A84F
:10969000FFF72BFC224610A918A8FFF705FD0028AC
:1096A00005DA18A923462A460846FFF704FC18A93C
:1096B000234610AA0846FFF71EFDBFE709784900B8
:1096C00049B2FFF7ADBCF0B5154689B01C46074658
:1096D0000E461A4629466846FFF701FE23466A46AB
:1096E00039463846FFF7EBFD23462A466946684669
:1096F000FFF7E5FD23466A4631463046FFF7DFFDBA
:1097000009B0F0BD2DE9F0478AB01446DDF848A055
:1097100055461F4615F9046B0096804689462B4630
:109720000246214602A8FFF71AFD02A95246084642
:10973000FFF7D5FD534602AA41464046FFF7BFFD5D
:10974000534602AA21462046FFF7B9FD2B464A465A
:10975000394638460096FFF702FD5246394602A8C0
:10976000FFF7BDFD02A92B46424608460096FFF7CB
:10977000F6FC02A92B46224608460096FFF7EFFCAE
:109780002B464246214620460096FFF7E8FC53460A
:10979000224649464846FFF792FD2B4602AA41461B
:1097A00020460096FFF7DBFC5346224639463846F2
:1097B000FFF785FD2B464A46394638460096FFF7A7
:1097C000CEFC324602A92046FFF762FC0AB0BDE893
:1097D000F0872DE9F04FAFB09146399C029094F993
:1097E000006016A832461D46FFF752FCB3000393F3
:1097F00001EB8603884626A819460493FFF748FC28
:10980000002D00F08180294606A8FFF741FC324672
:1098100016A90EA8FFF73CFC26A91EA8FFF738FCE6
:10982000234606AA16A8FFF74EFFD4F8A4502346F5
:1098300006AA26A916A8A847234606AA1EA90EA866
:10984000FFF741FFBDF9E050023D2DB2002D62DC73
:10985000D9F80050009405F001070EAB03EB47194F
:10986000ED431EAB03EB471705F001050EAB03EB11
:10987000451A1EAB03EB45152B4652463946484662
:1098800004F1040BFFF707FE5B460EAA16A906A813
:109890000096FFF764FC06A923463A460846FFF700
:1098A0000EFD06A9234642460846FFF708FD06A915
:1098B00033465A460846FFF77CFE06A9049A23461B
:1098C0000846FFF7FCFC06A923464A460846FFF770
:1098D000F6FC3B464A46294650460094FFF712FFE5
:1098E000234606AA1EA90EA8FFF7EDFE02983246EF
:1098F0000EA9FFF7CDFBDDE902031EA91844FFF70F
:10990000C7FB2FB0BDE8F08F314606A8FFF782FBFA
:10991000012306937BE729464846FFF790FBB0FA00
:1099200080F77F09C7F101010EAB03EB411B1EABB2
:1099300003EB41110EAB03EB471A1EAB03EB4717CA
:109940003B465246584600940591FFF7A4FD059901
:1099500000940B465A4639465046FFF7D3FE013D68
:1099600073E72DE9F843B3F9029019F11F0648BFD8
:1099700009F13E060F4603F1240546F3471601465A
:10998000904633462A463846FFF795FA044690B982
:10999000B9EB461F06DA49463846FFF750FB041E6E
:1099A00018BF012433462A4639464046FFF783FA5A
:1099B0002046BDE8F8830124F4E730B5144695B09D
:1099C00005460CAA2346084604A902910392FFF714
:1099D000C8FFB0FA80F301945B0914AA02EB83027A
:1099E000638801331BB2009352F8482C002304F122
:1099F00044012846FFF7EDFE21462846FFF75EFEAC
:109A0000B0FA80F0400915B030BDF0B500254F1E0A
:109A10006CB28C4205F1010500DBF0BD3B1B23F06D
:109A2000030603F003039659DB0026FA03F30355FC
:109A3000EEE7F8B50E46D11C48BF911D144641F320
:109A400087010546671EFFF7E5FA002042B2A242F1
:109A500000F1010000DBF8BDBB1A23F00301B25C8A
:109A600003F00303DB009A406B5813436B50EDE7A0
:109A7000F0B591B091F9006005460C46FFF71EFE67
:109A800028BB271D324629463846FFF70DFB012823
:109A900020D1324605EB86013846FFF705FB012849
:109AA00018D122466846FFF71AFCD4F8A83022469F
:109AB000294608A89847324608A96846FFF709FBD7
:109AC000002814BF6FF00200002011B0F0BD4FF06D
:109AD000FF30FAE76FF00100F7E7F0B50C4691F9B7
:109AE000017091B02646014605463A466846FFF7A2
:109AF000A0FF16F9440B3A46E9190DEB8000FFF779
:109B000098FF102231466846FFF7CEFA28B1214669
:109B10006846FFF7ADFF11B0F0BD6FF00300FAE744
:109B2000CB780278534003704B884278534043709F
:109B30000A68837883EA122383700A68C3785340E3
:109B4000C370CB79027953400371CB88427953407B
:109B500043714A68837983EA122383714A68C3791F
:109B60005340C371CB7A027A53400372427A4B89D5
:109B7000534043728A68837A83EA122383728A6825
:109B8000C37A5340C372CB7B027B53400373CB89B0
:109B9000427B53404373CA68837B83EA12238373F7
:109BA000CA68C37B5340C37370471FB502788DF8F2
:109BB000002042798DF80120827A8DF80220C27B44
:109BC0008DF8032002798DF80420427A8DF8052063
:109BD000827B8DF80620C2788DF80720027A8DF8F6
:109BE0000820427B8DF8092082788DF80A20C279FE
:109BF0008DF80B20027B8DF80C204278C37A8DF80B
:109C00000D2082798DF80E208DF80F3010236A46D2
:109C10001946FFF78EF805B05DF804FBF8B5064667
:109C200008780C46FFF794F805466078FFF790F83F
:109C3000A27863785340E27853405D4068403070CA
:109C400060782778FFF784F80546A078FFF780F85A
:109C5000A3785F40E3785F407D4068407070637830
:109C60002778A0785F40FFF773F80546E078FFF7A4
:109C70006FF8E3785F407D406840B0702078FFF770
:109C800067F8627823785340A278534080EA03054E
:109C9000E078FFF75DF8EDB24540F570F8BD70B5BE
:109CA000144688B00546002849D0002949D0002A2A
:109CB00049D010230A4668461946FFF73AF821466C
:109CC0006846FFF72DFF103401F1A0066846E8F75B
:109CD00063FE6846FFF769FF694604A8FFF79EFF29
:109CE00001A905A8FFF79AFF02A906A8FFF796FFAA
:109CF00003A907A8FFF792FF102319460DEB0302F3
:109D00006846FFF716F8214668461034FFF708FF4B
:109D1000B442DBD1E8F740FE6846FFF746FF214634
:109D20006846FFF7FDFE102319466A462846FFF7EE
:109D300000F8684610220021FFF708F8012008B05B
:109D400070BD0846FBE71046F9E710B50A460F302C
:109D500012F9103B002BACBF0023872312F8014DF2
:109D600083EA44038A4200F8013902D01378DB0900
:109D7000F4E710BD08B520B158220021FEF7E6FF38
:109D8000012008BD10B5044688B110220021FEF75D
:109D9000DDFF102204F130000021FEF7D7FF002381
:109DA000636400224FF48033C4E91423012010BD02
:109DB00070B504460D46164610B311B35822002163
:109DC000FEF7C4FF2946A6643046E8F7F1FD1022ED
:109DD00000212046FEF7BAFF04F11005A26C2146CF
:109DE0002046FFF75CFF21462846FFF7AEFF2946D5
:109DF00004F12000FFF7A9FF2046FFF7C3FF012071
:109E000070BD0846FCE72DE9F0410E4615460446B4
:109E1000002860D0FAB100295DD0D0E9143253EAAD
:109E2000020158D0013BD0F8448042F1FF32C0E932
:109E30001432B8F1000F2CD0C8F1100708F130002F
:109E4000BD4220440AD22B4632462946FEF771FF16
:109E5000636C2B4463640120BDE8F0813B463246CD
:109E60003946FEF766FF103D0023636445443E44D7
:109E7000631E04F10F0113F8012F93F830008B4299
:109E800082EA00021A70F6D1A26C21462046FFF742
:109E900006FF04F10F07102D0AD8002DDBD02B464A
:109EA0003246294604F13000FEF743FF6564D2E7ED
:109EB000631E711E13F8012F11F8010FBB4282EAD5
:109EC00000021A70F6D1A26C21462046FFF7E7FE89
:109ED0001036103DDFE70020BEE770B50C460546A2
:109EE000E8B169B34A6C102A1AD11031631E0139E6
:109EF00004F10F0013F8012F93F83060724011F84D
:109F0000016F984282EA06021A70F3D1A26C2146D0
:109F10002846FFF7C4FE2046FFF72CFF012070BD46
:109F200002F130000021C2F110022044FEF70EFFC2
:109F3000636C2344802283F8302004F12001D5E7AC
:109F40000846ECE7012801D1EFF30583FBF7A2BE39
:109F500001460068FFF7F6BF08B5E8F77BFDBDE8EE
:109F60000840E8F79BBD00210120FFF7EBBF61B679
:109F700062B680F31188BFF36F8F704772B600230B
:109F800083F31188BFF36F8FBFF34F8F30BF62B67B
:109F9000BFF36F8F704772B6002383F31188BFF34E
:109FA0006F8FBFF34F8F20BF80F31188BFF36F8F88
:109FB00062B6704708B5E9F725F8002008BD30B54E
:109FC00085B014460A888B78ADF8002005460D222E
:109FD00000210DF103008DF8023007F03EFB6A46C8
:109FE0006946284605F033FD28B9BDF800209DF8E4
:109FF00002302280A37005B030BD13B50C4601AA13
:10A000000331FFF7DCFF48B9032201A9204607F01E
:10A01000DDF9B0FA80F0400902B010BD0020FBE786
:10A0200070B5CE1C05460C463046032105F00DFDEB
:10A0300060B9637903F03F0343F040036371224644
:10A0400031462846BDE87040FFF7B9BF70BD01F149
:10A050002003013813F8012D00F8012F8B42F9D1AC
:10A06000704790F8223043F0060380F8223090F8D1
:10A07000293043F0040380F82930704708B505F013
:10A08000E4FCB0FA80F0400908BD10B50C46017838
:10A0900022788A428AB00FD06946E9F7D1F905A93A
:10A0A0002046E9F7CDF910220DF115010DF101005F
:10A0B00007F08CF90AB010BD012A06D0022A07D099
:10A0C00072B940886388C01AF4E740686368FAE7A9
:10A0D0001022611C01300AB0BDE8104007F076B9CB
:10A0E0006FF01500E6E7042A0AD0102A0DD0022AE4
:10A0F0004FF0000315D103700B8843800120704797
:10A10000012303700B684360F8E7022300F8013B6A
:10A1100001F1100351F8042B40F8042B9942F9D1B6
:10A12000ECE718467047012310B50621044600F8F5
:10A13000013B05F08AFC18B9A37963F03F03A371D2
:10A1400010BD0B6803608B8883808B7983710378E3
:10A1500023F00203037070470078C0F3400070479B
:10A160002DE9F04101F10C080C46054600F10C0107
:10A17000404617461E4606F019F8404606F054F8C9
:10A18000012310FA87F068826B722F8239464046AD
:10A1900006F032F8E3687360628A0023E36072813C
:10A1A000638234602846BDE8F08138B5D1E90032D9
:10A1B000DA600B684A895A820D4604460868F8F747
:10A1C00061FE00211022284607F047FAA07AF8F72E
:10A1D000A3FD6169054649B1637ADB0704D4436A8C
:10A1E0001B6820469B6898470023636121462846E8
:10A1F000BDE8384006F0ABBD438A23B9C068B0FA69
:10A2000080F040097047002070477047D0F8A030B8
:10A2100083B15A7BD1070DD5D2060DD51B7B102BF0
:10A2200014BF032304234372807A98428CBF00201A
:10A23000012070470223F6E70323F4E70F2807D82D
:10A240000D280BD8052808BF032018BF022070472F
:10A25000132803D01A2808BF0120F6E70120704711
:10A2600010B50346BFF35B8F53E8000F40EA0102CD
:10A2700043E80024002CF7D1BFF35B8F10BD0B46E1
:10A2800001461878E9F744B938B5C3681D78B3F8C2
:10A29000010065B90F21EBF72DF8044638B12946C6
:10A2A000EAF7A8FF2046BDE83840EAF769BF38BDA5
:10A2B00008B5C3680121B3F80100EBF71BF818B12A
:10A2C000BDE80840EAF75CBF08BD08B5C3680121D6
:10A2D0001888EBF70FF818B1BDE80840EAF750BF4F
:10A2E00008BD01210C3005F08FBF38B5C5680121CC
:10A2F000B5F80100EAF7FEFF044698B12B783BB9A8
:10A30000D5F80330C0F89530D5F80730C0F899304B
:10A31000201D4FF48051FFF7A3FF2046BDE83840D1
:10A32000EAF72EBF38BD30B402EBC303044608463B
:10A330009A4201D130BC7047114611F8085BA54222
:10A3400006D1018A53789942F4D330BC5368184738
:10A350000A46EDE7BFF35B8F50E8003F0B4040E853
:10A360000032002AF8D1BFF35B8F704710B5EAF7CF
:10A370006BFA6FF080011030FFF7ECFF0020E9F777
:10A3800033F9044648B13C2303730021EAF732FF56
:10A390002046BDE81040EAF7F3BE10BDC0F3072326
:10A3A0001070000E5370D0700023C1F30720090E07
:10A3B0009370137150719371D17170472DE9F0470B
:10A3C000C7683A78012303EB8203028A934240D99B
:10A3D000BDE8F08707EB85030F21B3F80100B3F860
:10A3E0000360EAF787FF044670B100F1C00800F18E
:10A3F000240A36B12046EAF701FEFBF7BBFE63698B
:10A400003BB92046EAF7BCFE01353B789D42E1DBD3
:10A41000DEE7A1691A6862618B4208BFA261C3F8D6
:10A420000090226A92B9C4E90733BFF35B8F58E802
:10A43000003F013B48E80032002AF8D1BFF35B8FB0
:10A440005046013EFCF770F8B6B2D2E713602362C3
:10A45000EBE70025A946D8E773B5C5680121B5F833
:10A460000100EAF747FF044600284ED02B781A2B4C
:10A4700000F1040619D1C378012B2AD14FF4806171
:10A480003046FFF7EDFE42050FD4D4F88830009334
:10A490006946D4F8903001932046EBF76BFB2046D9
:10A4A00002B0BDE87040EAF76BBE2B788BB9B5F807
:10A4B0000330A4F88630B5F80530A4F88C30B5F830
:10A4C0000730A4F88E306FF480713046FFF742FFFA
:10A4D00017E0BFF35B8F6368BFF35B8FDB05F2D5DB
:10A4E0002B78202BEFD194F89430002BEBD0013B4C
:10A4F00084F894304FF42032002304F14000FCF73C
:10A5000081F82046EBF730F8C9E702B070BD8176DC
:10A510007047704710B503884288934219D8052BBD
:10A5200017D9B2F5486F14D88388B3F5FA7F10D2E3
:10A53000C088A0F10A0189B240F67644A14208D849
:10A5400001339BB25343B3EB800F34BF0120002093
:10A5500010BD0020FCE738B5C3680F21B3F8010037
:10A560001D78EAF7C7FE044620B365B12846E9F72F
:10A57000D9F9294602462046EBF7B0F82046BDE857
:10A580003840EAF7FDBD8378012BEFD102F0D1FD11
:10A590002046FFF73BFE0028E8D10520E9F7C2F985
:10A5A000052102462046EBF799F80521204600F0E8
:10A5B00000FDE3E738BD70B5C6680F21B6F80100AD
:10A5C0003578EAF797FE044688B34DB12846E9F797
:10A5D000A9F9294602462046EBF780F8204603E019
:10A5E000F378C27A9A4203D1BDE87040EAF7C8BD59
:10A5F0008278C372012A05D00020E9F793F900217F
:10A600000246E8E70BB102F094FD2046FFF7FEFD9D
:10A610000028F1D10520E9F785F9052102462046F9
:10A62000EBF75CF80521204600F0C3FCD6E770BDCF
:10A63000E8F76EBE4FF49860704708B5EEF73CFA45
:10A6400018B1C089003818BF012008BDF0B5C56831
:10A650002F8887B00121B8B2EAF74CFE064658B3FE
:10A6600002ACD5F80220D5F8063001946989009132
:10A6700002F0EEFA10B3122142F21A00E9F7F4F8F0
:10A680000546B0B112210C3005F097FD0346224675
:10A6900023F8027B06AF144603CCBC421860596015
:10A6A000224603F10803F6D1294642F21A00E9F7DF
:10A6B000D3F93046EAF764FD07B0F0BD022142F25B
:10A6C0001B00E9F7D1F804460028F2D002210C3033
:10A6D00005F073FD2146078042F21B00E7E770B5E5
:10A6E00006460D4642F221000321E9F7BDF8044673
:10A6F00060B103210C3005F060FD068085702146B5
:10A7000042F22100BDE87040E9F7A6B970BD73B50B
:10A71000C368D9789A781E8842EA0122ADF80020F1
:10A7200059791A7942EA0122ADF80220D9799A7949
:10A7300042EA0122ADF804201A7A5B7AB4B242EA06
:10A74000032301212046ADF80630EAF7D3FD054684
:10A7500028B902212046FFF7C2FF02B070BD69464A
:10A76000EAF750FF38B91E212046FFF7B8FF284608
:10A77000EAF706FDF1E70E2142F22000E9F774F84E
:10A7800004460028F3D00E210C3005F016FD0023FE
:10A790000680C0F80A30BDF800304380BDF80230B2
:10A7A0008380BDF80430C380BDF8063003812146A4
:10A7B00042F22000E9F750F9D9E773B506460D4695
:10A7C00001AA002142F22F00E9F7C2F9044648B974
:10A7D0000198C368B3F801203280B3F803302B80AE
:10A7E000F8F750FB204602B070BD70B506460D4626
:10A7F00040F206400321E9F737F8044668B1032127
:10A800000C3005F0DAFC0680857021460022BDE898
:10A81000704040F20640E9F79BB96FF0680070BDE8
:10A82000F8B507460E4642F2220006211546E9F722
:10A830001BF8044678B106210C3005F0BEFC3B88BD
:10A8400003804680858021460022BDE8F84042F220
:10A850002200E9F77DB96FF06800F8BD2DE9F047F7
:10A860008146884642F2320007219DF820A0174613
:10A870001E46E8F7F9FF0546A0B107210C3005F0A8
:10A880009CFCB9F80030038080F80280C770067124
:10A89000A0F805A029460022BDE8F04742F23200A8
:10A8A000E9F756B96FF06800BDE8F087C068037833
:10A8B0001BB13C2B03D1FFF759BDE9F791BA7047A3
:10A8C00008B500200021E9F7EBF818B1BDE8084011
:10A8D000E9F7BCB8BDE80840EAF768BD033138B510
:10A8E000C9B205460E20E9F7F3FB032104460C30FC
:10A8F00005F063FC01230370A0F80150204638BD29
:10A9000070B505460E460F200421E9F7E1FB04214E
:10A9100004460C3005F051FC01220670427045805F
:10A92000204670BD08B5072206F050FDB0FA80F051
:10A93000400908BD0B6803608B8883808B79837125
:10A940007047F8B50F46144630BB272142F2270066
:10A95000E8F78AFF054610B327210C3005F02DFCDF
:10A960003946FFF7E7FF06462246C31D04F11001F2
:10A9700052F8040B43F8040B8A42F9D1102200214B
:10A9800006F1170006F069FE29460022BDE8F840EE
:10A9900042F22700E9F7DCB86FF01500F8BD6FF060
:10A9A0006800FBE7037A5B07024605D501462A32B9
:10A9B00011F8010BFFF7C5BF704738B501210546F7
:10A9C00042F22D00E8F750FF044658B129460C30FA
:10A9D00005F002FC21460022BDE8384042F22D007D
:10A9E000E9F7B6B86FF0680038BD10B400F1100395
:10A9F000BFF35B8F53E8002F22F4004143E80014BB
:10AA0000002CF7D1BFF35B8F130403D510BC0121D9
:10AA100000F0CBB910BC70472DE9F041D1F80480AB
:10AA200086B004460D46B8F1000F1DD1037A5B07CE
:10AA30001AD50E68411C701CFFF774FF2A361622C7
:10AA400041460746684606F008FE10226946304631
:10AA500006F0BCFC30B1102204F12A01304606F0A9
:10AA6000B5FC00B107B16C6006B0BDE8F081BFF382
:10AA70005B8F0369BFF35B8F1B0600F110020ED5DD
:10AA8000BFF35B8F52E8003F43F4004342E80031DC
:10AA90000029F7D1BFF35B8F002100F086B9704722
:10AAA00010B50C4630B919B1EDF7C4FF00B1441C24
:10AAB000204610BD0024FBE718B111B10846E9F7A4
:10AAC00075BB6FF01500704713B5044680B10621C1
:10AAD000684604F0BAFF48B99DF80530694603F0AE
:10AAE0003F0320468DF80530FFF7E6FF02B010BDAA
:10AAF0006FF01500FAE7003818BF01207047037A9D
:10AB0000D90704D523F001030372E9F7A5BB990720
:10AB100004D523F002030372E9F734BC70470346FF
:10AB200010F4004F0CBF07200620DA0348BF00F0E6
:10AB300005009B0348BF00F0FB007047BFF35B8F2D
:10AB40000068BFF35B8F704710B50346BFF35B8FA0
:10AB500053E8000F00EA010243E80024002CF7D17B
:10AB6000BFF35B8F10BD2DE9F74F0C4620210090FD
:10AB70009246E8F779FE0546002850D020210C3097
:10AB800005F01BFB20220021814606F066FD09F13D
:10AB9000010B04EBCA0A0026D4F800800023626887
:10ABA00093420CD30834A245F6D1009889F800608E
:10ABB0000022294603B0BDE8F04FE8F7C9BF98F876
:10ABC000012098F800C0B01C11181F2908D9BCF149
:10ABD000090FC0F11F021AD1002A18DD4FF0080C2E
:10ABE000D7B2791C0BF80610711CC9B25BFA80F061
:10ABF0000BF801C0D8F804100193023706F01FFDCE
:10AC0000019B3744FEB2013308F10808C7E7284624
:10AC1000F8F738F96FF0150003B0BDE8F08F6FF06A
:10AC20006800F9E7012310B403FA01F1044662B1A8
:10AC3000BFF35B8F54E8003F0B4344E80032002A27
:10AC4000F8D1BFF35B8F10BC704710BCC943FFF74E
:10AC50007BBF2DE9F04F87B005469DF84860DDF8D1
:10AC600040909DF844A00C4690460021102202A876
:10AC70001F4606F0F2FCEEB9CDE90248012202A916
:10AC800042F20800FFF76FFF044678B9BAF1000FEF
:10AC90003ED11035BFF35B8F55E8003F43F004030E
:10ACA00045E80032002AF7D1BFF35B8F204607B09A
:10ACB000BDE8F08FE8F7C6FE8346E4B937BB5846D7
:10ACC000E5F790FB0923012ECDE901B48DF80030A2
:10ACD0008DF80100CDF80C80D0D1CDF810D00596BC
:10ACE0000222CCE714F83320083A012A25D901338F
:10ACF0009845F7D1E2E70023FAE717F83320083A3E
:10AD0000012A1AD901339945F7D1D8E70023FAE788
:10AD1000022E4FF0010208BF059202A908BF324679
:10AD200042F2090008BFCDF810D0CDE90279FFF753
:10AD30001AFF0028ADD00446B8E76FF01504B5E758
:10AD4000436813F008000AD05A0307D403F4C06321
:10AD5000B3F5806F14BF02200120704701207047B7
:10AD600070B5064686B00D4642F20A000121E8F7AA
:10AD70007BFD0446B0B10C3095B1012105F02CFAF1
:10AD800006F1100203A9204600950723E8F75AFDB3
:10AD90000022214642F20A00E8F7DAFE06B070BD52
:10ADA0002946EBE76FF06800F8E7FFF7D9BF1830E6
:10ADB00006F0B1B8E9F7B0BE00230B60436813B9E1
:10ADC000C0E90011704719604160704703680022B4
:10ADD0000BB9184670478B4210D10B6842B94268D4
:10ADE0000360914200D1436000230B600120704753
:10ADF00013604368994208BF4260F5E71A461B6832
:10AE0000E6E7D0F8B000003818BF012070470846C8
:10AE100089691160C2691A60C27A0021183006F08F
:10AE20001CBC73B50446CDE900320D4622B9D0F8FA
:10AE3000A8606B4601AAB0472846F8F723F8019BA3
:10AE400023B100996FF06D022046984702B070BDA3
:10AE50002438EAF785B810B50446006918B1F8F748
:10AE600011F80023236110BD70B50D461646044647
:10AE7000EAF7A6F800212846FFF749FB012E16D075
:10AE8000022E16D1236913B12046FFF7E4FF2846AE
:10AE900005F056F920612269138A012B28D82088F1
:10AEA000FFF737FB01212846FFF731FB07E0206958
:10AEB00018B92046FFF7CFFF01E02E8A26B92846B1
:10AEC000BDE87040F7F7DEBF0C3005F0B1F98642FF
:10AED00007D921690022204600F075FA002323617A
:10AEE000EDE720692A8AE9680C3005F06CF9D2E7B1
:10AEF000D26816880436B6B2B342D0D32846F7F7E4
:10AF0000C1FF21690B8AB34204D92046BDE87040D5
:10AF1000FFF7A1BF0023236120460122BDE8704056
:10AF200000F051BA10B5BFF35B8FD0F8C830BFF353
:10AF30005B8F00F1C8027BB1BFF35B8F591C52E8F5
:10AF4000004F9C4204D142E8001CBCF1000FF6D136
:10AF5000BFF35B8FE7D110BD1846FCE72DE9F8433E
:10AF600007460E46904600244FF0D009B44203D164
:10AF700000231846BDE8F88309FB0470FFF7D2FFF1
:10AF8000034658B1457B012D02D0073D012D03D862
:10AF90001A884245EDD01846EAF7F2F80134E5E7A1
:10AFA00010B50446EAF730FD2046BDE81040E9F749
:10AFB00075BF10B5437B023B0446062B16D8DFE86D
:10AFC00003F009041515150B090001730021204633
:10AFD000EAF710F9002010BD0088FFF706FC0028F2
:10AFE000F9D1637B072BF5D10821F0E76FF07F00E3
:10AFF000F1E710B50446D0F8A00028B9207A04F192
:10B000007001EDF759FD38B1E278C3892AB913F020
:10B01000210F14BF0120002010BD13F0240FF8E70A
:10B0200010B5437B072B04462CD10A0601F07F03A1
:10B0300013D5BFF35B8F021D52E8000F40F4006090
:10B0400042E800010029F7D1BFF35B8F2046A372CD
:10B05000EDF7E8F898B9002010BD427A9A42FAD28A
:10B06000827A9A42F7D2BFF35B8F021D52E8000F3B
:10B0700020F4006042E800010029E5D0F6E7637A99
:10B08000A372E9E76FF07F00E6E7407A704738B5D2
:10B09000037A8B420446154615D100F17001072250
:10B0A000284606F093F980B1E378072243B904F10A
:10B0B0007E01284606F08AF9B0FA80F0400938BDD2
:10B0C00004F17701F5E70020F9E70120F7E708B57B
:10B0D000EAF77AFB10B1EAF753F8012008BD7030A7
:10B0E0007047F8B507460D4642F213000E21E8F707
:10B0F000BBFB0646D0B10E210C3005F05EF80E22E7
:10B100000446002106F0A9FA3B8823802B8863803F
:10B110006B88A380AB88E380EB88238131460022D3
:10B12000BDE8F84042F21300E8F712BD6FF0680086
:10B13000F8BD7047F8B507460E46154600234FF494
:10B14000803204210020EAF70DF9044630B10421D1
:10B150000C3005F032F80770467045802046F8BD87
:10B16000704710B400F14C030122BFF35B8F53E82A
:10B17000001F43E80024002CF9D1BFF35B8F41B9D5
:10B18000034653F8482B8164D2F8B41029B9C2E9B8
:10B190002C33006810BCE9F76FBF0B60C2F8B43005
:10B1A000F7E710B50368D3F8B02042B1D3F8B44044
:10B1B0001168C3F8B010A24208BFC3F8B4104C30F5
:10B1C0000023BFF35B8F50E8002F40E800310029D7
:10B1D000F9D1BFF35B8F10BD70B5D0E900350446DF
:10B1E0004BB3D3F8B020483000216AB1904234D13B
:10B1F000A26C51BBD3F8B410C3F8B020884201D17F
:10B20000C3F8B4200023A36404F14C030022BFF36D
:10B210005B8F53E8001F43E800200028F9D1BFF3FB
:10B220005B8F04F13006236BD3B96B680BB12046FA
:10B23000984700232360E3680BB1204698472B6AA8
:10B24000B3B12046BDE8704018470A60D3F8B42077
:10B25000904208BFC3F8B410D4E711461268C4E79F
:10B2600000220023304604F03CFFF7F70BFEDAE73C
:10B2700070BD38B5406B30B150F8084904B1083C96
:10B28000FFF7AAFF04B938BDA5682DB12046083DD7
:10B29000FFF7A2FF2C46F7E72046BDE83840FFF74E
:10B2A0009BBF38B5436B0D46BBB1184650F80849F3
:10B2B00004B1083C53F8043C9B680BB129469847FD
:10B2C0005CB12046A468436824B19B68083C002B0D
:10B2D000F4D1F6E79B68002BF0D138BD0431EAF7D2
:10B2E00041B838B50546087A01280DD1C87A072833
:10B2F0000AD98A61CB6105F1300004F01FFF2846AE
:10B30000FFF72FFF002038BD6FF01500FBE7406B03
:10B3100030B1838B8B42A0F1080001D08068F7E741
:10B32000704710B54AB989B2FFF7F1FF28B14368F9
:10B330009B6913B1BDE81040184710BD38B50D46E4
:10B340000521FFF7E4FF00231A462946FFF7C9FF4E
:10B35000044610B12846F7F795FD204638BD38B5AC
:10B360000B8A032B05460C4621D9042104F10C005D
:10B3700004F04AFF238A42889A4218D14178B1B139
:10B380000378012B13D0132B11D0022201202D683A
:10B39000FFF7D0FE044650B102210C3004F00DFF3F
:10B3A00000230370437021462846FFF7C7FF0020A3
:10B3B00038BD406B30B183898B42A0F1080001D0C9
:10B3C0008068F7E7704738B50B8A032B05460C46B3
:10B3D00004D82046BDE83840F7F754BD042104F1F5
:10B3E0000C0004F011FF41882846FFF7E2FF002817
:10B3F000EFD0436821465B699847EAE77047034608
:10B40000006828B1596802681A60884208BF5A600B
:10B4100070470346002003B970471A8A5B681044DE
:10B42000F9E710B5D4682378023113B921700120EF
:10B4300010BD8B42FBD0038A023B038200201061C7
:10B44000F6E773B51446014605464FF49572206839
:10B4500000F063FF207500BB237A2068ABB1A3F135
:10B460001802534253419B000193638A0093AE68D4
:10B47000238AE2682946B047002808DB238A8342F2
:10B480000ED100232375012008E00223ECE710F120
:10B49000FF0F05D34042C0B22075002002B070BD3E
:10B4A0000E20F9E71FB5CDE90123002300931A46CA
:10B4B000EBF7C8FD05B05DF804FBF8B593681668B6
:10B4C00005460F46144663B9506801210C3004F05C
:10B4D00074FEA0602B681B78002B14BF022301238D
:10B4E0000370A3681B78012B03D0022B1FD0002010
:10B4F0001CE02B681B78002BF9D1606804210C300C
:10B5000004F05BFEE06007802A68E36852885A8096
:10B510006168728D738B088A9A4294BFC0EB0200F7
:10B52000C0EB0300042894BF00200120F8BD2B6865
:10B530001B78022BDBD1606812210C3004F03DFE39
:10B54000E06007802B68E268591C0232113351F821
:10B55000040B42F8040B9942F9D16168728D738B28
:10B56000088A9A4294BFC0EB0200C0EB0300122885
:10B57000D9E72DE9F04F91B0166880460F460025B7
:10B5800042F601030068D6F804908DF82C500BA900
:10B590001446ADF82E30FEF778FD002800F08980C3
:10B5A0004FF42053D8F800008DF82C500BA9ADF8BB
:10B5B0002E30FEF76AFD38B1A3681BB15A88BA4233
:10B5C00000D25F8001200EE061680846FFF721FF8E
:10B5D000728B738D9A4294BFC0EB0200C0EB0300E4
:10B5E000032803D8002011B0BDE8F08F084604F00E
:10B5F000ABFD05466068FFF70CFF728D738B05F19C
:10B600000C0B9A4294BFC0EB020AC0EB030A5846E7
:10B6100004F00EFE824544D26068FFF7FAFE728D98
:10B62000738B9A4294BFC0EB0200C0EB030070B969
:10B630006368987AF7F770FB0022002304F04DFD51
:10B6400005460028CED00146606804F08EFD002338
:10B650000093D8F80460102302AA41464846B04738
:10B66000061E26DB227CE068B2421ED001460BA8F3
:10B67000FEF739FDE8B1F2B202A906A8FEF733FDE4
:10B68000B8B106A90BA8FEF700FD90B900236374BA
:10B69000042105F10C0004F090FDA0600780A36870
:10B6A0008FE7584604F0C4FDC1E702A905F08EFEFD
:10B6B000EBE70023A36085E770B40568EA6A52B33C
:10B6C000136803B1A83BA2F1A8040022114600E0D0
:10B6D000A83B844207D0668D648BB14238BF3146A7
:10B6E000A24238BF22461C462BB1D3F8A830002B0B
:10B6F000EED18442EFD1438D408B8B4201D89042F2
:10B700000BD9824238BF02469942286838BF194691
:10B7100070BCECF72DB81146EDE770BC7047D068EF
:10B720000378043113B90170012070478B42FBD0BC
:10B7300091680B8A0020043B0B82106170470368FC
:10B74000002203B970478B420FD10B683AB94268A7
:10B750000360914200D1436000230B607047136087
:10B760004368994208BF4260F6E71A461B68E8E75B
:10B77000BFF35B8F50E8003F43F0080240E8002130
:10B780000029F7D1BFF35B8FC3F3C00070472DE9E9
:10B79000F04F044685B0104690469946FFF739FEB3
:10B7A000638B628D934228BF134683428B4640F2DF
:10B7B000938063680393404604F0C6FC4FF0000A90
:10B7C00006464046FFF725FE628B638D06F10C07A7
:10B7D0009A4294BFC0EB0205C0EB0305384604F063
:10B7E00027FD854217D24046FFF713FE628B638D1B
:10B7F0009A4294BFC0EB0205C0EB03058DBB98F8DD
:10B800000A00F7F789FA0022002304F066FC0646D6
:10B8100030B9574636E0384604F00AFD0546EDE7F4
:10B820000146404604F0A1FC4046FFF7F2FD628D60
:10B83000638B06F10C079A4294BFC0EB0205C0EB84
:10B840000305384604F0F4FC85421FD24046FFF75A
:10B85000E0FD628D638B9A4294BFC0EB0205C0EBA2
:10B860000305F168328ACDF80090DBF80470039884
:10B870000A44ABB25946B847071E0CDABAF1000FBA
:10B8800018BF5746384605B0BDE8F08F384604F07B
:10B89000CFFC0546E5E70E9BB3B9394606F10C002F
:10B8A00004F08BFC4046FFF7B4FD638D628B93423E
:10B8B00028BF1346B9448342BA441FFA89F9A8D96C
:10B8C000AF423FF47EAFA4E70F9A0E9B3946304655
:10B8D00098470028E1D19CE70027D3E773B51668A5
:10B8E000054600237068137314462946952200F01C
:10B8F00014FD207380B9CDE900002946A388A26811
:10B900003046FFF744FF002809DA10F1FF0F26BF89
:10B910004042C0B20E202073002002B070BD012052
:10B92000FBE72DE9F341166807460023706813739F
:10B9300014463946952200F0F0FC0546207308BBFA
:10B94000A068718B728D038A914294BFC3EB01038F
:10B95000C3EB0203012B15DD02210C3004F02DFC9A
:10B96000CDE900558046A388A26839463046FFF7E6
:10B970000EFF031E0ADA13F1FF0F26BF5B42DBB294
:10B980000E232373002002B0BDE8F081A8F8003038
:10B990000120F8E72DE9F04104468868FFF739FDFA
:10B9A000638B628D934228BF134683420D461DD39D
:10B9B000E165D1F8088000278F60FBF785F84146E4
:10B9C0002046EAF7EDFA064638B1C5F80880E76583
:10B9D000FBF78EF83046BDE8F081618D638B9942AC
:10B9E00028BF1946284600F0E4FDF1E76FF079061C
:10B9F000F0E738B5BFF35B8F0B68BFF35B8FDB07F6
:10BA0000054617D550F8040CA0B1AB6D93B90430BE
:10BA1000FFF7F5FC044668B10146281FFFF7BAFF9F
:10BA2000002807DA55F8043C5A6822609A685C607E
:10BA300002B99C6038BD2DE9F041C46A07463CB3A9
:10BA400054F8A86906B1A83E00231D4607F1040872
:10BA500001E034461646E26D9AB905B98BB9404605
:10BA6000FFF7CDFC054658B101462046FFF792FF8F
:10BA700000280DDA7B682B60BB687D6003B9BD6070
:10BA800023462EB1D6F8A820002AE2D0A83AE0E753
:10BA9000BDE8F08170B500220446002308460E463A
:10BAA00004F01FFB054658B101462046EAF778FA34
:10BAB000044618B12946304605F049F9204670BDC4
:10BAC0006FF00104FAE7F8B50546071F00F15403CB
:10BAD00050F8044CBFF35B8F53E8001F21F00401C2
:10BAE00043E80012002AF7D1BFF35B8F04B3AB6DBC
:10BAF0008BB963687BB1201DFFF781FC01460646C8
:10BB00003846FFF747FF002812DA63683360A368FE
:10BB1000666003B9A66005F15C013846FFF7BAFF1D
:10BB200030B104F10C013846BDE8F840FFF7B2BF70
:10BB3000F8BD38B504460D46EAF732FA30B1294669
:10BB400004F16000BDE8384004F0F8BA38BD2DE9D2
:10BB5000F041884617460121042205461E46EAF7B1
:10BB60006BF8044670B104210C3004F026FB80F819
:10BB70000080A0F80170C67021462846BDE8F0415B
:10BB8000FFF7D7BFBDE8F0812DE9FF418846456842
:10BB900058F80C3F0C460646012140461F8804F029
:10BBA00023FB2846214601F0E6F80546B8B90121F5
:10BBB000404604F021FB0221404604F01DFB238A8D
:10BBC0000C3B9BB20293E3682A46CDE90053294619
:10BBD0003B463046EAF7EEFA04B0BDE8F0810020BB
:10BBE000FAE730B50C4685B0054601F10C0004F0CB
:10BBF00013FB228A0292E26801920022034600921D
:10BC000011462846EAF7D6FA05B030BD30B50C46E5
:10BC100085B0054601F10C0004F0FEFA228A02927A
:10BC2000E268019200220346009212211322284664
:10BC3000EAF7C0FA05B030BD08B5437B072B01D049
:10BC4000002008BD0421FFF7B4FB0028F8D0BFF3A3
:10BC50005B8F436DBFF35B8FDB07F1D550F8040CAE
:10BC6000EFE770B50E461546FFF7E6FF78B1C36AF9
:10BC70006BB1184650F8A83903B1A83B691C428D36
:10BC8000448BA24228BF2246914202D93BB90020F0
:10BC900070BD2A463146BDE87040E9F7CDBFD3F804
:10BCA000A84004B1A83C18462346E8E707B5CA688F
:10BCB0001388528800920C210D22EAF71DFD03B073
:10BCC0005DF804FB07B5CB6800221B8800920A21AF
:10BCD0000B22EAF711FD03B05DF804FB2DE9F041FA
:10BCE000CB681F88BBB2162B05461BD90321EAF788
:10BCF000C1FA0646C0B102210C3004F05EFA0024FD
:10BD00004FF0410880F80080447031462846FFF724
:10BD100010FF2846A5F81A806F85FFF7CDFC204656
:10BD2000BDE8F0810420FBE70E20F9E7EBF71EB930
:10BD30000A8AC9680023EAF753BE70B5054650F871
:10BD4000043C55F804690446002B32D031B1836DB0
:10BD50007BB31B7CDA072CD505231DE03046EBF7BF
:10BD60001BFD737A012B24D0A46D14B3237CDB0755
:10BD70001FD5E368002BEFD06269617C2846E9F7A4
:10BD80005BFF064638B1D4E90512E368984750B125
:10BD90003046F7F777F80E23002228461146BDE813
:10BDA0007040EAF71DBE31462846EAF7F9F8002848
:10BDB000EED170BD70B50E46FFF73EFF044628B9C0
:10BDC0003046F7F75FF86FF07F0070BD00F10C05AB
:10BDD0002846314604F0B2F9E06A38B150F8A84973
:10BDE00004B1A83C2946FFF755FE20B90020ECE736
:10BDF0001C466FF00100002CF8D0D4F8A83023B90D
:10BE00000230F5D020461C46ECE7A83BF8E738B5F1
:10BE100005460C46FAF758FE2846FFF70DFF20B9F5
:10BE2000FAF766FE6FF07F0038BD00232360836859
:10BE30003BB9C0E90144FFF7FEFDFAF759FE0020C7
:10BE4000F2E71C608460F6E70120704708B5FFF751
:10BE5000F3FE98B1C36A8BB1BFF35B8FA83B03F1CC
:10BE6000580252E8000F20F0080042E800010029C3
:10BE7000F7D1BFF35B8FD3F8A830ECE708BD08B566
:10BE80000421FFF796FA30B1BFF35B8F406DBFF32B
:10BE90005B8FC0F3C00008BD1060002070470B46E8
:10BEA00009895A8A914238BF11469A8A8A4203D038
:10BEB00099829B6903B11847704710B5029CA3682B
:10BEC00033B1B1F5807F28BF0E21CAB22146984711
:10BED000A37DE268013BDBB2A37522B11BB920460A
:10BEE000BDE81040104710BD1060918000207047E1
:10BEF0000020704708B5072205F068FAB0FA80F014
:10BF0000400908BD10B50346BFF35B8F53E8000F2F
:10BF100040EA010243E80024002CF7D1BFF35B8F15
:10BF200010BD0B6803608B8883808B7983717047A9
:10BF300070B500F1700605463146007AFEF77DFBCC
:10BF400004463146287A3CB1EAF772FE18B1002364
:10BF500003604360836070BDEAF76AFE0028FAD090
:10BF6000046044608460F6E7022A10B508D100231B
:10BF700000F170011A46007AEAF7DCFE022010BDDB
:10BF8000FFF7D6FFFAE7F7B51546BDF820601F4664
:10BF9000FEF750FB022EADF806000ED8C6F10204E3
:10BFA000BC42A8BF3C460DF106032246991928461B
:10BFB00005F045FB204603B0F0BD6FF00604F9E73D
:10BFC0002DE9F0419846BDF818601546E7F73AFDAF
:10BFD0000746E4F707FA83B2B3420CD39C1B4445EF
:10BFE000A8BF4446A4B22246B919284605F027FB4B
:10BFF0002046BDE8F0816FF00604F9E7F7B51F466B
:10C000000023BDF820608DF804301546EAF7E2FD04
:10C0100010B1037A8DF80430012E0DD8C6F1010459
:10C02000BC42A8BF3C4601AB22469919284605F000
:10C0300006FB204603B0F0BD6FF00604F9E713B528
:10C04000C96810460A781C46BDF8103092B94A8873
:10C05000ADF80620022B18D8C3F102029442A8BF03
:10C06000144622460DF10601194405F0E8FA20466F
:10C0700002B010BD102B01F1010106D8C3F110026E
:10C080009442A8BF14462246EEE76FF00604EEE79E
:10C09000F7B5C968BDF8206015461F46EAF7E8FD08
:10C0A00000B10089ADF80600022E0ED8C6F10204D8
:10C0B000BC42A8BF3C460DF106032246991928460A
:10C0C00005F0BDFA204603B0F0BD6FF00604F9E7B5
:10C0D000F0B507683D7889B00646144635BB7B88C5
:10C0E000B3F5245F04D01BD8A3F52053032B1DD830
:10C0F000ADF80A1002220DF10A012046FDF783FE79
:10C1000048B17B88ADF80A3002220DF10A012046C1
:10C11000FDF779FE70B96FF01502C4F8082106E04A
:10C1200003F55643FF339BB2042B13D90125284650
:10C1300009B0F0BD0020009003AA776813233146B0
:10C14000B847021EE9DB03A92046FDF75CFE002884
:10C15000ECD1E0E7ADF80A1002220DF10A01204609
:10C16000FDF751FE0028D6D07B88ADF80A300222B8
:10C170000DF10A01E8E701210C30FFF7C3BE2DE9FC
:10C18000F0411F46BDF81830012B064690462CD8CA
:10C190003B44012B3D462BDCEAF71CFD044618B955
:10C1A000EAF718FD044630B397B1217A98F80020D9
:10C1B000002321FA03F0C70703D522FA03F0C007D2
:10C1C0001CD50133032BF4D102F007021143217275
:10C1D000601C06F17001FFF7A4FE337A237020463D
:10C1E000FFF7C9FF2846BDE8F0816FF00605F9E7C3
:10C1F0006FF00C05F6E76FF01005F3E76FF012052E
:10C20000F0E738B504461546FFF71EFE40B120465C
:10C21000EAF7E0FC20B1037ADB0701D5FFF7ABFFBB
:10C2200035B9207A04F17001EAF702FD00B18560AA
:10C2300038BD10B5BDF80810BDF81040A142104639
:10C240000BD8641A9C42A8BF1C46039BA4B222468A
:10C25000194405F0F4F9204610BD6FF00604FAE722
:10C2600013B5044610B9002002B010BD00238DF8AC
:10C270000430006842F6030301A9ADF80630FDF76B
:10C2800004FF0028EFD1E36898880028ECD120460D
:10C29000EAF7A8FE013080B2E6E7F0B5CC6887B0D7
:10C2A00008461F46A3798DF80430BDF83060154666
:10C2B000FFF7D6FF2468ADF8050023789BB96388A3
:10C2C000ADF807300524B44219D3A41BBC42A8BF63
:10C2D0003C46A4B201AB22469919284605F0AFF9B5
:10C2E000204607B0F0BD631C0DF10702113453F86E
:10C2F000041B42F8041BA342F9D11324E3E76FF0B7
:10C300000604EDE71FB5CDE90123002300931A468B
:10C31000EAF798FE05B05DF804FB38B5D4074B8A00
:10C32000054604D513F0950F2BD0486848B3900705
:10C3300004D513F4957F26D0896821B302EA03045B
:10C3400014F4DE7F0DD0EB7A2BB92846FEF751FEB0
:10C35000D8B9052038BD14F0300F04D114F4C07FD3
:10C3600007D10020F6E72846FEF78FFE0228F5D811
:10C37000EFE7D5F8A030002BEBD05B7BDB06E8D5F0
:10C38000EFE70220E6E70320E4E70F20E2E72DE9EC
:10C39000FF41437B072B05460C46164610D1002370
:10C3A0008DF80C30206842F6030303A9ADF80E3077
:10C3B000FDF76BFE60B9E3689B7913F0300F03D192
:10C3C000002004B0BDE8F0812046EAF717FF0446DC
:10C3D000002320688DF80C3003A942F60213ADF853
:10C3E0000E30FDF752FE18B12046EAF707FF04466B
:10C3F000002742F6021820688DF800706946ADF8F3
:10C400000280FDF742FE20BB002320688DF80C302F
:10C4100003A942F60213ADF80E30FDF736FE0028F0
:10C42000CED1E4682246284612F8011BFEF72FFE03
:10C4300010B123891E420AD1A17A04F10B022846C9
:10C44000FEF725FE0028BBD0638A1E42B8D001202B
:10C45000B7E720688DF8047042F6030301A9ADF830
:10C460000630FDF712FE0028CED020688DF8087047
:10C470004FF4205302A9ADF80A30FDF706FE00285C
:10C48000C2D020688DF80C7042F6010303A9ADF804
:10C490000E30FDF7FAFD0028B6D02046EAF7AEFED2
:10C4A00004460028A7D18BE72DE9F84314468846B7
:10C4B000942261680646FFF730FF58BB616801228D
:10C4C0003046FFF764FF48B3A2891B210232304691
:10C4D000FFF7C7FB054620B300F10C0902214846CF
:10C4E00003F06BFE0746484627F8028BA18903F04C
:10C4F00064FEA289A168384605F0A1F8D4E90412C7
:10C5000028460123EAF754FB29463046BDE8F843A4
:10C51000FFF750BC4FF0FF30BDE8F8836FF0150017
:10C52000FAE76FF00B00F7E72DE9F04105460F46FB
:10C53000EAF750FB044608B3037ADA071ED5BFF3C7
:10C540005B8FC668BFF35B8F16F0010600F10C0825
:10C5500014D1A7B1BFF35B8F58E8003F23F002026C
:10C5600048E800210029F7D1BFF35B8F9B072846DD
:10C5700008D5FFF76BFC2046FFF7FDFD012630468E
:10C58000BDE8F081FFF760FC0028F8D02846FFF7EF
:10C5900076FC0028F3D0BFF35B8F58E8003F23F010
:10C5A000020348E80032002AF7D1BFF35B8F284628
:10C5B000DFE7704710B5431800EB510113F8014D48
:10C5C000027800F8014B88421A70F7D110BD07209D
:10C5D000704708B50621FEF7ECFE00B1EC3808BD47
:10C5E000BFF35B8F0068BFF35B8F084100F0010071
:10C5F000704710B50346D9B1C88910F0240F17D081
:10C600001A7D5C7B097BA24228BF2246914201D958
:10C61000002010BD820604D4187A003818BF01200B
:10C62000F7E70521181DFFF7DBFF0028F4D1EFE73E
:10C630000120EEE701238B40DB43BFF35B8F50E823
:10C64000002F1A4040E800210029F8D1BFF35B8F8A
:10C65000704770B500230446EC300D46FEF741FEEE
:10C6600020B12846BDE87040F6F70CBC04F5A07078
:10C670004FF47022BDE870400023F9F7F7BF2DE9B1
:10C68000F043171D0C4651F8029001EB020889B0E7
:10C690000646394620461546FFF78CFF6A4606F1E6
:10C6A0001003104613F8011D02F8011BB342F9D123
:10C6B00004AB3A46214600F073FE064690B91021BD
:10C6C0000DEB0100FFF776FF39462046CDF81490B8
:10C6D000FFF770FF05AB03CB60511868C8F8041072
:10C6E000C8F80800304609B0BDE8F08301238B404C
:10C6F000BFF35B8F50E8002F1A4340E80021002968
:10C70000F8D1BFF35B8F704708B50E21FFF7EEFF3E
:10C71000002008BD38B505460B4604300D21FFF753
:10C720005FFFA0B1DC68D5F8EC300220197A03F184
:10C73000700200F086FD80B1224600F12A0304F168
:10C74000100152F8040B43F8040B8A42F9D1284631
:10C750000921FFF7CBFF002038BD0820FCE738B5E2
:10C7600005460B4604300D21FFF73AFFA0B1DC6807
:10C77000D5F8EC300420197A03F1700200F061FD65
:10C7800080B1224600F11A0304F1100152F8040BA3
:10C7900043F8040B8A42F9D128460721FFF7A6FF88
:10C7A000002038BD0820FCE770B5051D0E46284660
:10C7B0000421FFF715FF68B100220021002308467D
:10C7C000FEF78CFD044640B904212846FFF78EFF92
:10C7D000204670BD4FF47022EFE701210C3003F0CA
:10C7E000ECFC0670F4E738B502210446FFF7DCFFE5
:10C7F000054680B106210C3003F0DFFCD4F811307F
:10C800000360B4F815308380002220462946FFF7E4
:10C8100020FF002038BD0820FCE738B5042104467D
:10C82000FFF7C2FF0546A0B110210C3003F0C5FC94
:10C8300004F1270304F1370253F8041B40F8041BEA
:10C840009342F9D1204600222946FFF702FF00203B
:10C8500038BD0820FCE72DE9F04790B004460CAD48
:10C8600010220021284604F0F8FE237A052B1ED85A
:10C87000DFE803F0060303061D21D4F8D8300C933B
:10C88000D4F8EC3004F1470204F1C707CDE9017296
:10C8900004F1370803F17E0204F12709009277338F
:10C8A0004A46414604F19700ECF746F998B1082052
:10C8B00010B0BDE8F087D4F8E430002BE0D02E466D
:10C8C00003F1100718685968324603C20833BB42A7
:10C8D0001646F7D1D4E7D4F8EC3003F177027E3373
:10C8E00008AE019304F111030292009303962B46C4
:10C8F00042464946384600F003FD0028D7D1237A46
:10C90000052B0FD1D4F8E010002949D00B46AC46D6
:10C9100001F1100E18685968624603C20833734566
:10C920009446F7D1D4F8EC3003F17E0277330DF161
:10C93000100A019304F10A0302920093CDF80CA0AF
:10C940002B464A464146384600F0DAFC0028AED174
:10C950001022514604F1B70004F038FD28BB0D2128
:10C960002046FFF721FF07460028A0D010210C30F9
:10C9700003F023FC32460346164603CEAE4218604F
:10C980005960324603F10803F6D1002239462046A9
:10C99000FFF75FFE201D0121FFF7A8FE002087E7BB
:10C9A0001022284604F059FEBCE70B2080E770B542
:10C9B000D0F8EC30DB78012B044619D1CD68061D88
:10C9C00010213046FFF736FE2B4604F1B70205F181
:10C9D000100153F8040B42F8040B8B42F9D10721E4
:10C9E0003046FFF7FDFD28B109213046FFF77EFEF6
:10C9F000002070BD0A213046FFF7F2FD0028F3D178
:10CA00002046BDE87040FFF726BF0720704730B5CD
:10CA1000012303FA01F1CA43BFF35B8F50E8003FE3
:10CA200003EA020440E80045002DF7D1BFF35B8F15
:10CA3000194214BF0120002030BD70B500F170060E
:10CA400004460D4607220968304604F0BFFC40B991
:10CA50006B681A6822679A88A4F874209B7984F816
:10CA6000763070BD38B50446031D0025BFF35B8FDB
:10CA700053E8002F43E800510029F9D1BFF35B8F41
:10CA800004F5A07004F047FA2572BFF35B8F54E8F9
:10CA9000003F44E80052002AF9D1BFF35B8F2046E3
:10CAA0000121BDE83840FFF721BEF0B589B0DDE9CE
:10CAB0000E67054630788DF8000038788DF8010053
:10CAC0001068CDF8020090889279109C8DF80820AB
:10CAD0001A68CDF809209A889B79ADF80600ADF860
:10CAE0000D208DF80F3001F1100C2246684611F828
:10CAF000013B10F801EB614583EA0E0302F8013BAC
:10CB0000F5D122462146284602F0A1FF034628BB64
:10CB1000B7F80520ADF81420D6F80120D7F80100A9
:10CB2000CDF81620B6F8052004900793ADF81A202A
:10CB300004F11000234604A913F8016B11F8012B2E
:10CB4000834282EA060203F8012CF5D122462146EF
:10CB5000284609B0BDE8F04002F079BF09B0F0BD49
:10CB6000F0B5071D85B004460A213846FFF738FDA9
:10CB700088BB04212046FFF7B9FD0321D4F8EC60FF
:10CB8000FFF712FE0546C0B110210C3003F015FB73
:10CB900006F17E03773602900193009604F11003AC
:10CBA00004F1090204F1270104F14700FFF77DFFBA
:10CBB000064628B12846F6F765F9082005B0F0BD0D
:10CBC000024629462046FFF744FD31463846FFF726
:10CBD00031FD0020F2E700213846FFF787FDF8E736
:10CBE00070B5061DCD6804460B213046FFF722FDC7
:10CBF0002B4604F1170205F1100153F8040B42F81B
:10CC0000040B8B42F9D105213046FFF7E9FC20B92E
:10CC10002046BDE87040FFF7A3BF237A012B09D05F
:10CC2000022B13D120460421FFF760FDBDE87040C0
:10CC3000EAF7B8BE0A213046FFF7D2FC0028F1D04F
:10CC400030460021FFF752FD002070BD0820FCE7B0
:10CC50002DE9F7430B9FCDE900230446FFF7B9FC0C
:10CC60000546002800F08580BDF82880061DB8F133
:10CC7000000F2AD1DDE90032134326D103213046CB
:10CC8000FFF7AEFC002858D001213046FFF7A8FC82
:10CC9000002852D02C7D6B7B9C4228BF1C4622462C
:10CCA00005F14701384604F0CAFC0F2C05D8C4F141
:10CCB00010020021381904F0D0FC30460121FFF7A2
:10CCC00015FD012003B0BDE8F083D4F8A030BBB956
:10CCD00004F17009217A4A462020EBF793FEC4F84C
:10CCE000A00030B9217A4A460120EBF78BFEC4F848
:10CCF000A000B8F1000F03D1DDE90032134320D0CA
:10CD0000D4F8A080B8F1000F26D0B8F80E30DB07B9
:10CD100022D50822694608F1680004F057FBD8B90B
:10CD200002220AA908F1700004F050FBA0B998F89B
:10CD30000C4008F172012246B4E7D4F8A030002B71
:10CD4000C6D0D4F8A0100029DAD0CB899A06D7D55E
:10CD50000C7B1A312246A5E70F213046FFF740FC35
:10CD600020B1022206212046E8F7B8FC2846FFF74A
:10CD700079FE0020A6E730B50B8ACA681A4405463A
:10CD800085B052F80C0C0C4652F8081C01AB03C3DA
:10CD900052F8040C297A186005F170021020EBF7A4
:10CDA00031FE0546D8B1218AE368426E0B44543007
:10CDB00043F80C2C228AE1680C3A92B2FFF75FFC30
:10CDC00080B9238AE1680C3B0C22194401A804F0C5
:10CDD000FDFA50B96B6E01336B6605B030BD6FF074
:10CDE0000100FAE76FF00400F7E76FF04C00F4E79A
:10CDF00038B500F170020D46017A0820EBF702FE0B
:10CE00000446B0B10C21681803F0D7F9298AEB6801
:10CE1000226D0B4404F1400043F80C2C2A8AE96887
:10CE20000C3A92B2FFF72BFC30B9236D0133236526
:10CE300038BD6FF00100FBE76FF00400F8E7F8B5CC
:10CE4000031D06460F4618460221FFF7C9FB04469C
:10CE500020B1B6F8E840B4FA84F464090321184616
:10CE6000FFF7BEFB58B139463046EBF79FFA052174
:10CE700094B1D6F8EC00FEF79CF80020F8BD012133
:10CE80001846FFF7ADFB0028EDD10F211846FFF73C
:10CE9000A7FB0028E7D1EAE73046FFF785FC054607
:10CEA00088B101210C3003F088F92346077022462F
:10CEB000294606F1EC00FEF714FA0028DDD02846DA
:10CEC000F5F7E0FFD9E76FF06800D7E770B50446E3
:10CED0000820EAF7E3FC0546E0B1061D08213046CC
:10CEE000FFF7A8FBBCB30721FFF7A4FB234605F11E
:10CEF000970204F1200153F8040B42F8040B8B4213
:10CF0000F9D10A213046FFF76BFB70B10921304699
:10CF1000FFF7ECFB0720EAF7C1FC0446E8B1EAF7AB
:10CF20002BFD0146C8B1204612E010213046FFF724
:10CF300057FB09210028EAD13046FFF751FB0028B2
:10CF4000E8D02846FFF787FC01460028E2D02846B3
:10CF5000FFF775FFDEE70B21F9E770BD70B50B46F3
:10CF6000D0F8EC6004460D210430FFF739FB88B19E
:10CF7000317ADD6806F17002102000F062F9C0B16C
:10CF80002B46543005F1100253F8041B40F8041BE3
:10CF90009342F9D194F8E93023F0040384F8E9309E
:10CFA000B4F8E81009B1002070BD2046EBF7FEF997
:10CFB000F9E70820F8E770B50B46D0F8EC600446B6
:10CFC0000D210430FFF70CFB80B1317ADD6806F1EA
:10CFD0007002042000F035F908B32A4632F8023B0B
:10CFE0000383D5F8023003615368436194F8E93054
:10CFF00023F0010284F8E9209A0708D50821204689
:10D00000FFF774FBB4F8E81029B1002070BD5B078E
:10D01000F8D50A21F3E72046EBF7C8F9F5E7082031
:10D02000F4E72DE9F0410E460446D0F8EC80EAF72B
:10D0300043FCF768261D05460A213046FFF7E7FC4A
:10D0400038B16DB920463978EBF7B0F90020BDE86A
:10D05000F0810B213046FFF7DAFC0028F1D1F1E72F
:10D060002B69002BEED040469847EBE710B50C46F5
:10D070000621FEF74CF910F8043C23EA040100F8FD
:10D08000041C30F8041C21B9BDE81040EC38EBF763
:10D090008DB910BD22B98178012901D1FFF7E6BF12
:10D0A00070472AB98378012B02D10421FFF7DEBF34
:10D0B000704770B50446A0F1EC0650F8543BE83CCC
:10D0C000D3F8A05003F027FF03212046FFF788FA8A
:10D0D000A0B108213046EBF769F93DB1EB8913B1F6
:10D0E0006B7B9B0702D5284600F0BFF830464FF413
:10D0F000BC72BDE87040002104F0AFBA01212046A7
:10D10000FFF76EFA0028E4D10F212046FFF768FAF6
:10D110000028DED1E1E710B508210446A0F5A07093
:10D12000EBF744F9A4F59E700421BDE81040FFF729
:10D13000DDBA70B50446FFF74CFA0546002863D007
:10D14000061D03213046FFF74BFA00285CD0D4F8C7
:10D15000A00008B100F089F8207A04F17001EBF723
:10D16000D1FBC4F8A00028B928460821BDE87040CA
:10D17000FFF765BE0E213046FFF732FA28B1D4F82A
:10D18000A020537B43F0020353732A7AD4F8A010F3
:10D19000032A4B7B39D8002A3ED0D4F8A020537BF9
:10D1A00043F0010353736B7B297DD4F8A0208B429D
:10D1B00028BF0B46137305213046FFF711FAD4F848
:10D1C000A0305A7B88B342F010025A730D213046CA
:10D1D000FFF706FAC0B1D4F8A000202100F041F812
:10D1E000D4F8A03005F147021A33573552F8041B22
:10D1F00043F8041BAA42F9D1D4F8A02000231361FC
:10D200005361D4F8A020138370BD053A012A03D8D6
:10D2100043F020034B73C0E723F020034B73D4F893
:10D22000A020537B23F00103BCE722F010025A73C5
:10D23000EAE708B5072204F0C9F8B0FA80F040091F
:10D2400008BD70B504460D461646EBF7DBFB38B952
:10D2500031462846EBF756FB10B1C3891C43C48105
:10D2600070BDC3891943C181704710B5037A5B074C
:10D27000044601D5E7F786F820468822BDE810402D
:10D28000002104F0EAB9531E1944024411F801398F
:10D2900000F8013B9042F9D1704710B5431E00F1F0
:10D2A0001002073013F8011F12F8014D1C70834261
:10D2B0001170F7D110BDF0B597B014460E4620227C
:10D2C000014605A81D461C9FFFF7DDFF20223146C1
:10D2D0000DA8FFF7D8FF2146102201A88DF8545061
:10D2E000FFF7D1FF3B46412205A901A800F058F8FD
:10D2F000044610B93846FFF7D0FF204617B0F0BDFE
:10D300002DE9F04397B00446164605A810221D46A5
:10D31000DDE91F98219FFFF7B6FF1022314609A8CB
:10D32000FFF7B1FF102229460DA8FFF7ACFF1E99A9
:10D33000032211A8FFF7A7FF4946D9F8010011F809
:10D34000013B8DF8473012908B88ADF84C300622A7
:10D3500012A8FFF798FF4146062211F8013B8DF80D
:10D360004E30D8F80130CDF84F300DF14F008B889A
:10D37000ADF85330FFF787FF2146102201A8FFF7D1
:10D3800082FF3B46412205A901A800F009F80446A6
:10D3900010B93846FFF781FF204617B0BDE8F0838B
:10D3A00070B5C2B00D461646014616AA68461C4620
:10D3B000FCF7FEFC18B96FF0040042B070BD3246B5
:10D3C00029466846FCF71FFD0028F4D06946204630
:10D3D000FCF783FD0028EED00020EEE730B51860A2
:10D3E000C31D23F0030300241A80013A92B201FB0B
:10D3F00002F3C4504FF6FF74013A92B2A24200D138
:10D4000030BD02FB0113C5185B1AC550F4E710B517
:10D410000346006858B1026842B1C11D21F0030102
:10D420000C88D11D21F00301013C0C801A6010BD55
:10D430000B6810B51BB1073323F003031B880C687E
:10D440000246013342F8074B22F0030213800860C2
:10D4500010BD02FB01007047401A90FBF2F080B251
:10D46000704710B5114401384FF6FF73013A92B27C
:10D470009A4200D110BD11F8014D00F8014FF5E7B7
:10D480000144884201D10020704710F8013B002B75
:10D49000F7D0012070471060086070470A680346A3
:10D4A000006890424FF000020ABF0A6010461A60FE
:10D4B000704710B51468206014686160106010BD7A
:10D4C000884203D01AB14368136070470020704748
:10D4D0000B68834209D022B1586810601A680A604C
:10D4E00001E0002BFAD1184670470023FBE710B586
:10D4F000431E00200139C9B2FF2900D110BD13F825
:10D50000012F002AF6D0541E01302240C0B2F8E7A5
:10D51000F0B5037E02681C460025FF2C01D10020D7
:10D52000F0BD04EB44068C424FEA061702EB0616E8
:10D5300004D0B3681D442346D45DEEE7A34204BF84
:10D54000D15D01761BB2D15DB06803EB43031B01D3
:10D55000FF29D15406D001EB410102EB011293687F
:10D56000034493602844DBE730B5551A15F4000FE7
:10D570008368446909D125F07F452B44A3420ED925
:10D580001B1B00248360446130BD891A21F07F4158
:10D590008B4201D95B1AF1E70C44E41A0023E41A28
:10D5A0000023EFE7034600221A709A6A9970084632
:10D5B0000AB1D96A104770472DE9F04F89B0036866
:10D5C000039343680593437A07468846013B5FFA15
:10D5D00083FABAF1FF0F02D109B0BDE8F08F059BC5
:10D5E00003EBCA0BDBF804309BF801600493B8F13D
:10D5F000FF0F78D008EB4804039ACDF80880230188
:10D60000002512F8038002EB04144FF0FF3323705F
:10D61000BDF908C038680CEB4C0C4FEA0C1300EB5A
:10D620000C1C0693DCF8083001933B7EFF22FF2B95
:10D630000CD003EB430E4FEA0E1100EB0E1E0791C8
:10D64000DEF808900199494580F08780FF2A18BFCD
:10D6500012B20199CCF8081018BF02EB42020699E9
:10D6600008BF029A43541DBF1201029981543A76B1
:10D67000FF2B07D003EB430300EB0310019A8368F1
:10D680009B1A8360A37801336370002DAFD0002113
:10D690002846FFF787FF6368002BA8D1AB6A236297
:10D6A000EB6A6362A3E7049A06EB46052B01013699
:10D6B00002EB05159BF80020F6B2B24208BF002627
:10D6C000049AD35C042B0ED16B78029303EB4304D2
:10D6D000039B03EB04146278A3789A420AD00121D9
:10D6E0002846FFF75FFF9BF80230B342DBD10AF117
:10D6F000FF336CE7AB8A79694FF6FE72934206D02E
:10D700004FF6FF729A1A5342534184F82C306B6AD9
:10D71000A362EB6863602B6923624FF00009C4F8D1
:10D720002490AB8A4FF6FD72934288BF4B46A38389
:10D73000AB69A361EB69E3602B6A2361AB68A3600B
:10D74000C4F814906A682046FFF70EFFE378A4F847
:10D750001E9043F00103E37057E70199B1EB090113
:10D76000019105D1BCF81E10BEF81EE0714503D82A
:10D770001A46079BC35C5AE7CDF8049066E72DE98B
:10D78000F04F477E01238DB0054683761FB9037E97
:10D79000FF2B03D187760DB0BDE8F08FF4F7E0FCE6
:10D7A0006B6995F81890C01A20F07F430493049A8F
:10D7B000EB6993422B68059394BF4FF000084FF03C
:10D7C0000108B9F1FF0F19D1EA7AAB7A934205D17A
:10D7D0000133DBB2022B08BF0023EB72EB7A05EBBF
:10D7E00083030122DF606C6A0023AB7604212B46A1
:10D7F0000320A4460DB0BDE8F04F6047059B049997
:10D8000009EB4904220103EB0414A3689942DBD31A
:10D81000C91A1F44059B049113F802906378A278FB
:10D820009B1ADBB2012B079304D0CDF81C80DDF8E6
:10D830001C80C6E7A16AA66900296AD00A680AB3F3
:10D8400096B9B8F1000F40F0D580EB69BB4200F209
:10D85000D180B9F1FF0F00F0DC80E38B042002B32C
:10D86000FEB9042209921DE0B8F1000F40F0C38018
:10D87000EB699F42C0F0BF80B9F1FF0F46D0E38B48
:10D880003046ECE7002E41D0B8F1000F40F0B380F5
:10D89000EB699F42C0F0AF80B9F1FF0F36D0E38B48
:10D8A00030460996A28B9A429CBF9A1A93B262683C
:10D8B000089203FB0223059A0B9309EB490302EB41
:10D8C0000313099AD3F808E072451ED3CDF818E087
:10D8D0009A6AD3F818C0CDF828C012B11268002A8D
:10D8E00035D10A9A002A32D11B78FF2B0DD0059A28
:10D8F000DDF824C003EB430302EB0313069AD3F8CD
:10D9000008E0724462450692E2D906464FF0000AEA
:10D9100081E0002EFAD0B8F1000F02D1EB69BB42D2
:10D92000BAD9E38B94F82C2001339BB2E38352B134
:10D93000A28B9A4207D2A36A002B00F0A1801B7A27
:10D94000012B40F09D80A378013BA3706DE7B3F8F5
:10D950001EA0B3F81CB0D3F804C0DA4512D2BCF153
:10D96000000F42D10029BFD0CDF80CC00A6802B325
:10D97000FEB9DDF828E0DDF818C0E644724518D994
:10D98000064638E0BCF1000F16D0AAEB0B0292B2AB
:10D990000392089A62B3039A02FB0CC2DDF82CC012
:10D9A000A2EB0E0294452CBF002201220392002913
:10D9B000DCD1DA4503D297E70029D5D1039193F85A
:10D9C00003C094F803E00CF0010B0EF0010AD345FC
:10D9D00007D88CEA0E0C1CF0010F85D1039A002A9F
:10D9E00082D00029CCD106469BE7CDF80CA0D0E729
:10D9F000089ADBE704260B683BB10B7A3BB9A38B93
:10DA0000E28B93428CBF002301230B7289E7002332
:10DA1000FBE7C2460426A36A002B34D000225968D3
:10DA20005A60A36A1A72A378D4F80CB0013BA370B1
:10DA3000BBF1000F3FF4F9AE60696B69626A381A96
:10DA4000184420F07F40BAF1000F1ED1E38BD4F8C8
:10DA500010C0CDF804C094F803C00CF0010CCDF850
:10DA600000C0D847BAF1000F7FF4DFAEE378A4F826
:10DA70001EA06AF30003E370002E3FF4D6AED6E694
:10DA80004FF0010AC7E71946CDE74FF6FF73DEE70F
:10DA900010B4BDF81040049410BCEBF739BA10B5BF
:10DAA0008AB000240994149C0894139C0794129C37
:10DAB0000694119C0594109C0494BDF83C4003947A
:10DAC0000E9C02940D9C01940C9C0094FFF7E0FFC7
:10DAD0000AB010BD10B588B000240794109C0694BD
:10DAE0000F9C05949DF838400494BDF8344003948D
:10DAF0000C9C02940B9C01940A9C0094EBF7C2FED0
:10DB000008B010BDF4F72CBB401A20F07F407047DE
:10DB100038B50446022C08461D4606D100F05AFAD4
:10DB200008B100242C70204638BD0124FBE70023F7
:10DB300003700B70704708B5EBF786FF18B10368E8
:10DB40000B6083888B8008BDF8F714BB37B505469A
:10DB500014460093ADF80610EFF76AF92146009AD3
:10DB6000BDF80600EFF7A8F92046EFF72BF96A4653
:10DB70000DF106012846EFF747F904460028EBD1DE
:10DB8000ECF778FA03B030BD08B5ECF767FABDE8FA
:10DB90000840ECF76FBA0023037004230B70704742
:10DBA00008B5ECF7D3FBBDE80840ECF7DFBB2DE987
:10DBB000F04F85B09A46DDE90E93DDF840809DF880
:10DBC000445001900E46174602934FF0000B6DB182
:10DBD0009AF800400134E4B2A64208BF0024A742EC
:10DBE00004D04046FFF713FC024610B905B0BDE86B
:10DBF000F08F02980392FFF70AFC039A30B941466E
:10DC0000104605B0BDE8F04FFFF712BCC2F804B0F3
:10DC100002609AF80020019B12FB03F2691E49F88A
:10DC20000200CDB28AF80040D1E708B5ECF7A4FDB8
:10DC3000BDE8084001F030BF30B51C780134E4B2D3
:10DC4000A14208BF0024A2420546059808D0049AC4
:10DC500002601A78039912FB05F288501C7030BDDF
:10DC60000020FCE707B50023CDE90033049BF3F760
:10DC7000E3F903B05DF804FB0A7E0369012A03D1CE
:10DC8000CA681278052A01D01B681847704738B552
:10DC90000C300D460221144602F08FFA05704470D4
:10DCA00038BD70B50446154601320E460C34D2B26A
:10DCB0003E21FFF7ECFF0121204602F07EFA0670BC
:10DCC00029462046BDE8704002F077BA0346006856
:10DCD0005968704770B506460D4614461321052253
:10DCE000FFF7D5FF052106F10C0002F066FA0123CB
:10DCF0000370A0F80150A0F8034070BD0379032B16
:10DD000007D0172B0DD0183B052B8CBF002003200C
:10DD10007047037F03F00303032B14BF0520042087
:10DD200070470120704710B5037803F00F03541EAD
:10DD3000022BA4B20DD1417804EB8403C3EB031092
:10DD400010314000C90000F23B1001FB020080B21C
:10DD500010BD012B16D01031C9006BB9437801F208
:10DD600083211033DA0001EBC30002F5B37398305E
:10DD700013FB04F31844EAE7062BEFD0102340F21C
:10DD80003B11EFE7162340F29B21EBE7EEF772B968
:10DD900008B5EEF743FB002008BD08B5FFF7F8FF14
:10DDA000002008BD08B5EEF72BFB003818BF012096
:10DDB00008BD08B5EEF724FB18B190F8250000F077
:10DDC000030008BD70B5054690F826000C46F2F732
:10DDD0005BF900B3237843F0400323700368C4F871
:10DDE00002308388E380237803F00F03012B04F1D2
:10DDF00002060ED195F82600F2F774F948B12278A0
:10DE0000234642F0800203F8082B0268A260828851
:10DE10009A80304670BD2078C0F38010EBF714FE76
:10DE2000DCE71F292DE9F34105460E4690465CD8F4
:10DE300090F8293000EB8303DF6A3B7803F00F038F
:10DE4000012B0AD180F840100A464130414603F0C8
:10DE5000F6FB002002B0BDE8F0810DF1070128308B
:10DE600001F0AAFE3A78037802F00F0223F01F03B4
:10DE7000134303703B780278C3F3401363F34512F6
:10DE800002703B78D2B2C3F3801363F38612027040
:10DE90003A46017812F8023BDB0963F3C7110346E7
:10DEA000044603F8021BD7F80210C0F8021092884B
:10DEB0009A80414632460830063603F0C0FB667051
:10DEC00095F86A30DB0704D49DF8073085F82930CF
:10DED000BFE795F8353005EB830321469A6B28465A
:10DEE000E2F76EFE0028EFD0B4E71220B2E71F2958
:10DEF0002DE9F34104460F46904659D890F8353045
:10DF000000EB830300F134059E6B76B92846F3F7E6
:10DF1000F5FAC0B200284DD194F8353004EB8303F4
:10DF20009E6B04233370062373700DF1070128469E
:10DF300001F042FE037823F03F03324643F004032E
:10DF4000037012F8021BDBB2C1F3801103F03F0330
:10DF500043EA81130370BB1D4370D6F80230C0F84A
:10DF600002309388C3803A4605464146083003F0A4
:10DF700066FB94F86A30DA0707D49DF8073084F816
:10DF80003530002002B0BDE8F08194F8293004EB70
:10DF90008303D96A0A78412302F00F02D340DB07DA
:10DFA000EBD52A462046E2F70BFE0028E5D0E9E74C
:10DFB0001220E7E70720E5E708B5D43000F09DFC24
:10DFC00038B1037903F00303032B16BF002300606D
:10DFD000036008BD08B508B1002008BDEEF7D6FC07
:10DFE000038D002BF9D0F7E72DE9F34107460E46E4
:10DFF00015469846FFF7EEFF044620B3CEB90B9BBB
:10E000000193BDF828300093BDF82020BDF82430DE
:10E010004146EFF753FE20B994F93930002B03DB6A
:10E02000002002B0BDE8F08139462046F1F792FCAD
:10E03000F6E7022E09D115B900F082FEF0E7294675
:10E0400000F08DFEECE70220EBE70120E9E738B5B0
:10E050000C46FFF7BFFF054668B100F000FE28B18F
:10E060000368236003792371002038BD6B6B236044
:10E0700095F83830F7E70220F7E770B50646FFF766
:10E08000A9FF054670B1012100F08FFD044638B9A3
:10E0900095F93930002B03DA31462846F1F75AFC5E
:10E0A000204670BD0224FBE770B50646FFF792FFDD
:10E0B000054668B100F08EFD044638B995F939304F
:10E0C000002B03DA31462846F1F744FC204670BDA8
:10E0D0000224FBE7F8B505460E461746FFF77AFF20
:10E0E000044698B1D0F830319B0611D53A463146F6
:10E0F00000F0C6FD20B994F93930002B01DB002077
:10E10000F8BD29462046F1F725FCF8E70220F7E79D
:10E110001A20F5E710B54524048014804FF42672C8
:10E120000A801A8010BD38B50D461446FFF752FF1D
:10E1300058B190F87630C3F302032B7090F8773023
:10E14000C3F302032370002038BD0220FCE72DE951
:10E15000F34106460C4617469846FFF73BFF054637
:10E16000C0B1D0F83031DB0516D50123009321462C
:10E1700043463A4600F03CFD044638B995F939303B
:10E18000002B03DA31462846F1F7E4FB204602B0C3
:10E19000BDE8F0810224F9E71A24F7E710B50C4630
:10E1A000FFF718FF60B1428DB0F8863153437D22EE
:10E1B000534300204FF47A72B3FBF2F3238010BD77
:10E1C0000220FCE710B50C46FFF704FF70B1438D49
:10E1D00040F2E242534342F2107202FB0434013C2B
:10E1E000B4FBF3F4A0F88641002010BD0220FCE748
:10E1F000EEF7D4B970B50B680646D8880C46FFF721
:10E20000E9FE054618B9236801221A7170BD00F0B5
:10E21000DFFD2268137F03F00303032B08D095F87A
:10E22000802173B19207F1D53D2385F85031EAE79B
:10E2300001231371226831462846BDE87040EFF78C
:10E24000AFBD9307DFD5EFE710B504460120EEF729
:10E25000DDFC20460121BDE81040EEF77DBD90F8C1
:10E260005A20B0F85030C2F30212022A14BFDB0861
:10E270009B0890F87220B0F84C0014BF0A3B0B3B8F
:10E280009BB2D20644BF043B9BB2984228BF1846BB
:10E290007047704790F8803143F0020380F8803176
:10E2A000704790F880316FF3410380F880317047F8
:10E2B0000278438E12B1581E80B27047C28D13444B
:10E2C000B0F814219818F7E710B504460B6863639B
:10E2D00034300B7903710521FFF709F994F83930CF
:10E2E00060F3050384F8393010BDB0F87030B3F531
:10E2F000267F28BF4FF42673B3F5A47F4FF4267012
:10E3000038BF4FF4A47308801380704710B5B0F87D
:10E310006030B0F85A20B0F85E40934228BF1346F0
:10E3200090F877201B2B02F0070238BF1B23042A2A
:10E33000B0F8642014BF4FF4A4714FF42961A242D5
:10E3400028BF22468A42B0F86E4038BF0A4694423F
:10E35000B0F86A100BD199420ED0A0F86A3090F84C
:10E36000D13043F0020380F8D130012010BD994232
:10E37000A0F86E20F1D1F2E70020F7E710B5B0F871
:10E380006220B0F858108A4228BF0A4690F87610EA
:10E3900003461B2A01F00701B3F85C4038BF1B227B
:10E3A0000429B3F8661014BF4FF4A4704FF4296029
:10E3B000A14228BF21468142B3F86C4038BF0146D4
:10E3C0008C42B3F8680016D1904219D0A3F86820A7
:10E3D00093F8D12042F0010283F8D120012093F874
:10E3E000D11041EA510202F0010221F003010A4377
:10E3F00083F8D12010BD9042A3F86C10E6D1E7E776
:10E400000020ECE738B50546FFF780FF04462846B4
:10E41000FFF7B4FF204310F0FF001EBF95F8D13086
:10E4200043F0010385F8D13038BD1B2928BF1B21DB
:10E430004FF42673B2F5A47F28BF4FF4A472A0F85E
:10E440005E304FF4A473A0F87210A0F87020A0F80A
:10E450005C30A0F85810704738B504460D46EFF709
:10E4600043FB10B90923AB7238BD0622294620466A
:10E47000EEF7B2FD204601F052FA0023AB72012103
:10E48000204600F0ECFA2046FFF70BFF204600F094
:10E490006FFD94F88E3043F0100384F88E30E3E77C
:10E4A000F8B504460E46174622B9EFF71DFB10B922
:10E4B0000623B372F8BD04F18F052B463A4606F1E8
:10E4C0003B0106F12B0001F0DAFD2B4604F1B0020E
:10E4D00004F19F0153F8040B42F8040B8B42F9D16D
:10E4E000D4F8A820C4F8C920D4F8AC20C4F8CD20B2
:10E4F000002000220021C4E9300184F89F205A70D6
:10E500009A70DA701A715A719A71DA7194F8C83087
:10E5100062F3000384F8C83094F8A73043F0010395
:10E5200084F8A730052231462046EEF755FD4FF41A
:10E53000C163738194F88E3043F0080384F88E3001
:10E54000B8E710B402F11C03D27F033A082A10D8AE
:10E55000DFE802F0050F0F090F0F0F0B0D0001226E
:10E5600010BCEEF7DFBD0222FAE70722F8E7082227
:10E57000F6E73D2310BC80F850317047002303229A
:10E58000EEF7D0BD00230422EEF7CCBD887A031F3E
:10E5900058425841704713460022EEF7C3BD38B5C4
:10E5A00004460D4600F0DAFC10B10123AB7238BD11
:10E5B000204601F058F90028F7D129462046EFF708
:10E5C00093FA0028F1D0204601F04BF90728ECD04F
:10E5D0002046012101F041F920460D2101F040F9CA
:10E5E000162329466B732046EFF786FAE861294621
:10E5F0002046BDE83840EEF793BF38B505460C46D7
:10E6000001F03AF910B10223A37238BD2146284621
:10E61000EFF76AFA0028F6D0284601F022F9072819
:10E62000F1D028460D2101F01BF917232146637311
:10E630002846EFF761FAE06121462846BDE83840F8
:10E64000EEF712BF70B590F9396090F8763090F817
:10E650007740002E03F0070504F0070408DB90F86C
:10E66000770000F00700001B18BF0120C0B270BD8A
:10E6700012F0030201F0030112D062F3020380F8EA
:10E68000763029B190F8773061F3020380F8773063
:10E6900090F8763003F00703AB42E0D00120E5E7C5
:10E6A0000029EFD1DBE770B591F82C3091F82D20DF
:10E6B000042B0C4611D8032B0FD0042A0DD8032AA3
:10E6C00018D1112381F828300125668DFFF7F0FD60
:10E6D000801B03040CD4282307E0112184F82810A0
:10E6E0000125134313F00703EFD184F828300125E7
:10E6F000284670BD0025F4E7F7B50E460DF1060279
:10E7000001A9B0F86C50B0F86E700446FFF7EDFD4B
:10E7100096F82D1051BB96F82C301BB194F9393076
:10E72000002B2ADA96F82C301BB194F93930002BE3
:10E7300040DBB4F86C30AB420BD3BDF806209A42F4
:10E7400007D3B4F86E30BB4203D3BDF804209A421D
:10E7500048D294F8D130A4F86C5043F00103A4F8E7
:10E760006E7084F8D130012003B0F0BD94F93930D7
:10E77000002B02DB96F82C30E3B194F8762094F865
:10E780006800BDF8065002F0030303440D33DB00BC
:10E79000C2F34002D3409BB2B3F5A47F38BF4FF41D
:10E7A000A4739D4228BF1D460029BBD094F939307F
:10E7B000002BB7DB94F8772094F86A10BDF804704A
:10E7C00002F003030B440D33DB00C2F34002D340DD
:10E7D0009BB2B3F5A47F38BF4FF4A4739F4228BF08
:10E7E0001F46A6E70020BFE770B502F11C03D27FE9
:10E7F000112A0C460AD0182A03D0072A08D106226B
:10E8000000E00222BDE87040EFF716B80522F9E7F4
:10E81000242380F8503100F019FC0023A37270BD4E
:10E8200013460022EFF708B813460322EFF704B8A7
:10E8300000230422EFF700B870B502F11C03D27F69
:10E84000162A0C4609D0182A0CD0242380F85031FF
:10E8500001F065F80023A37270BD0122BDE870408D
:10E86000EEF7E0BE0322F9E713460022EEF7DABE28
:10E8700013460222EEF7D6BE00230422EEF7D2BEE4
:10E880000023C0E90133C0E9033303707047037804
:10E89000013303707047037813B9C36833B9704705
:10E8A000013BDBB20370002BF7D0704702691AB14D
:10E8B000816829B9436082600023C0E90333F4E72B
:10E8C0000B60F8E703783BB10C3000230B60436822
:10E8D00023B9C0E9001170470430F6E719604160C0
:10E8E000704700230B60836813B9C0E901117047BA
:10E8F000196081607047406870470346406828B1DE
:10E90000996802685A60884208BF9A6070474078E8
:10E91000A0F10C035842584170474078A0F1080319
:10E920005842584170474078831E584258417047BA
:10E930004078A0F117035842584170474078431E71
:10E940005842584170474078A0F109035842584155
:10E9500070474078831F5842584170474078A0F173
:10E9600018035842584170474078C31E58425841D6
:10E9700070474078431F58425841704770B506466B
:10E9800008460D46FEF743FD044680B1456000256C
:10E99000C0E9055506722C222946203002F05DFEA2
:10E9A000FF2363724FF47F436381A381A5732046E5
:10E9B00070BD4078831E5842584170474078831E8E
:10E9C0005842584170474078431E5842584170475A
:10E9D0004078831E5842584170474078A0F1180390
:10E9E0005842584170474078431E5842584170473A
:10E9F0004078431E5842584170474078A0F10903BF
:10EA00005842584170474078A0F109035842584194
:10EA100070474078C31E5842584170474078C31E23
:10EA200058425841704708B50120EBF729FB0038E0
:10EA300018BF012008BDEBF73DBBD430FFF751BF35
:10EA400038B590F8463104460D4613B9D430FFF777
:10EA50001EFF94F846311D4384F8465138BD90F8A6
:10EA6000463123EA010180F8461111B9D430FFF78D
:10EA700012BF70478B6963B11A792C2A09D11B68C0
:10EA8000D0F848215A608B6901221A718B69C0F84D
:10EA900048310B7A072B0BD14B6A4BB11B68D0F86E
:10EAA00048215A604B6A01221A714B6AC0F84831FA
:10EAB000CB692BB1D0F84C211A60CB69C0F84C312E
:10EAC000704738B50446002500F0B6FA2046C4E980
:10EAD0003A5584F8F45000F013FFC4F81851182286
:10EAE0002946C4E93E55A4F8045184F80651A4F817
:10EAF0000851C4F81B51A4F8385104F5907002F085
:10EB0000ACFDEAF77FFF94F88E3084F84651C4E9F3
:10EB10004C01C4E9525523F0180384F88E30658601
:10EB200038BD10B5044600F0F6FE2046BDE81040A2
:10EB300000F089BA10B5044611B1012907D010BD03
:10EB400000F0F1FE2046BDE8104000F082BA00F06F
:10EB5000EEFE2046BDE8104000F07EBA70B590F998
:10EB60003930002B04460E46154601DB0C2070BDE3
:10EB70000320EFF715F801460028F7D080F8206051
:10EB800080F82150204600F09BF90020EFE710B5F7
:10EB900004460120EFF704F8014620B1204600F0BA
:10EBA0008FF9002010BD0C20FCE738B50446022088
:10EBB0000D46EEF7F5FF014650B190F8203065F3B1
:10EBC000000380F82030204600F07AF9002038BD9C
:10EBD0000C20FCE710B504460420EEF7E1FF0146E7
:10EBE00020B1204600F06CF9002010BD0C20FCE79D
:10EBF000F8B5054607200F4616461C46EEF7D0FF2F
:10EC00000146A0B1E30003F0380307F00707B6019F
:10EC10009DF818203B4306F04006334343EAC213F5
:10EC200080F82030284600F04BF90020F8BD0C2079
:10EC3000FCE738B504460D4600F011FA204600F016
:10EC40007AFE0A20EEF7ACFF014630B180F8205082
:10EC5000204600F035F9002038BD0C20FCE708B54F
:10EC600090F93930002B08DB00F05AF920B1037A13
:10EC70000B2B0CBF2230002008BD00F0FAFDF5E799
:10EC8000F8B5D0F830319B0604460E4617460DD530
:10EC90000C20EEF785FF054650B1314620463A4636
:10ECA000FFF7C3FB2946204600F00AF90020F8BD13
:10ECB0000C20FCE770B506460C4600F0DAFD054670
:10ECC00008B90C2070BD037A053B012BF9D8014629
:10ECD0003046FFF75BFC0028F3D0234605F12B02FA
:10ECE00004F1100153F8040B42F8040B8B42F9D1E4
:10ECF00030462946FFF742FC0020E3E738B50546D9
:10ED000000F0B7FD044608B90C2038BD037A053B76
:10ED1000012BF9D801462846FFF738FC0028F3D02C
:10ED200028462146FFF72EFC0020EEE708B500F04C
:10ED3000A0FD20B1007AA0F10C035842584108BD53
:10ED400010B5044600F095FD014638B1037A092B51
:10ED500004D12046BDE8104000F06DBD10BD38B5AF
:10ED60000D46044600F085FD014648B1037A092BA3
:10ED700006D180F820502046BDE8384000F05FBD45
:10ED800038BD08B500F075FD20B1007AA0F1090387
:10ED90005842584108BD38B50C46054600F0C0F849
:10EDA000014630B14369A34203D12246284600F010
:10EDB00018F9284600F05DFD014640B14369A342C1
:10EDC00005D122462846BDE8384000F076BD38BD62
:10EDD00010B5044600F0A4F8014610B1204600F03A
:10EDE0001DF9204600F045FD014620B12046BDE852
:10EDF000104000F077BD10BD70B506460C4600F01F
:10EE0000ADF820B101230025A372284670BD21462C
:10EE10003046EEF769FE05460028F3D0214630461D
:10EE2000EFF786F86369002B0CBF03230223EBE79F
:10EE3000131D0522EFF7F0BB02F11C030122EFF7CF
:10EE4000EBBB13460022EFF7E7BB02F11C030222E3
:10EE5000EFF7F2BA131D0122EFF7EEBA13460022C4
:10EE6000EFF7EABA70B5044601F001F9064620B1A1
:10EE7000D4F8E850CDB9284670BD01210320F3F73E
:10EE800031FE3246054601210320E9F711FF281E15
:10EE9000D4F8E85018BF012045B90028EBD0012272
:10EEA00011460320E9F704FFE5E70020D4F8EC2041
:10EEB0002B68C4F8E830AA4208BFC4F8EC30ECE78D
:10EEC000F8B505460C4601F0D2F8064638B10023E5
:10EED0002360D5F8EC30DBB9C5E93A44F8BD01212F
:10EEE0000320F3F7FFFD3246074601210320E9F72F
:10EEF000DFFE2660D5F8EC3073B9C5E93A44002F3F
:10EF0000ECD00122BDE8F84011460320E9F7D0BE5D
:10EF10001C60C5F8EC40E1E71C60C5F8EC40EEE78A
:10EF200070B5044601F0A3F8054618B1D4F8E840DE
:10EF3000204670BD01210320F3F7D4FD2A46064682
:10EF400001210320E9F7B4FED4F8E840002EEFD009
:10EF5000012211460320E9F7ABFEE9E790F8F4003F
:10EF6000431E584258417047012380F8F4307047DF
:10EF7000002380F8F4307047B0F80831A0F8F23080
:10EF80007047A0F8F21070470023A0F8F2307047E5
:10EF900038B50546FFF766FF044600B938BD21467F
:10EFA0002846FFF767FD2046EEF780FD2846F1E78B
:10EFB000012910B504460AD003290ED061B9FFF724
:10EFC000AFFF48B12046BDE81040EFF711BCEFF7A6
:10EFD0004DFC002384F8F03010BDFFF7D9FF022369
:10EFE000F8E738B50B7A033B05460C46092B09D8E0
:10EFF000DFE803F0050808081008080508052146A1
:10F00000FFF716FF0023636121462846BDE838401C
:10F01000EFF7B2BB2146FFF707FCF3E738B50B7AF1
:10F02000072B05460C4601D1FFF702FC2146284676
:10F03000BDE83840EFF7A0BB022380F8F030002392
:10F04000A0F8F23070470021EFF730BC0121EFF754
:10F050002DBC0221EFF72ABC0321EFF727BC38B5FE
:10F0600004460025FFF794FFA4F8F25029462046F5
:10F0700000F0F3FB84F8F05038BD70B50C88A4F1B3
:10F080001B039BB2E02B1BD88D88A5F11B039BB201
:10F09000E02B15D84A88A2F5A4739BB244F2481617
:10F0A000B3420DD8C988A1F5A4739BB2B3429FBFE8
:10F0B000A0F86050A0F86240A0F86410A0F86620A4
:10F0C00070BDC0F3072310705370000CC1F3072309
:10F0D0001171090C90709171000A090AD070537176
:10F0E000D1717047037843F0030303700123437029
:10F0F0001223C3707047037843F0030303700123A6
:10F1000043701323C37070470B7843F003030B70F5
:10F1100002234B700723CB7090F84C300B71704773
:10F120000B7980F84C3070470B7843F003030B7079
:10F1300002234B700723CB7090F84C300B71704753
:10F1400010B50B7843F003030B7009234B700823B1
:10F15000CB7090F93930002BACBF08230E230C463E
:10F16000CB70EAF74FFC221DBDE81040FFF7A9BFA6
:10F1700038B50C460546EAF745FC237843F003030F
:10F18000237009236370E370D5F8303163F0FF0317
:10F19000221D1840BDE83840FFF793BF0B7843F0BD
:10F1A00003030B7009234B70CB700A1DD0E94A0191
:10F1B000FFF787BF2DE9F34105460846043069464D
:10F1C000EFF7FCFBDDE900767B0F83EA177303F0B2
:10F1D00001034FF04052A3FB023287EA030486EAA0
:10F1E0000208EAF70FFC04EA000308EA0101C5E996
:10F1F0004C3163F0FF033B40C5E94A36012385F8F3
:10F20000203102B0BDE8F0812DE9F3410546084602
:10F2100004306946EFF7D2FBDDE90067730F83EA3C
:10F22000167303F001034FF04052A3FB023286EA4B
:10F23000030487EA0208EAF7E5FB0123044008EA31
:10F240000101C5E94C41C5E94A6785F8203102B0A2
:10F25000BDE8F0810B7843F003030B7003234B7080
:10F260001923CB7090F820300B7190F821304B713E
:10F2700070470B7843F003030B7002234B70CB7085
:10F2800090F820300B7170470B7980F82030704770
:10F29000037843F003030370062343700C23C37009
:10F2A0000D2303716FF00E034371052383714FF03B
:10F2B000FF33C371037270470B7843F003030B7085
:10F2C00006234B700C23CB7090F81A310B71B0F8F9
:10F2D0001B31A1F80530B0F81D31A1F80730704797
:10F2E000012380F819310B7980F81A31B1F8053013
:10F2F000A0F81B31B1F80730A0F81D3170470B782A
:10F3000043F003030B7017234B700323CB70D0F82B
:10F3100021304B60D0F825308B6090F829300B738A
:10F3200090F82A304B73704710B5037843F003030D
:10F3300003700D2343700423C370C41800F097FEBC
:10F340000C2120B12046BDE81040F1F745BD204614
:10F35000BDE81040F1F734BD037843F003030370B8
:10F36000012343700523C3707047037843F0030300
:10F370000370012343700623C3707047037843F082
:10F3800003030370012343700B23C370704703789A
:10F39000017143F003030370022343700D23C37014
:10F3A00070470378017143F0030303700323437034
:10F3B0001123C370427170470B7980F84D304B793F
:10F3C00080F84E3070470B7843F003030B70032333
:10F3D0004B701623CB7090F82030C3F3C2034B71EF
:10F3E00090F82030C3F302030B7170470A7990F84C
:10F3F000203062F3C50380F820304A7962F30203BB
:10F4000080F8203070470B7843F003030B70032320
:10F410004B701723CB7090F89431C3F3C2034B7138
:10F4200090F89431C3F302030B717047CB88438586
:10F430000B7980F82C304B7980F82D3070470B78A1
:10F4400043F003030B7018234B700F23CB70C38C56
:10F450008B80038DCB80438D0B81838D4B8190F806
:10F4600034300B73C38EA1F80D30038FA1F80F3029
:10F47000438FA1F81130838FA1F81330C38FA1F807
:10F480001530B0F84030A1F81730B0F84230A1F88C
:10F49000193070470B7843F003030B7018234B703F
:10F4A0001023CB70C38C8B80038DCB80438D0B815D
:10F4B000838D4B8190F834300B73C38EA1F80D30DF
:10F4C000038FA1F80F30438FA1F81130838FA1F87B
:10F4D0001330C38FA1F81530B0F84030A1F81730C1
:10F4E000B0F84230A1F8193070478B88C384CB88BC
:10F4F00003850B8943854B8983850B7B80F83430EA
:10F50000B1F80D30C386B1F80F300387B1F8113070
:10F510004387B1F813308387B1F81530C387B1F84A
:10F520001730A0F84030B1F81930A0F842307047D9
:10F530000B7843F003030B700C234B700023CB704C
:10F5400090F823300B71036B40F2E242B3FBF2F30D
:10F55000A1F80530438DA1F80930038DA1F80730DB
:10F56000838DA1F80B30838CA1F80D3070470B7997
:10F5700080F82330B1F8053040F2E2425343036390
:10F58000B1F809304385B1F807300385B1F80B3085
:10F590008385B1F80D3083847047B1F80930038456
:10F5A0004B68C0F822300B7A80F8263070470B7811
:10F5B00043F003030B7009234B701423CB70B0F896
:10F5C0005A308B80B0F858300B81B0F85E30CB8069
:10F5D000B0F85C304B8170470B7843F003030B703D
:10F5E00009234B701523CB70B0F85A308B80B0F8DC
:10F5F00058300B81B0F85E30CB80B0F85C304B8176
:10F6000070470B7843F003030B7009234B701523ED
:10F61000CB70B0F86A308B80B0F868300B81B0F8EE
:10F620006E30CB80B0F86C304B8170470431FFF7FF
:10F6300024BD0431FFF721BD70B506460C4600F02D
:10F640001BF9054610B10823A37270BD2146304650
:10F65000EEF74AFA0028F6D0102221463046EFF79E
:10F660003FFAE5720A23EFE710B5048DA31F9BB2A2
:10F6700040F67A42934214D8438DB3F5FA7F10D204
:10F68000818DA1F10A0292B240F67640824208D8FA
:10F6900001339BB26343B3EB810F34BF01200020E1
:10F6A00010BD0020FCE738B505460C4600F0E4F834
:10F6B00010B10923A37238BD21462846EEF714FA8B
:10F6C0000028F6D021462846EEF716FAE061FFF74B
:10F6D000AAF908B90C23EDE721462846BDE83840D1
:10F6E000EFF75EBA38B505460C4600F0C5F810B124
:10F6F0000623A37238BD21462846EEF7F5F9002807
:10F70000F6D0214628461122EFF7EAF9214628468D
:10F71000BDE83840EFF70ABB7FB5438D0A8D4C8DAD
:10F720008D8D93421AD1838DA34217D1B0F88C31BD
:10F730005B1B18BF012381F822308B8C0E7ACDE938
:10F740000024CDE90253A6F108040B6B91F82320A5
:10F7500061426141E1F7B8FC04B070BD0123EAE702
:10F7600070B50C460546FEF7A3FDA38CC01A030432
:10F7700025D421462846FFF7CFFF237A092B0CD04A
:10F7800094F822609EB92046EEF7E4F9A66121467E
:10F790002846BDE87040EFF7C9BA284600F077F870
:10F7A000237A092BECD194F82030002BE8D00023E9
:10F7B00084F8203021462846EFF70CF9E7E770BDC2
:10F7C00030B402F11C03D27F102A04460D460FD03C
:10F7D0000AD88AB1072A11D0242384F85031294647
:10F7E000204630BCEFF75EB9112AF5D1032200E0C4
:10F7F000012230BCEFF7FEBB0222FAE70422F8E751
:10F8000013460022EFF7F6BB10B402F11C03D27FBF
:10F810002AB10F2A05D1012210BCEFF7DDBA02226E
:10F82000FAE7242310BC80F85031EFF77FBA134673
:10F830000022EFF7D1BA00230322EFF7CDBA00235D
:10F840000422EFF7C9BA0346006828B15968026874
:10F850001A60884208BF5A60704780F806117047E6
:10F8600070470020704790F80501003818BF01204C
:10F870007047D0F8F800704790F80401431E5842D2
:10F8800058417047B0F80831A0F8023170470023A2
:10F89000A0F80231704770B5054600F1F806304611
:10F8A000FFF7D1FF044600B970BD28462146FFF797
:10F8B000E1F82046EEF7FAF8F1E738B50B7A072BB6
:10F8C00005460C460BD00C2B01D1FFF7C3FA0023E1
:10F8D000636121462846BDE83840EFF797BDFEF743
:10F8E000C7FFF4E738B50B7A072B05460C4601D164
:10F8F000FEF7C2FF21462846BDE83840EFF786BD37
:10F90000042380F800310023A0F8023170470A4632
:10F910000021EFF733BE00220121EFF72FBE0022B6
:10F920000221EFF72BBE00220321EFF727BE0022B2
:10F930000421EFF723BE10B50446FFF7ACFF002308
:10F94000A4F8023184F8053184F8003110BD38B5CF
:10F950000D461446FEF73EFB48B11DB1BDE83840E8
:10F96000FFF7CCB92146BDE83840FFF7A3B9022024
:10F9700038BD38B50C461546FEF72CFB48B190F95A
:10F980003930002B07DA2A462146BDE83840FFF718
:10F99000E5B8022038BD0C20FCE730B5031D441E3D
:10F9A000002014F8015F072215F0010F02D059B1B1
:10F9B0000139C9B2013AD2B20130FF2AC0B24FEACE
:10F9C0005505F1D19C42ECD130BD30B40446184607
:10F9D00023789DF8085002FB0111CA182523B2FBB9
:10F9E000F3F103FB1122D1B2CB082170C35C02F00A
:10F9F00007021341DB0707D4B1FBF5F305FB131135
:10FA0000C9B230BCFFF7C9BF084630BC7047428856
:10FA10000088504070470820704710B50020FEF75E
:10FA2000C8F9044618B9F0F733F8204610BD0C2089
:10FA3000FCE70820704708B50020FEF7B3F910B9BD
:10FA4000F0F744F808BD0C20FCE7F1F7B9B908B5A8
:10FA5000002300F014FB002008BD0020E9F7F4BEED
:10FA60000020E9F79FB910B504462046EAF7C8FC24
:10FA700010B1037F9B07F8D110BDF2F7EFBC6846C9
:10FA800020F007018D4601B5F2F70EFCE3F706F80A
:10FA9000BDE801408546704708B5F1F7C1FB002875
:10FAA00009DB0120E3F7F0F90B20E3F7EDF918206B
:10FAB000E3F7EAF9002008BDF1F78EB9002070479E
:10FAC000002070476FF08B007047D0E90132002AA8
:10FAD00004DAC068984238BF184670479A4238BF67
:10FAE0001A461046704710B51446FEF70BF821462B
:10FAF000FEF70AF8034610F4000004D10333092B83
:10FB000088BF184610BD0020FCE700F087BA00F05F
:10FB10008CBA08B5F2F7A2FCBDE80840F2F732BE95
:10FB200008B5F2F79BFCF2F72DFEBDE80840F2F7AE
:10FB3000BFBD08B5F2F792FCF2F724FEF2F7F2FD32
:10FB4000F2F772FFBDE80840F2F7B2BD10B5044607
:10FB5000FFF7EFFF2046BDE81040F1F715BA01F1BD
:10FB60001000F6F707BBFA20704710B50446FFF700
:10FB7000E0FFF2F7CDFD2046BDE81040F1F704BAF2
:10FB800010B50446084611461278B4EBD21F07D1CF
:10FB90000622083101F01AFCB0FA80F0400910BDCD
:10FBA0000020FCE7F1F792BCF1F790BC034600207F
:10FBB000187058709860704710B5047843789C426C
:10FBC000E2B20DD10133DBB2022B00D1002300EBF6
:10FBD00083040B70606810B9F1F7A0FC606010BD81
:10FBE00042700478A242F2D04370EBE710B50446AD
:10FBF000FFF79FFF237A03F07102012A02BFC3F3CC
:10FC0000420262F306132372237A13F0700F0ED0B0
:10FC100063681BB193F820309B0708D42046F1F7A6
:10FC20000FFDF2F703FCBDE81040F2F789BEF2F7D2
:10FC30006FFD2046BDE81040F1F7A6B970B5C36866
:10FC400004461E68FDF75EFF05463046FFF73DFFA0
:10FC500000232D1A2560636023812046BDE8704093
:10FC6000E1F7DEBD2DE9F8431F46437A9DF8209069
:10FC7000DDF824801646DA0705460C4608D5B9F1AA
:10FC8000000F0DD198F80000F0F7DCFC40B913E04C
:10FC900011F8020B4246C0F38010F0F7FDFC40B1B2
:10FCA000224639463046FFF76BFF00F00100BDE801
:10FCB000F8836B7ADB07E2D40020F6E72DE9F04702
:10FCC000099F9DF828800B9E05460C4691469A4652
:10FCD00067B38846324618F8020B4146C0F38010DD
:10FCE000F0F7DAFC70B1224651464846FFF748FF6C
:10FCF00040B13378FF2B07D0AA7AFF2A04D09B1A91
:10FD000058425841BDE8F08723789DF82020C3F37E
:10FD10008013934208D106224146384601F056FB33
:10FD2000B0FA80F04009EDE70020EBE7437A03F0FA
:10FD30000303012B07D9B8F1000F0CD13078F0F78D
:10FD400081FC40B914E011F8020B3246C0F3801078
:10FD5000F0F7A2FC38B1224651464846FFF710FFA3
:10FD600000F00100CEE76B7A03F00303012BE2D829
:10FD70000020F5E708B5F2F7C3FB0378012262F330
:10FD800001030370002008BD002070477047F8B5DC
:10FD90000F4690F85A10B0F84C5001F00704064690
:10FDA000C1F3C0012046F2F7C5FA96F87230A200FE
:10FDB000DB0642F00102E9B20DD50431C9B20820D8
:10FDC000F2F7FEFA394606F1940000F03BF9BDE87F
:10FDD000F840F2F725BB0820F2F7F2FA3846F6E7CA
:10FDE0002DE9F743054601AA8846D0E91701FDF73A
:10FDF00067FB95F872305A0781460BD4E8B943F097
:10FE0000040385F87230F2F77BFB044623786FF326
:10FE100004130CE043F0040385F87230F2F770FB32
:10FE20000446B9F1000FF1D0037843F010032370BA
:10FE3000C8F8004003B0BDE8F083019E95F87170EA
:10FE400095F870300436F41913B9637885F870307A
:10FE500027B1F35D012262F30103F35595F8703089
:10FE600095F871209B1A63702846FEF7F8F96378BD
:10FE700083420AD960700122F35D03F00F0343EA65
:10FE80000213F3550023A370D2E7D9F800202B6E9C
:10FE90009A42F0D10022EFE7C0F307230870000C6C
:10FEA0008870000A4B70C870704710B54FF08053CF
:10FEB0000446D3F8A420013206D1D3F8A8304FF677
:10FEC000FF729BB2934244D04FF08052D2F8A00010
:10FED00010F0010036D02146D2F8A400FFF7DCFF75
:10FEE000D2F8A8302371C3F3072363F03F03637193
:10FEF000D2F89010013104F1060324D0D2F8941006
:10FF0000013120D0D2F8981001311CD0D2F89C10C9
:10FF1000013118D01946D2F89000FFF7BDFFD2F892
:10FF2000940004F10A01FFF7B7FFD2F8980004F13A
:10FF30000E01FFF7B1FFD2F89C0004F11201FFF7A8
:10FF4000ABFF012010BD10220021184601F085FBF7
:10FF5000F7E70020F6E710B510220C46002101F06B
:10FF60007CFB4FF08052D2F88030013323D0D2F89E
:10FF7000843001331FD0D2F8883001331BD0D2F83F
:10FF80008C30013317D02146D2F88000FFF784FF70
:10FF9000211DD2F88400FFF77FFF04F10801D2F899
:10FFA0008800FFF779FF04F10C01D2F88C00BDE85E
:10FFB0001040FFF771BF20461022BDE8104000211D
:10FFC00001F04BBBEFF31180202383F31288BFF3C2
:10FFD0006F8FF9F7E0BF4FF080434FF0FF32002101
:10FFE000C3F8002EC3F8042EC3F8081EC3F80C2E65
:10FFF000C3F8101EC3F8142EC3F8182EC3F81C2E15
:020000022000DC
:10000000C3F8202EC3F8242EC3F8282EC3F82C2EB4
:10001000C3F8302EC3F8342E7047704702280CBF47
:100020002820292070470120704729207047022886
:100030000CBF05200A207047F2F72CBB13460122A3
:10004000F2F79CB80A460121F2F7EAB888420AD0D2
:10005000012804D1022914BF002001207047022882
:1000600003D10129F7E7012070470020704708B548
:1000700000F094FF08BD01460020F2F777B870B594
:100080008CB00E4615460146102268461C46FDF708
:10009000E8F910220DEB02003146FDF7E2F968465F
:1000A000F2F7FAFD25B1102208A92846FDF7D9F983
:1000B0005CB1234608AD0CAC2A4603CAA2421860C4
:1000C0005960154603F10803F6D10CB070BD7047B6
:1000D000002303824369C3607047416A8968F2F76D
:1000E00045BEF6F715B8EFF31182202383F312888B
:1000F000BFF36F8F00230B60436833B9C0E9001171
:1001000082F31188BFF36F8F704719604160F7E782
:1001100010B50346EFF31181202282F31288BFF35A
:100120006F8F006828B15C6802681A60A04208BF3F
:100130005A6081F31188BFF36F8F10BD00F0FCBDD2
:10014000027A013202727047034618465B68002B40
:10015000FBD17047426810B52AB10B461C465B685C
:10016000002BFBD16260416010BD10B5044620B980
:100170000B7A01330B72084610BD034618465B68C4
:10018000002BFBD1FFF7E6FF2046F5E710B508B1DD
:100190004B6843604C68002308464B60F2F772FEE0
:1001A000204610BD83680B440360704703680B60F2
:1001B00043684B6083688B6070478388026819448A
:1001C0008180D018704730B484880568A318838074
:1001D000281930BC01F033BA10B5838802685C1C62
:1001E0008480D154D01810BD034600689A88401A04
:1001F00011441860998070478288521A03468280A1
:100200000068084418607047034600689A88521ACC
:1002100001449A801960704710B503681C88022158
:10022000FFF7EAFF204610BD02688068101A704789
:100230008388C2888168D21A03685B1AD01A704713
:100240000369C9B20C2201FB0233186C00F00700ED
:10025000704770B5C9B20369EFF31185202484F3A8
:100260001288BFF36F8F0C2606FB0134246C14F048
:10027000C00408D0A24206D085F31188BFF36F8F67
:100280004FF0FF3070BD06FB013301221A6485F385
:100290001188BFF36F8F436803EBC1035B68984716
:1002A0000020EFE78022FFF7D4BFF8B5069F04696E
:1002B000C9B2EFF31186202585F31288BFF36F8F43
:1002C0000C2505FB0144256C05F0070CBCF1010F62
:1002D0000CD1276486F31188BFF36F8FC4E90E2316
:1002E000436853F8313098470020F8BD05F0C00549
:1002F000AF4286F31188BFF36F8F0CBF6FF07700AA
:100300004FF0FF30F1E713B580240094FFF7CDFFE5
:1003100002B010BD10B40069CBB21C2403FB040072
:10032000002110BC10470020F4F70CBB1046F5F775
:1003300021BF08B5F3F722F8BDE80840002000F01F
:10034000EDB9F2F76BBF0020704738B50C46154683
:10035000E3F76CFB28B129462046BDE83840E3F7B7
:1003600013BD6FF00A0038BD70B5044600F05EFAA8
:10037000237B05460BB1F0F763FA00266068F4F7BB
:10038000A5FFA3685B1BA36063682B446360237BAA
:1003900001363BB9A368002BF0D1A068003818BF24
:1003A000012070BD3046E1F717FA0028F2D0F4E7DB
:1003B00038B505460C4600F033FA002D07DBA8429D
:1003C00005D9401B84428CBF0020012038BD00208D
:1003D000FCE770B50D462846194616461C46FFF741
:1003E000E7FF38B124B122462946304601F027F90B
:1003F000002070BD6FF01500FBE743685B68D3F821
:1004000010350B600020704743685B6802EA01000A
:1004100021EA0201C3F80805C3F80C150020704753
:1004200043685B680020C3F80815704743685B6841
:100430000020C3F80C15704743685A68D2F8043599
:1004400021EA03000B40C2F80805C2F80C35002071
:10045000704710B503695868F8B1884219D19C6893
:1004600008685860A14200D19860002008602AB155
:100470005A680A609A68596002B99960002010E0D1
:10048000814206D10868206098688142EDD19C6065
:10049000EBE7044600680028F2D1002AE8D16FF0AB
:1004A000150010BDCA07436805D4C1F342010129F4
:1004B00004D0022909D06FF0150070471B684FF077
:1004C000CC72C3F82425002070471B684FF0C86227
:1004D000F7E7002201210320E2F7F8BC13B5002161
:1004E00001AA044600F00AF8002805DB019B2268F7
:1004F00019791868F3F764FC02B010BD30B5436891
:100500001360057A446804EBC504A34202D36FF07C
:10051000010030BD5C798C4201D00833F0E7002047
:10052000F7E72DE9F341BDF820C0456804690329C8
:100530000CF0010C5CD8AE7F012E08BF5B084FF0B9
:10054000010608BF52088E40002B54D09A4255D95C
:100550002768BA4211D02779B74349D19646BEF5EC
:10056000004F40D2226067712A6895F81E80C2F859
:100570000C75C2F80485C2F808E5627923FA02F224
:1005800092B2012740688CF0010E806A42EACE32B6
:1005900020F81120F6B2002F3ED12A6801F5AC7187
:1005A00052F82120002A0FDBBCF1000F49D0B3FA2A
:1005B00083F35B0933BB01A80192F3F7ADFC019A09
:1005C00001239340C0F80C35217921EA06012171FD
:1005D00031B3A3796BBB0023012205F12801284622
:1005E000F4F766FF21E00137082F4FEA5E0EB6D11F
:1005F0006FF015001AE01F461A46C3E7002747F6BA
:10060000FF72BFE701A80192F3F786FC019A01236C
:100610009340C0F80835D7E7237933432371D8E7EF
:100620002846F4F783FF0123A371002002B0BDE840
:10063000F0810023A371284600F05FF90028FAD06A
:10064000C9E7003B18BF0123B4E700F150039B004A
:100650009BB203F1804303F5883300221A601B68C4
:100660007047004700F0D6B9F7B5044618B1012825
:1006700024D003B0F0BD4FF080430222C3F808231A
:100680000122DA60C3F80401D3F8043106460123DD
:100690008DF8073042F210754FF08047DCB1012C25
:1006A000E7D1D7F80C3403F480338EBB002BE0D0B5
:1006B0000120FFF7D7FF013DF3D1DAE74FF0804388
:1006C0000022C3F808035860C3F80021D3F80031B2
:1006D0000DF10706DBE7D7F8183403F480333EB991
:1006E000002BC6D00120FFF7BDFF013DF3D1C0E7CD
:1006F000D7F8182402F003023260002BB9D09DF81D
:1007000007000128B5D1FFF7ADFF013DC6D1B0E725
:10071000D7F80C2402F001023270EEE7FFF7A4BF15
:10072000F7B5019001A8DDE9084716461D46F4F724
:10073000D1F9019BB6F1000C18BF4FF0010C00EB92
:1007400083000B1E18BF0123002D43EA4C0314BF86
:100750004FF00C0C4FF0000C002C43EA0C0314BFBC
:100760004FF4E06C4FF0000C002F43EA0C03D0F87C
:10077000002714BF4FF4403C4FF0000C43EA0C0339
:1007800022EA030301B109780EB1367876001943E5
:100790000DB12D78AD0031430CB1247824022943EA
:1007A0000FB13F783F040C433C43C0F8004703B00F
:1007B000F0BD1FB50DF10F03019300238DF80F104D
:1007C00000931A461946FFF7ABFF05B05DF804FB2E
:1007D00038B5054608460C46F4F7CEF9B0B10846E0
:1007E000F4F7BEF990B90846F4F7AEF92A68012388
:1007F0008340C2F808332A6803B202EB8303D3F8BC
:10080000102522F00302C3F8102538BD2046002130
:10081000BDE83840FFF7CDBFF4F734BAFFF7D8BFD3
:100820004FF080531A695869504370474FF0805316
:10083000186970474FF080535869704730B50224EB
:100840000C72CA6004680125C4F80055096879B1C2
:1008500012F0040F0CBF82219221150748BF41F00E
:100860002001D406046848BF21F08001C4F80013B9
:100870009B000168083312F0800006BF0122CA50B5
:10088000C81830BD30B5A2F58075AD080124AC4064
:100890000C4207D0815829B10021815082581A6832
:1008A00022431A6030BD13B500230C4601934FF468
:1008B000887201ABFFF7E6FF21464FF48A72FFF71B
:1008C000E1FF21464FF48E72FFF7DCFF21464FF423
:1008D0008272FFF7D7FF21464FF48472FFF7D2FFF1
:1008E00021464FF48672FFF7CDFF4FF48C722146FC
:1008F000FFF7C8FF019802B010BDF4F725BD91F8CD
:1009000020200346032A29D8DFE802F02125190216
:100910008A68500304D5D3F84C250869904207D162
:100920008A6852031AD4D3F84C258969914215D0AC
:1009300000200622C3F80005C3F800257047D3F84D
:100940004C2508699042F3D1D3F83C25EDE7D3F864
:100950004C250969EAE7D3F83C25FAE701207047FE
:1009600038B5857B04465DB9006806230322294615
:10097000F4F7FEFD6068062303222946F4F7F8FD2C
:10098000012038BD30B5A2F58075AD080124AC401A
:100990000C4207D0815829B10021815082581A6831
:1009A00022431A6030BD13B500230C4601934FF467
:1009B000A47201ABFFF7E6FF21464FF48272FFF706
:1009C000E1FF21464FF49272FFF7DCFF21464FF41E
:1009D000A872FFF7D7FF21464FF4A672FFF7D2FFA8
:1009E00021464FF4B072FFF7CDFF4FF4AE722146AF
:1009F000FFF7C8FF019802B010BD07B5019001A82C
:100A0000F5F7CAF8019A01239340C0F8083503B0FE
:100A10005DF804FB08B1E2F727BB7047704740B1AF
:100A2000C368587810F001001EBF1878B0FA80F043
:100A300040097047EFF31183202383F31288BFF33B
:100A40006F8FFEE708B5FFF7F5FF10B5D0E900346A
:100A500033B90020E268537843F00103537010BDAE
:100A6000204698470028F4D00028B8BF4042E368E9
:100A7000FF28A8BFFF201870ECE700F0EEBD00F0E3
:100A8000DEBD704710B400F10C04C0E9034410BC93
:100A9000F7F7B5BF2DE9F04F89B0DDE912670546DC
:100AA0003B46914606A83246059100F0C7FBDDE9BA
:100AB000063405F1140ACDE90234EFF311844FF046
:100AC000200888F31288BFF36F8F05F10C0B05998E
:100AD0004A462846F7F72BFF30B184F31188BFF35D
:100AE0006F8F09B0BDE8F08F3E43F6D0DDE90223F9
:100AF00006A800F0C7FBDDE906675A46CDE90067A6
:100B000021465046F5F72CFFEFF3118488F3128845
:100B1000BFF36F8FDBE738B50446EFF31185202371
:100B200083F31288BFF36F8FF7F7C9FE04F10C004F
:100B300000F011FB30B1294604F11400BDE8384043
:100B4000F5F77EBF85F31188BFF36F8F38BD41691C
:100B5000836843EA010212F003020FD1C260026906
:100B6000013A01FB023382689A4201D900207047A2
:100B7000C2681A604269C3609B1AF4E76FF01500FF
:100B80007047F8B504460D46EFF31186202383F332
:100B90001288BFF36F8FC7686FB900F0B9FA50B110
:100BA0000767456100F03FFA314604F10800BDE8EF
:100BB000F840F5F745BFE3682B60A369E560013BAA
:100BC000A36186F31188BFF36F8FF8BD08B52024A9
:100BD000EFF3118384F31288BFF36F8FF9F7CEF927
:100BE000F6E790F90E308B4201D0F5F7E5BE002014
:100BF000704703460020C3E90200C3E90033704791
:100C00002DE9F843994604469DF820300D4690465C
:100C100000F10806EFF31187202282F31288BFF358
:100C20006F8F03B14568304600F072FA58B1002367
:100C30000367C0F8148000F0F6F930463946F5F73E
:100C4000FFFE00200CE0B9F1000F1BD00821F6F7E1
:100C5000E1FA38B987F31188BFF36F8F6FF00B009B
:100C6000BDE8F8830122C0F804800260016801F049
:100C700003015DB922680A430260626820606AB9B4
:100C800060600BE0C8F800904046EFE72A68032A4E
:100C900010D80160616839B9C4E90000042104F189
:100CA000100000F072FBC8E70A6802F0030202437A
:100CB0000A60E5E722F003020A4302602A6802F0B4
:100CC000030240EA02032B60E8E710B5044630B1A6
:100CD0000268930703D0446809B100F070FB204616
:100CE00010BD0023C0E9003300F10803C0E902335E
:100CF00000F11003C0E90433704770B5044600F1F9
:100D00000805EFF31186202383F31288BFF36F8F5A
:100D1000284600F0FDF920B100220267426100F090
:100D200082F904F11000082100F02FFB314628461B
:100D3000BDE87040F5F784BE07B50123009300239A
:100D40000A461946FFF75CFF03B05DF804FB07B5E0
:100D500000230A4600931946FFF752FF03B05DF8DF
:100D600004FB00680021FFF7B0BF5AB18A4209D3E3
:100D700000F11003C0E90212C0E90000C0E9043329
:100D8000002070476FF015007047026801238B4008
:100D900022EA0303036022FA01F000F00100704729
:100DA000704710B5032104460C30FFF7EEFF30B159
:100DB00004F1100000F027FAB0FA80F0400910BDED
:100DC00020B100221146803000F0FBB9704770B5A9
:100DD000C368C3F340069B07044612D4856802210A
:100DE0000C30FFF7D2FF60B1AA6F52B1944218D114
:100DF000226886B9EB6FAA679C4200D1EA6700239C
:100E00002360E36813F01F001EBF43F00203E3609A
:100E100040F0020070BD3260EA6F944208BFEE6796
:100E2000EDE716461268E0E773B50446EFF3118567
:100E3000202383F31288BFF36F8F0023A0F11006E5
:100E4000032104380193FFF7A0FF28B1A3690193A0
:100E500001A93046F5F7D0FA85F31188BFF36F8FFB
:100E600002B070BD38B504460D461022002100F0D6
:100E7000F4FB656038BD13B501900846EFF31184AB
:100E8000202383F31288BFF36F8F01A9F5F7B4FA1B
:100E900084F31188BFF36F8F02B010BD10B5FFF758
:100EA000EAFF041E08DDEFF31180202383F312888C
:100EB000BFF36F8FF5F7F4FD204610BD70B50D46FA
:100EC000EFF31186202383F31288BFF36F8FF5F7BA
:100ED000EBFA044686F31188BFF36F8F38B14FF0F9
:100EE000FF324FF0FF3305F11000F5F767F92046A8
:100EF00070BD08B59822002100F0AFFB08BD38B5E1
:100F0000302204460D46002100F0A7FB4FF4807309
:100F10006560E36038BD38B50446EFF311852023E2
:100F200083F31288BFF36F8FFFF73BFF2046FFF775
:100F30004EFF85F31188BFF36F8F38BDF8B50446B7
:100F40000D46EFF31186202383F31288BFF36F8FD2
:100F5000C36803F01F03002B14BF0127002705D12E
:100F600086F31188BFF36F8F3846F8BDFFF719FF7E
:100F70002046FFF72CFF29462046F5F71FFA86F397
:100F80001188BFF36F8F0028EED04FF0FF324FF083
:100F9000FF3305F10800F5F711F9E5E7EFF30580F8
:100FA000003818BF012070476FF057007047F5F701
:100FB00059BDD0E9003213605A600023C0E9003304
:100FC000704708B5FFF7F5FF437B23F00203437337
:100FD0000023836008BD38B504460D46F5F7CEFB07
:100FE000637B43F002036373E5B1A5602B689D4208
:100FF00009D16B68C4E900531C606C6012E06A6838
:101000009A42F6D01B68002BF3D094F90E2093F986
:101010000E108A42F3D09142F1DD5A68C4E90032E1
:1010200014605C6038BD10B5EFF31184202383F3A6
:101030001288BFF36F8FF5F7B9FB84F31188BFF304
:101040006F8F10BD10B50446183000F0DCF8EFF3D8
:101050001181202383F31288BFF36F8F627B12F01C
:10106000100204D081F31188BFF36F8F10BD2046AA
:10107000BDE81040F5F7CEBB08B5EFF31181202293
:1010800082F31288BFF36F8F83680BB1FFF799FF6C
:1010900081F31188BFF36F8F08BD38B50446EFF3B5
:1010A0001185202383F31288BFF36F8F437B13F0E6
:1010B000280F0BD183680BB1FFF783FF637B51B916
:1010C00003F0FB0363732046F5F770FB85F311888B
:1010D000BFF36F8F38BD03F0EB03F3E7012118383E
:1010E000FFF7DBBF08B50346EFF31181202282F33F
:1010F0001288BFF36F8F0068834207D008B1FFF7F3
:1011000060FF81F31188BFF36F8F08BD0020F8E7FF
:1011100038B5EFF31185202383F31288BFF36F8F67
:101120000468A0420DD034B12046FFF74AFF04F115
:10113000180000F068F885F31188BFF36F8F204620
:1011400038BD0024F7E710B5FFF796FFBDE8104063
:10115000183000F058B838B504680546AC424FF076
:10116000000000D138BD002CFCD02046FFF7EBFF7B
:101170002046FFF758FF2C680120A542F1E7EFF366
:101180001181202282F31288BFF36F8F027BD20776
:101190000CD581F31188BFF36F8F002383F311887F
:1011A000BFF36F8F0423184602DF7047437B1B0792
:1011B00004D581F31188BFF36F8F70470122F5F7D3
:1011C00029BB38B5EFF31185202383F31288BFF3D1
:1011D0006F8F0468A04212D09CB1216762612046E3
:1011E000FFF7EFFE04F1180000F00DF82046F5F7C8
:1011F000DDFA012085F31188BFF36F8F38BD002021
:10120000F8E72046F6E710B5EFF31184202282F3C9
:101210001288BFF36F8F03683BB1F5F7F3FD002031
:1012200084F31188BFF36F8F10BD6FF01500F7E7DF
:1012300008B5F5F705FF08BDF5F702BFB3F1FF3FAD
:1012400008BFB2F1FF3F70B504461D46164613D0E5
:101250001A4315D06FF00102921B4FF0FF3363EB7E
:101260000501002904DAF5F7EBFE821941EB0501CF
:10127000C4E90021204670BD4FF0FF321146F7E768
:101280000022FBE7B3F1FF3F08BFB2F1FF3FF8B523
:10129000074616461C4610D054EA020311D0F5F753
:1012A000CFFEB0420A46A14103460AD2F31A64EBCC
:1012B0000204C7E900343846F8BD4FF0FF331C463E
:1012C000F7E70023FBE710B50446FFF79CFFA8B93A
:1012D000636A0BB12046984704F11800FFF702FF3C
:1012E00060B1FFF7A0FEEFF31180202383F3128893
:1012F000BFF36F8FBDE81040F5F7D2BB10BD2DE9ED
:10130000F041846805460E46ECB16378012B25D187
:1013100014F8533C9A0714D5A4F160073846FFF738
:1013200012FF082E0CBF6FF003030023236114F893
:10133000533CDB0605D154F8483C13B93846FFF757
:1013400072FE00232370EB68C3F38632164300203D
:1013500066F39433A860EB60BDE8F081022BF0D116
:101360002378002BEDD054F8048CB8F1000FE8D0AE
:1013700004F11400FFF747FFA4F114070023E36210
:1013800039464046FFF777FDDBE710B50346EFF33C
:101390001184202282F31288BFF36F8F006883428A
:1013A00008D0D0E9003213605A600023C0E900334E
:1013B000FFF7A5FF84F31188BFF36F8F10BD20B135
:1013C000011F50F8040CFFF7A6BB704710B5013998
:1013D0000244904201D1002005E0037811F8014F4A
:1013E000A34201D0181B10BD0130F2E710B5024630
:1013F00001448A42134603D01C780132002CF8D1F4
:10140000181A10BD2DE9F047C3F137090746884681
:101410005FFA89F903F01F0516464FF0000A3846B7
:1014200041462A465346DEF76BFED4B2092C88BFEC
:101430004C443A46434688BFE4B2AA4204F1300421
:1014400073EB0A0306F8014B07468846E7D230469D
:10145000BDE8F0872DE9F04F87B00618994602AB3A
:1014600041EB0104009315463046D2E900232146A2
:10147000DDF844B000F0A9F804AB0093D5E90223ED
:10148000074688463046214600F09FF8DDE90263B2
:10149000841951EB0306049BD5E900014FF00002CB
:1014A00028BF0122D218059B43F10003381848EBEE
:1014B0000101B84271EB0801D5E902C134BF012036
:1014C000002014EB0C0C46EB010110EB0C0041F179
:1014D0000001A04271EB060C34BF4FF0010C4FF03D
:1014E000000CCDE90423A9F1410A1CEB020243F1EF
:1014F0000003CDF800A000F083F8109BC3E90001C1
:10150000129B012BDDE9042329D1D5E90201D5E99C
:1015100000C5201A66EB0101674578EB050534BF6D
:1015200001250025401B61F10001844276EB010595
:1015300034BF01250025521BCDF800A063F1000344
:1015400000F05EF8DDE90423CBE90001CDF800A04E
:101550002046314600F054F807B0BDE8F08F17EB95
:10156000070E48EB080C201946EB0601BE457CEB44
:10157000080834BF01270027C71941F10008D5E941
:10158000000186457CEB010CD5E9021534BF012032
:101590000020381A68F1000C401A6CEB0501921813
:1015A0005B41A74278EB060534BF0125002552199F
:1015B00043F10003874278EB010834BF0125002581
:1015C000521BA9F140050095B8E7F0B50F46044657
:1015D000A0FB0201A7FB02524919A3FB044542F1FB
:1015E0000002A7FB0373611845F10004D219059EA0
:1015F00043F10003121943F10003C6E90023F0BDD3
:10160000F0B5059CC4F14007C4F1200602FA06F6C5
:10161000A4F12005BB4022FA05F53343C4F12006AE
:101620002B4301FA06F6A4F12005E04021FA05F566
:101630003043BA402843E14010431943F0BD0A4407
:10164000914200F1FF3300D1704710B511F8014B02
:1016500003F8014F9142F9D110BD02440346934271
:1016600000D1704703F8011BF9E72DE9F047044664
:10167000274618460B46C1F30A51A14641EA070620
:10168000C3F31304302556EA040E5571A44673D1F2
:1016900000218B4211716DDA0123137188424FF0E2
:1016A00000011CDA08469DF8207002F112050D2495
:1016B000C7F157074FF0300E06F00F03360946EA20
:1016C0000C764FEA2C1C002B40F08480A04201DBFA
:1016D00085F800E0013C05F1FF35EDD173E00C2801
:1016E00065DCC0F10D039B00012503F1FF3CA3F174
:1016F0002108C3F1210625FA06F605FA08F805FACD
:101700000CF548EA060815EB050E48EB080ADEF171
:1017100000066AEB4A0C1EF1FF3E4AF1FF3A0EEA60
:10172000070E0AEA040A754578EB0A0A10DBC3F1D2
:10173000200AB3F1200E04FA0AFA27FA03F343EA67
:101740000A035CBF44FA0EFE43EA0E03DB0722D510
:101750007F1944EB0804B4F5801FB9461BDB5379AD
:10176000B1F5806F03F10103537126D03E400CEABE
:10177000040C98E7002892E759B13125DB0F0028C7
:10178000A1F2FF31557113710FDB0C28A9DD0D207B
:1017900005E00121F2E706EA09090CEA0404B1F5C3
:1017A000806F06D04E46A4467DE70020F7E70D2067
:1017B00079E759EA0404137908D0137943F0080350
:1017C00013714FF480611160BDE8F08743F00403AA
:1017D0001371F8E7092BD4BF3033DB19A0422B700B
:1017E000B8BF204676E7D1E9043293421EBF5A1CA7
:1017F0000A611870704700000148006870470000D7
:041800005C12002056
:0818040030E9FD7F0100000046
:10180C005130000000000000312F0100AC18020024
:10181C00055F010000000000295F010000000000CE
:10182C0055390100D418020055390100C0180200C6
:10183C0047030200FC180200AD350100E818020055
:10184C00A1410100101902009933010000000000B1
:10185C00BD450100000000007D30000000000000CC
:10186C002D300000000000004D620100000000005F
:10187C00493F010060190200A93601003819020025
:10188C00753B01004C1902000000000024190200F5
:10189C00F133000000000000B14001007419020097
:1018AC00E541020074260200842602007E06002018
:1018BC00942900202D420200CC260200FC260200B6
:1018CC00860600207C2A00203B420200E42602000F
:1018DC00FC26020088060020882A0020F441020021
:1018EC0000000000A026020080060020082A00202C
:1018FC000442020000000000A8260200820600201C
:10190C000000000079420200F427020014280200B3
:10191C0090060020F4040020573302000000000061
:10192C00D42502007C060020AC1F002013420200CC
:10193C0000000000B0260200840600200000000019
:10194C004942020020270200642702008A06002078
:10195C00BC0400205E4202007C270200D02702005B
:10196C008C060020942A00206B420200000000002C
:0C197C00D82702008E0600209C2A0020C4
:10198800594A01006306020000000000679F010039
:1019980000000000679F0100155A0100630602005D
:1019A80000000000679F010000000000679F010021
:1019B800F95001006306020000000000679F010063
:1019C80000000000679F010000000000679F010001
:1019D80000000000679F010000000000510801009E
:1019E8007419020021400100082A00201D36010058
:1019F80000000000679F010000000000679F0100D1
:101A080000000000679F0100000000004D46010033
:101A180000000000679F010000000000679F0100B0
:101A280000000000679F010000000000679F0100A0
:101A380000000000679F010000000000679F010090
:101A48000000000061FA010000000000679F01002B
:101A580000000000679F010000000000679F010070
:101A680000000000679F010000000000679F010060
:101A780000000000679F010000000000679F010050
:101A880000000000679F010000000000679F010040
:101A980000000000679F010000000000679F010030
:101AA80000000000679F010000000000679F010020
:101AB80000000000679F010000000000679F010010
:101AC80000000000679F010000000000679F010000
:101AD80000000000679F010000000000679F0100F0
:101AE80000000000679F010000000000679F0100E0
:101AF80000000000679F010000000000679F0100D0
:101B080005000000ED59000000000000060000007C
:101B1800797800000000000004000000A95D0000C2
:041B280000000000B9
:101B2C000824020008000000A8240200070000009E
:101B3C00142002000A000000FC1E02000700000036
:101B4C00C01E020003000000881F020007000000F6
:101B5C006430020000000000F1BE01000000000033
:041B6C000000000075
:101B70000000000001000000A0000000F0000000D4
:101B80000000000000000000000000010000000252
:101B90000000000400000008000000100000002009
:101BA00000000040000000800000001B0000003624
:101BB0009E420200000100001800280000002A00D8
:101BC00001030062746C650000000000000000006A
:101BD0000000000000000000000000000000000005
:101BE00000000000000000000000000000000000F5
:101BF00000000000000100000106020100010201D6
:101C000004040404000000000000000000000000C4
:101C10000338FDD8704700000100000000000000FC
:101C20000500000000000000190000000000000096
:101C30007D000000000000007102000000000000B4
:101C4000350C000000000000093D0000000000000D
:101C50002D31010000000000E1F50500000000004A
:101C600065CD1D0000000000F90295000000000095
:101C7000DD0EE90200000000514A8D0E0000000058
:101C80009573C24800000000E941CC6B01000000E0
:101C90008D49FD1A07000000C16FF2862300000085
:101CA000C52EBCA2B1000000D9E9AC2D780300001C
:101CB0003D9160E45811000031D6E275BC56000039
:101CC000F52E6E4DAEB10100C9EA26836778080093
:101CD000ED95C28F055A2A00A1EDCCCE1BC2D300D0
:101CE00025A4000A8BCA22040000000000000000A6
:101CF00000000000000000100000000000000000D4
:101D0000B9340332B7F4AD1410DB1AB30892540E91
:101D10000D307D951447BA1A66088F4D26ADC66DF5
:101D2000F598BF85E2B74511CA96853D92BD1DEB7A
:101D3000FCA11860DCEF52163C92AE220BB8C1B485
:101D4000839D2D5B0562DA1C304C7E8F4E8BB25B1F
:101D500016F4529F8B56A512FBD4827643ED8AF07F
:101D60008FE7F9311565191850F19BD94A13EEB474
:101D7000284CF0A686C1251F035FC270CB9E491672
:101D8000E642889C44EB2014B0650836AD6EA5850C
:101D900085F0CA14E2FD031A0B899979D5B13D0982
:101DA000D8DA973A35EBCF10AC363F5E73BB38CFFD
:101DB0003E6752FA44AFBA1501000000000000006F
:101DC0000000000000000020345065C05FC9A6522A
:101DD000BB13CBAEC440C21806C8DF7100D5A87CC7
:101DE000F56F0FDA58FC27136E4756357D242065B2
:101DF00002C7E768E48CA41DE9E60268D7CD396123
:101E00007977FCC2405BEF16798CDE43FFA751F96E
:101E100091F3B278F5BDBE11E857E9D6E8BEE87B8C
:101E2000B054AC8F848D751BEA23A499E9F9D38B48
:101E3000B7A3714061DA3E15CEE33ECB73F9480893
:101E40008C97B427D51B7010A2BFEFB9EB85321564
:101E50004DB44DB49BBB6F1996B6076CF8E7EEAD69
:101E600036D9B4F59135AE13222218AF4E6A684DBB
:101E700091DAAA3D4F40741E9FBD9EE006A1C09816
:101E800057C2A7FDA40E90170E7D497173E3208FF2
:101E9000B220D87605143B12853D7434811343B0CB
:101EA000AD297A5F27F4351C090F0000292C0200A8
:101EB000010100008C050020071000007C050020B7
:101EC000E42802003FC00100000000008D05002052
:101ED00000000100E02802009BC201000000000099
:101EE000A0010020000001009E050020351E00001A
:101EF000751E00000012002000000300F8280200F8
:101F00003FC0010000000000AF05002000000100FC
:101F1000F42802009BC2010000000000F80100202C
:101F200000000100D1050020F51D000000000000A8
:101F30001012002000000100F028020091C00100F2
:101F4000316E0000D401002000000300EC280200E4
:101F50009BC2010000000000CC0100200000010035
:101F6000C0050020B51D0000000000000812002080
:101F700000000100E828020091C00100316E00005D
:101F8000A801002000000300082902003FC0010052
:101F900000000000E205002000000100042902000A
:101FA0009BC20100000000001002002000000100A0
:101FB00015060020751D0000000000001C12002006
:101FC00000000100002902009BC201000000000087
:101FD000080200200000010004060020351D00005A
:101FE000000000001812002000000100FC28020080
:101FF0009BC2010000000000000200200000010060
:10200000F3050020F51C0000000000001412002061
:1020100000000100202902003FC001000000000074
:1020200026060020000001001C2902009BC20100BE
:102030000000000054020020000001006A06002099
:10204000B51C00000000000030120020000001005C
:10205000182902009BC20100000000004C02002071
:102060000000010059060020751C0000000000005F
:102070002C12002000000100142902009BC2010064
:10208000000000004402002000000100480600207B
:10209000351C000000000000281200200000010094
:1020A000102902009BC20100000000003C02002039
:1020B0000000010037060020F51B0000D91B0000BE
:1020C00024120020000003000C29020091C001002E
:1020D000316E0000180200200000030008200001FB
:1020E000FFFFFFFFFFFFFFFFFFFFFFFF00000000FC
:1020F000000000000000000001000000FFFFFFFFE3
:10210000512563FCC2CAB9F3849E17A7ADFAE6BC99
:10211000FFFFFFFFFFFFFFFF00000000FFFFFFFFCB
:1021200096C298D84539A1F4A033EB2D817D037771
:10213000F240A463E5E6BCF847422CE1F2D1176B0C
:10214000F551BF376840B6CBCE5E316B5733CE2BDF
:10215000169E0F7C4AEBE78E9B7F1AFEE242E34F0E
:102160004B60D2273E3CCE3BF6B053CCB0061D654B
:10217000BC86987655BDEBB3E7933AAAD835C65AD4
:10218000E792010039940100152800006402002044
:1021900008200001FFFFFFFFFFFFFFFFFFFFFFFF22
:1021A000000000000000000000000000010000002E
:1021B000FFFFFFFF512563FCC2CAB9F3849E17A736
:1021C000ADFAE6BCFFFFFFFFFFFFFFFF00000000CE
:1021D000FFFFFFFF96C298D84539A1F4A033EB2D3D
:1021E000817D0377F240A463E5E6BCF847422CE129
:1021F000F2D1176BF551BF376840B6CBCE5E316B6D
:102200005733CE2B169E0F7C4AEBE78E9B7F1AFE30
:10221000E242E34F4B60D2273E3CCE3BF6B053CC7C
:10222000B0061D65BC86987655BDEBB3E7933AAA18
:10223000D835C65AE79201003994010015280000EC
:102240005C2602004C2202004A0000004852002096
:102250005C2602005C2202002E0000006C5600206A
:102260005C2602006C220200080000004C5700208F
:102270000E030000654000000F040000A1400000B4
:102280001A0100000BA20100050400009D350000AA
:1022900013010000BDA30100FF010000153600007E
:1022A0003E010000353600000504000089A201004F
:1022B00008040000B7A501003003000057A5010085
:1022C00010010000E3A2010001120000E53F000040
:1022D0000A1E0000ADA801000309000059A4010076
:1022E000040B0000EBA20100060A00000FA701008A
:1022F000070A0000CBA201000C050000B1A20100FA
:10230000050C00004DA6010008410000FD4D000035
:1023100009210000814E00005C26020024230200F7
:1023200047000000705700205C26020034230200A2
:1023300000000000385800205C2602004423020000
:102340004A0000006058002033B1010061B1010073
:102350000000000000000000000000005FB301006A
:10236000000000000000000000000000000000006D
:1023700002020100DDBC0100040401000569000047
:102380000606010045680000080401008967000096
:102390000A020100C5BC01000C040100ADBC010033
:1023A0000E0401005D66000020040100C16500000C
:1023B00010040100D1640000120201000DBC0100F4
:1023C00016040100F563000018010100BD62000061
:1023D0001E00040031BD010052020000E3BB0100F9
:1023E000D20E000089BB01005C260200F42302002B
:1023F0004C000000B85900205C26020004240200B2
:10240000410000009C5B0020502902003FC00100F9
:10241000000000004C2902000000010048290200D1
:102420009BC2010000000000F80200200000010033
:102430004029020000000000000000000000000031
:10244000000000003C29020091C00100316E000034
:102450000003002000000300382902009BC2010095
:1024600000000000F00200200000010030290200FE
:10247000FDBF01007FC1010000000000000003005B
:102480002C2902009BC2010000000000E80200208D
:1024900000000100242902005D710000000000001E
:1024A00000000000000001007C2902003FC0010084
:1024B00000000000782902000000010074290200D9
:1024C0009BC2010000000000340300200000010056
:1024D0006C290200C1BF01000000000000000000E4
:1024E00000000100682902009BC2010000000000FA
:1024F0002C030020000001006029020087BF0100BA
:102500000000000000000000000001005C29020043
:102510009BC2010000000000240300200000010015
:1025200054290200D96E00000000000000000000E5
:1025300000000100F17B0000B3D00100998600008B
:102540000000000000000000C18400000000000046
:10255000000000000000000000000000000000007B
:1025600000000000B17E000006000000CFC50100A1
:1025700006000000E1CB010010000000457C0000D7
:102580001000000023D00100010000005FC701001F
:1025900010000000B7CF01000A00000015C70100BD
:1025A0001000000085850000070000005DCF0100DD
:1025B000100000000BCA010001000000597B000060
:1025C00040000000AFC901001000000009C7010071
:1025D000010000004DAD0000FDAC0000C9AB0000E3
:1025E0000FE901001BE9010027E9010031E90100C1
:1025F00000000000000000003DE90100BDE901000D
:1026000047E9010000000000C7E9010000000000E8
:1026100053E90100D1E90100000000005DE901007B
:10262000DBE9010069E90100E7E90100F1E90100E6
:10263000FBE9010007EA010013EA01001DEA0100BD
:1026400073E901000000000000000000000000002D
:102650000000000000000000B3E90100492D010066
:1026600000000000CF000200ED2E0100BD2E010091
:102670000000000081300100CD2F0100270302007F
:1026800033030200912F0100A5020200070302009C
:1026900000000000410202000000000000000000F5
:1026A00055350100AD3401004B030200000000006D
:1026B000D3030200D9370100D5360100A13601004D
:1026C000913601000400000000FF0000FF0300003D
:1026D0000003005000000000010000000060004006
:1026E00000000000FFFFFFFF00000050000000009E
:1026F000000000000060004000000000E939010017
:10270000FB03020009040200210402002D04020060
:102710003904020055380100530402000000000093
:102720000030004000000000000000000000000039
:10273000000040060000010110000000D304020068
:1027400048270200FFFF000000300040542702002D
:10275000010000005C2702000200000010003000B1
:1027600008002C00A504020000000000253C010028
:102770000000000000000000B53B01000010024016
:102780000000000000000000000000000000000049
:10279000000000000000000000040000E803020147
:1027A00001010000862B0020040000000000000052
:1027B00000000000B827020000100240C4270200F9
:1027C00001000000CC2702000100000000005900B9
:1027D00023050200393F0100000000000000000056
:1027E0000000000039400100F53F0100000000003A
:1027F00000000000F827020000200040042802002A
:10280000010000000C280200020000000600000089
:1028100028000400F140010025410100154101009C
:102820000C1802000C1802005C1802006C18020060
:10283000AC180200AC18020000000000000000000C
:102840000000000000000000000000409559695998
:1028500055555455155555560405154110545540B8
:102860004551554440455044505555450040004061
:1028700040044496655556554540455451411540D0
:102880005591555555554051050100005445545436
:1028900045550504001004101404400000000140D8
:1028A000555515415404000044000100000000404B
:1028B000410000445044455054005555545565510D
:1028C0000040004001000001000501001154515179
:1028D00054555505000000000000000000000000F5
:1028E000000003280000002800000229000003283F
:1028F000000002290000032800000028000003282F
:10290000000003280000032800000028000002291E
:10291000000003280000032800000328000003280B
:102920000000002800002A2B00002A2B00000328AA
:102930000000292B0000292B000003280000022999
:102940000000052A0000052A0000032800000118E5
:10295000000000280000042A0000042A00000328C8
:102960000000012A0000012A000003280000002ABC
:102970000000002A000003280000001800000028C2
:10298000F401FA00960064004B0032001E001400AF
:10299000446973636F6E6E65637465642028726545
:1029A00061736F6E20307825303278290A00476FC6
:1029B0007420612073746570636F756E7420777214
:1029C00069746500476F7420612073746570636F6C
:1029D000756E7420726561642025640A00476F7407
:1029E0002061207A5F616363656C20726561642099
:1029F00025640A00476F74206120795F6163636515
:102A00006C20726561642025640A00476F74206140
:102A100020785F616363656C207265616420256462
:102A20000A00476F742061207A5F6D6167207265CC
:102A300061642025640A00476F74206120795F6D0E
:102A4000616720726561642025640A00476F742005
:102A50006120785F6D616720726561642025640A7A
:102A600000476F74206120627574746F6E5F62201E
:102A7000726561642025640A00476F7420612062DA
:102A80007574746F6E5F6120726561642025640ADD
:102A900000476F7420616E204C454420726561646C
:102AA0002025640A00476F7420616E204C45442045
:102AB0007772697465004E6F742053756273637228
:102AC000696265640A00436F6E6E656374696F6E58
:102AD000206661696C6564202865727220307825F3
:102AE000303278290A00436F6E6E65637465640046
:102AF0000A4572726F7220696E697469616C697AD5
:102B0000696E67206C736D3330332E2020457272EE
:102B10006F7220636F6465203D2025640A000A45BA
:102B200072726F7220696E697469616C697A696E1C
:102B30006720627574746F6E732E20204572726FF9
:102B40007220636F6465203D2025640A000A457287
:102B5000726F7220696E697469616C697A696E67F7
:102B6000204C4544206D61747269782E2020457296
:102B7000726F7220636F6465203D2025640A0042F5
:102B80006C7565746F6F746820696E697420666116
:102B9000696C65642028657272202564290A0042E8
:102BA0006C7565746F6F746820696E697469616CA7
:102BB000697A6564004164766572746973696E67E9
:102BC000206661696C656420746F2073746172742F
:102BD0002028657272202564290A00416476657296
:102BE000746973696E672073756363657373667563
:102BF0006C6C792073746172746564006262635FE7
:102C00006D6963726F6269745F7632005A657068CD
:102C10007972204D6963726F626974205632206444
:102C2000656D6F212025730A004D6963726F6269BB
:102C30007420563220424C4500737465702025780C
:102C40000A004572726F7220636F6E6669677572F3
:102C5000696E67207374657020696E746572727531
:102C600070742070696E004572726F7220636F6EAF
:102C70006669677572696E6720696E7465727275D0
:102C8000707420666F72207374657020636F756E48
:102C900074004572726F7220616464696E672063AC
:102CA000616C6C6261636B20666F72207374657017
:102CB000636F756E7420696E7465727275707420BE
:102CC0000A006E61636B3D25780A004572726F726F
:102CD0002066696E64696E67204C534D3330332033
:102CE0006F6E207468652049324320627573004618
:102CF0006F756E64204C534D3330332E202057486F
:102D00004F5F414D5F49203D2025640A00637C7779
:102D10007BF26B6FC53001672BFED7AB76CA82C9D9
:102D20007DFA5947F0ADD4A2AF9CA472C0B7FD9311
:102D300026363FF7CC34A5E5F171D8311504C72309
:102D4000C31896059A071280E2EB27B27509832C07
:102D50001A1B6E5AA0523BD6B329E32F8453D100DD
:102D6000ED20FCB15B6ACBBE394A4C58CFD0EFAAFC
:102D7000FB434D338545F9027F503C9FA851A3404A
:102D80008F929D38F5BCB6DA2110FFF3D2CD0C132B
:102D9000EC5F974417C4A77E3D645D197360814F53
:102DA000DC222A908846EEB814DE5E0BDBE0323A75
:102DB0000A4906245CC2D3AC629195E479E7C8372E
:102DC0006D8DD54EA96C56F4EA657AAE08BA7825B1
:102DD0002E1CA6B4C6E8DD741F4BBD8B8A703EB5B1
:102DE000664803F60E613557B986C11D9EE1F89815
:102DF0001169D98E949B1E87E9CE5528DF8CA18955
:102E00000DBFE6426841992D0FB054BB1600FFFF7D
:102E1000FFFFFFFF00000000000000FFFFFFFFFFBB
:102E2000FF0000000000003F49F6D4A3C55F3874DE
:102E3000C9B3E3D2103F504AFF607BEB40B79958CB
:102E400099B8A6CD3C1ABD4254204C57205751008A
:102E500002FB349B5F800000800010000000000037
:102E600000574553545F544F504449522F7A657070
:102E70006879722F7375627379732F626C756574DC
:102E80006F6F74682F686F73742F6863695F636F07
:102E900072652E630062745F6863695F6576745F54
:102EA0006765745F666C616773286864722D3E6540
:102EB0007674292026202831554C203C3C2028318E
:102EC000292900415353455254494F4E2046414908
:102ED0004C205B25735D20402025733A25640A0051
:102EE0006576745F666C6167732026202831554CC7
:102EF000203C3C2028302929007375636365737377
:102F00000009636F6D6D616E64206F70636F64653F
:102F1000203078253034782074696D656F75740AB7
:102F200000657272203D3D20300009436F6E74725F
:102F30006F6C6C657220756E726573706F6E7369FD
:102F400076652C20636F6D6D616E64206F70636FAA
:102F50006465203078253034782074696D656F752C
:102F6000742077697468206572722025640A0042B3
:102F7000542052582057510000090909090102093B
:102F800009090909090909090909070909090909B3
:102F900006090909090909090909090909090909A4
:102FA0000905574553545F544F504449522F7A6591
:102FB000706879722F7375627379732F626C75659F
:102FC000746F6F74682F686F73742F6863695F63C1
:102FD0006F6D6D6F6E2E6300E69D350E480103CC5C
:102FE000DBFDF4AC1191F4EFB9A5F9E9A7832C5EF0
:102FF0002CBE97F2D203B0208BD28915D08E1C74D0
:103000002430ED8FC24563765C15525ABF9A326305
:103010006DEB2A65499C80DC7075626C6963007297
:10302000616E646F6D007075626C69632D69640018
:1030300072616E646F6D2D6964003078253032786E
:1030400000253032583A253032583A253032583A35
:10305000253032583A253032583A25303258202817
:103060002573290062742F636363000005061F1F28
:103070002918120308020305080A000801030401C5
:103080000504050906070101060608000001000104
:103090000003010003020201000200000000000220
:1030A0000301000300000100010000010001020211
:1030B000010002000000000002020100046C88838D
:1030C00091AAF5A53860370BDB5A6083BE5745538C
:1030D000545F544F504449522F7A65706879722F6B
:1030E0007375627379732F626C7565746F6F746832
:1030F0002F636F6E74726F6C6C65722F7469636B83
:1031000065722F7469636B65722E63002828746979
:10311000636B65725F72657363686564292D3E65D4
:1031200078745F646174612026262028287469639E
:103130006B65725F72657363686564292D3E65789F
:10314000745F646174612D3E7469636B735F736C4B
:103150006F745F77696E646F7720213D2030552949
:103160002900574553545F544F504449522F7A65B4
:10317000706879722F7375627379732F626C7565DD
:10318000746F6F74682F636F6E74726F6C6C65729E
:103190002F6C6C5F73772F756C6C2E630064656C9D
:1031A0007461203C3D2030207C7C206D656D5F6C1F
:1031B000696E6B5F72782E71756F74615F70647584
:1031C000203C20282833202B2030202B2031292080
:1031D0002B202832202A2028312929290021657214
:1031E0007200636F6E6E5F6C6C6C0021636F6E6E4D
:1031F0005F6C6C6C2D3E6C696E6B5F74785F667291
:103200006565006D656D715F6C696E6B0072782D20
:103210003E6864722E7479706520213D204E4F44C3
:10322000455F52585F545950455F4E4F4E450021FF
:1032300063632D3E7374617475730072785F667298
:1032400065652D3E6864722E7479706520213D207D
:103250004E4F44455F52585F545950455F4E4F4E54
:10326000450021636F6E6E2D3E6C6C6C2E6C696E2A
:103270006B5F74785F667265650021726574006CBF
:103280006F6F70002172657476616C00756C6C5F95
:103290007265665F67657428756C6C5F6864722917
:1032A0000072656C65617365203D3D20646F6E65DD
:1032B00000574553545F544F504449522F7A65701C
:1032C0006879722F7375627379732F626C75657488
:1032D0006F6F74682F636F6E74726F6C6C65722F92
:1032E0006C6C5F73772F6C6C6C5F636F6D6D6F6E62
:1032F0002E630021657272207C7C20657272203DF5
:103300003D202D31313900574553545F544F5044BF
:1033100049522F7A65706879722F73756273797369
:103320002F626C7565746F6F74682F636F6E747243
:103330006F6C6C65722F6863692F6863695F647274
:10334000697665722E63004254205258207072696B
:103350000042542052580062745F6863695F636F73
:103360006E74726F6C6C6572005A65706879722049
:103370004F532076332E372E393900574553545F3B
:10338000544F504449522F7A65706879722F737583
:10339000627379732F626C7565746F6F74682F63D5
:1033A0006F6E74726F6C6C65722F6863692F6863DF
:1033B000692E63002828282875696E747074725FFE
:1033C00074296E6F6465292025205F5F616C6967D1
:1033D0006E6F6628737472756374206E6F64655FB8
:1033E00072785F63632929203D3D20302900282819
:1033F000282875696E747074725F74296E6F6465C5
:10340000292025205F5F616C69676E6F6628737481
:1034100072756374206E6F64655F72785F6375297F
:1034200029203D3D20302900574553545F544F50CB
:103430004449522F7A65706879722F737562737977
:10344000732F626C7565746F6F74682F636F6E7421
:10345000726F6C6C65722F6C6C5F73772F756C6C10
:103460005F6164762E630068616E646C65203C2049
:10347000310028726574203D3D203029207C7C205D
:1034800028726574203D3D203229006164762D3E0E
:103490006C696E6B5F63635F66726565006164761D
:1034A0002D3E6E6F64655F72785F63635F66726501
:1034B0006500216C6C6C2D3E6C696E6B5F74785F7F
:1034C0006672656500216864722D3E64697361628D
:1034D0006C65645F636200737461747573203D3D55
:1034E0002030207C7C20706172616D203D3D207514
:1034F0006C6C5F64697361626C655F6D61726B5F58
:103500006765742829207C7C2028636F6E6E656354
:103510007461626C6520262620216164762D3E6CE4
:103520006C6C2E636F6E6E29207C7C20300072657F
:10353000660028726574203D3D203029207C7C2067
:1035400028726574203D3D203229207C7C2028662D
:10355000705F6F705F66756E63203D3D2028287632
:103560006F6964202A29302929007064752D3E6C0A
:10357000656E203E3D205F5F6275696C74696E5FA9
:103580006F66667365746F662028737472756374F2
:10359000207064755F6164765F6164765F696E64F4
:1035A0002C206461746129006D61726B203D3D20A7
:1035B0006164760021657272207C7C2028657272BD
:1035C000203D3D202D3132302900574553545F5462
:1035D0004F504449522F7A65706879722F73756223
:1035E0007379732F626C7565746F6F74682F636F76
:1035F0006E74726F6C6C65722F6C6C5F73772F7565
:103600006C6C5F636F6E6E2E6300737461747573A0
:10361000203D3D2030207C7C20706172616D203D1A
:103620003D20756C6C5F7570646174655F6D61726F
:103630006B5F6765742829207C7C20706172616DE6
:10364000203D3D20756C6C5F64697361626C655FE1
:103650006D61726B5F67657428290070203D3D20A5
:10366000706172616D0074785F6275660072782DAA
:103670003E6864722E6C696E6B00287469636B65BA
:10368000725F737461747573203D3D203029207C16
:103690007C20287469636B65725F737461747573E1
:1036A000203D3D20322900657272203D3D203020B2
:1036B0007C7C20657272203D3D202D313230000926
:1036C000706172616D313A20257520706172616D93
:1036D000323A2025750A00636F6E6E2D3E6C6C6C5D
:1036E0002E68616E646C6520213D20307846464628
:1036F0004600287469636B65725F737461747573D7
:10370000203D3D203029207C7C20287469636B6536
:10371000725F737461747573203D3D203229207C83
:103720007C202828766F6964202A29636F6E6E5F7B
:103730006C6C203D3D20756C6C5F64697361626CDC
:10374000655F6D61726B5F676574282929006C6C19
:103750006C5F7478007064755F74782D3E6C656E74
:1037600000216C696E6B2D3E6E6578740057455371
:10377000545F544F504449522F7A65706879722FC4
:103780007375627379732F626C7565746F6F74688B
:103790002F636F6E74726F6C6C65722F6C6C5F73DD
:1037A000772F756C6C5F6C6C63705F656E632E63F6
:1037B000006E746600574553545F544F504449524D
:1037C0002F7A65706879722F7375627379732F62BF
:1037D0006C7565746F6F74682F636F6E74726F6C45
:1037E0006C65722F6C6C5F73772F756C6C5F6C6C93
:1037F00063705F7068792E63006E74662D3E686436
:10380000722E74797065203D3D204E4F44455F52C5
:10381000585F545950455F52455441494E006374B6
:10382000782D3E6E6F64655F7265662E74780063F6
:1038300074782D3E646174612E70752E6E74665FAF
:10384000646C655F6E6F646500636F6E6E2D3E6CB9
:103850006C6C2E726F6C65203D3D203078303100ED
:10386000574553545F544F504449522F7A657068FE
:1038700079722F7375627379732F626C7565746FCB
:103880006F74682F636F6E74726F6C6C65722F6CDF
:103890006C5F73772F756C6C5F6C6C63702E63005C
:1038A0006374782D3E6F776E6572006374782D3E79
:1038B0006E6F64655F7265662E727800574553546B
:1038C0005F544F504449522F7A65706879722F7354
:1038D00075627379732F626C7565746F6F74682F7E
:1038E000636F6E74726F6C6C65722F6C6C5F737744
:1038F0002F756C6C5F6C6C63705F636F6D6D6F6E5A
:103900002E63006374782D3E70726F63203D3D20FE
:1039100050524F435F5445524D494E415445006308
:1039200074782D3E70726F63203D3D2050524F439E
:103930005F444154415F4C454E4754485F555044A5
:1039400041544500574553545F544F504449522FFA
:103950007A65706879722F7375627379732F626CF0
:103960007565746F6F74682F636F6E74726F6C6CB3
:1039700065722F6C6C5F73772F756C6C5F6C6C630A
:10398000705F6C6F63616C2E63006374785F686551
:1039900061646572203D3D20637478006374782D06
:1039A0003E6E6F64655F7265662E7278203D3D20C5
:1039B0002828766F6964202A293029207C7C20639E
:1039C00074782D3E6E6F64655F7265662E72782D19
:1039D0003E6864722E7479706520213D204E4F44FC
:1039E000455F52585F545950455F52455441494EC6
:1039F0000063747820213D202828766F6964202A8E
:103A000029302900574553545F544F504449522F91
:103A10007A65706879722F7375627379732F626C2F
:103A20007565746F6F74682F636F6E74726F6C6CF2
:103A300065722F6C6C5F73772F756C6C5F6C6C6349
:103A4000705F636F6E6E5F7570642E630063747871
:103A50002D3E6E6F64655F7265662E7278203D3D07
:103A6000202828766F6964202A2930290057455379
:103A7000545F544F504449522F7A65706879722FC1
:103A80007375627379732F626C7565746F6F746888
:103A90002F636F6E74726F6C6C65722F6C6C5F73DA
:103AA000772F756C6C5F6C6C63705F63686D752EDF
:103AB0006300574553545F544F504449522F7A6521
:103AC000706879722F7375627379732F626C756584
:103AD000746F6F74682F636F6E74726F6C6C657245
:103AE0002F6C6C5F73772F756C6C5F6C6C63705FA1
:103AF00072656D6F74652E630008020B020A030580
:103B000002000000000000000002020000060200A7
:103B1000000403000000000903000000000103008E
:103B2000000C03000007030000000000000000007C
:103B300000574553545F544F504449522F7A657093
:103B40006879722F7375627379732F626C756574FF
:103B50006F6F74682F636F6E74726F6C6C65722F09
:103B60006C6C5F73772F756C6C5F706572697068D1
:103B70006572616C2E63007469636B65725F737448
:103B800061747573203D3D203000737461747573EA
:103B900020213D2031207C7C20706172616D203DB0
:103BA0003D20756C6C5F64697361626C655F6D610B
:103BB000726B5F676574282900574553545F544FF3
:103BC000504449522F7A65706879722F7375627309
:103BD00079732F626C7565746F6F74682F636F6E85
:103BE00074726F6C6C65722F6C6C5F73772F756C71
:103BF0006C5F66696C7465722E6300726C5F6964D9
:103C000078203C203800726C5B726C5F6964785D70
:103C10002E74616B656E00726C5B726C5F696478A8
:103C20005D2E727061735F726561647900646576A0
:103C30006D617463685F6964203C20282873697A29
:103C4000655F742920282828696E74292073697A91
:103C5000656F6628636861725B31202D2032202AEF
:103C6000202128215F5F6275696C74696E5F7479C9
:103C70007065735F636F6D70617469626C655F70AE
:103C8000285F5F747970656F665F5F2866616C2975
:103C90002C205F5F747970656F665F5F28262866E9
:103CA000616C295B305D2929295D29202D2031296E
:103CB000202B202873697A656F662866616C29203D
:103CC0002F2073697A656F66282866616C295B30DE
:103CD0005D292929290066616C5B6465766D6174D4
:103CE00063685F69645D2E74616B656E0064657600
:103CF0006D617463685F6964203C20282873697A69
:103D0000655F742920282828696E74292073697AD0
:103D1000656F6628636861725B31202D2032202A2E
:103D2000202128215F5F6275696C74696E5F747908
:103D30007065735F636F6D70617469626C655F70ED
:103D4000285F5F747970656F665F5F28726C292CDD
:103D5000205F5F747970656F665F5F282628726CDC
:103D6000295B305D2929295D29202D203129202B2F
:103D7000202873697A656F6628726C29202F20735A
:103D8000697A656F662828726C295B305D2929295C
:103D90002900726C5B695D2E74616B656E006972DF
:103DA0006B6D617463685F6964203C207065657247
:103DB0005F69726B5F636F756E740069203C2038B9
:103DC00000574553545F544F504449522F7A657001
:103DD0006879722F7375627379732F626C7565746D
:103DE0006F6F74682F636F6E74726F6C6C65722F77
:103DF0006C6C5F73772F6E6F726469632F6C6C6C81
:103E00002F6C6C6C2E6300707265656D70745F72E0
:103E10006571203D3D20707265656D70745F6163F2
:103E20006B00707265656D70745F73746172745F3E
:103E300072657120213D20707265656D70745F73CD
:103E4000746172745F61636B00707265656D70742C
:103E50005F73746F705F72657120213D20707265B1
:103E6000656D70745F73746F705F61636B00707207
:103E700065656D70745F72657120213D207072659B
:103E8000656D70745F61636B00707265656D7074F1
:103E90005F61636B20213D20707265656D70745F9A
:103EA00072657100707265656D70746F72203D3D52
:103EB0002072656164795F6E657874007265616413
:103EC000792D3E707265706172655F706172616DAF
:103ED0002E706172616D203D3D20706172616D00D8
:103EE0006974657200657272203D3D202D31343059
:103EF0000021706172616D0021706172616D207CC2
:103F00007C206E657874006576656E742E637572BC
:103F1000722E61626F72745F6362006576646F6EA9
:103F20006500657272203E3D20300021726561643B
:103F300079207C7C202672656164792D3E707265E3
:103F4000706172655F706172616D203D3D207072BD
:103F500065706172655F706172616D0057455354A1
:103F60005F544F504449522F7A65706879722F73AD
:103F700075627379732F626C7565746F6F74682FD7
:103F8000636F6E74726F6C6C65722F6C6C5F73779D
:103F90002F6E6F726469632F6C6C6C2F6C6C6C5F2E
:103FA0006164762E63006E6F64655F7278002172C3
:103FB0006164696F5F69735F726561647928290064
:103FC0006368616E007363616E5F706475000925DC
:103FD000733A2041637475616C204556454E545FB9
:103FE0004F564552484541445F53544152545F55E2
:103FF00053203D2025750A00707265706172655FFF
:10400000636200574553545F544F504449522F7ACE
:1040100065706879722F7375627379732F626C752E
:1040200065746F6F74682F636F6E74726F6C6C65FC
:10403000722F6C6C5F73772F6E6F726469632F6C75
:104040006C6C2F6C6C6C5F636F6E6E2E63006C6CAF
:104050006C2D3E68616E646C6520213D2030784691
:1040600046464600574553545F544F504449522FDB
:104070007A65706879722F7375627379732F626CC9
:104080007565746F6F74682F636F6E74726F6C6C8C
:1040900065722F6C6C5F73772F6E6F726469632F1C
:1040A0006C6C6C2F6C6C6C5F70657269706865729B
:1040B000616C2E6300707265706172655F6362008F
:1040C000574553545F544F504449522F7A65706896
:1040D00079722F7375627379732F626C7565746F63
:1040E0006F74682F636F6E74726F6C6C65722F6C77
:1040F0006C5F73772F6E6F726469632F68616C2FCA
:104100006E7266352F636E74722E63005F72656621
:10411000636F756E7400574553545F544F50444954
:10412000522F7A65706879722F7375627379732F65
:10413000626C7565746F6F74682F636F6E74726FE5
:104140006C6C65722F6C6C5F73772F6E6F72646925
:10415000632F68616C2F6E7266352F6D6179666CA6
:10416000792E6300574553545F544F504449522FA2
:104170007A65706879722F7375627379732F626CC8
:104180007565746F6F74682F636F6E74726F6C6C8B
:1041900065722F6C6C5F73772F6E6F726469632F1B
:1041A00068616C2F6E7266352F7469636B65722E51
:1041B0006300757365725F6964203C2073697A657A
:1041C0006F662863616C6C65725F69645F6C75749F
:1041D000290063616C6C65725F696420213D203049
:1041E0000001030405636C6F636B40343030303082
:1041F0003030300072616E646F6D40343030306446
:1042000030303000656E74726F70795F62745F6811
:10421000636900666C6173682D636F6E74726F6C96
:104220006C65724034303031653030300067706911
:104230006F403530303030333030006770696F4058
:104240003530303030303030006932634034303017
:104250003033303030000001020304050607707768
:104260006D4034303032313030300074656D704024
:104270003430303063303030007561727440343027
:104280003030323030300000202A2A2A2A2A2A2AC6
:104290002A2A2A2A2A2A2A00016D61696E00737966
:1042A00073776F726B71002A2A2A20426F6F7469CC
:1042B0006E67205A6570687972204F532062756965
:1042C0006C642076332E372E302D3838372D6732F8
:1042D0003738366362393531323131202A2A2A0A99
:1042E00000696E66006E616E00286E756C6C290048
:1042F00000000000000000000000000000000000BE
:1043000000000000000000000000000000000000AD
:10431000000000000000000000000000000000009D
:10432000000000000000000000000000000000008D
:10433000000000000000000000000000000000007D
:10434000000000000000000000000000000000006D
:10435000000000000000000000000000000000005D
:10436000000000000000000000000000000000004D
:10437000000000000000000000000000000000003D
:10438000000000000000000000000000000000002D
:10439000000000000000000000000000000000001D
:1043A000000000000000000000000000000000000D
:1043B0000000000000000000C13C00000000000000
:1043C00000000000000000000000000000000000ED
:1043D00000000000000000000000000000000000DD
:1043E00000000000000000000000000000000000CD
:1043F00000000000000000000000000000000000BD
:1044000000000000000000000000000000000000AC
:10441000000000000000000000000000000000009C
:10442000000000000000000000000000000000008C
:10443000000000000000000000000000000000007C
:10444000000000000000000000000000000000006C
:10445000000000000000000000000000241902001D
:104460001F00000000000000FFFFFFFFFF1F000013
:10447000311F0000C11B0000000000000000000010
:10448000000000000000000000000000000000002C
:104490009E05002000000A0000000000000000004F
:1044A000000000000000000000000000000000000C
:1044B000D91E00000000000000000000C005002020
:1044C00000001300000000000000000000000000D9
:1044D000000000000000000000000000051F0000B8
:1044E0000000000000000000D105002000001300C3
:1044F000F305002000000200040600200000020076
:10450000150600200000020000000000000000006E
:10451000000000000000000000000000000000009B
:10452000AD1E000000000000000000003706002063
:1045300000001B0048060020000002005906002071
:10454000000002006A06002000000200798A0100D3
:104550007DA0010000000000B59F010000000000E8
:104560000000000000000000E93000000000000032
:104570000000000000000000C1A8010000000000D1
:1045800000000000000000005536000000000000A0
:1045900000000000A4020020A4020020000000008F
:1045A00000000000705D002000004501705D0020EB
:1045B000B15C00004D6A00003BBD0100000000003E
:1045C0000000000029610000C7BA0100F3B9010032
:1045D000A55C000000000000282902000000020085
:1045E0003429020000000A004429020000002000D3
:1045F00000000000000000000000000000000000BB
:1046000000000000000000000000000069BF010081
:104610000000000058290200000002006429020086
:104620000000020070290200000002004585000021
:104630000000000000000000E41500200000000061
:1046400091AA000000000000EC150020000000000E
:10465000A1A8000000000000F415002000000000E8
:10466000FD0D010000000000FC150020000000000E
:10467000FD0D0100000000000416002000000000F5
:10468000B19A000000000000E41F002000000000BC
:104690005D17010000000000FC1F0020000000006A
:1046A000FD0D0100000000000420002000000000BB
:1046B0008DBF0000000000008C20002000000000E2
:1046C000B1C800000000000094200020000000009D
:1046D000FD0D0100000000009C20002000000000F3
:1046E000B9C6000000000000A42000200000000067
:1046F00049E2010000000000C82100200000000085
:104700001822002000000000F82300200000000014
:10471000A8240020000000004D200100000000003F
:104720002C26002000000000A50B01000000000066
:104730005826002000000000FD0D010000000000D0
:104740007829002000000000A58F00000000000074
:104750007029002000000000A58F0000000000006C
:1047600068290020000000007FD701000000000041
:104770006029002000000000A58F0000000000005C
:1047800058290020000000007FD701000000000031
:104790005029002000000000A58F0000000000004C
:1047A0009D3201000000000000000000BC04002059
:1047B000BC0400200100000001000000CC04002027
:1047C000CC040020D4040020D40400200000000009
:1047D00001000000E4040020E404002000000000C8
:1047E000B92D002000C201000001030000000000FC
:1047F00000000000000000000000000000000000B9
:1048000000000000000000000000000000000000A8
:104810000000000000000000000000000000000098
:104820000000000000000000000000000000000088
:104830000000000000000000000000000000000078
:104840000000000000000000000000000000000068
:1048500008000000FF00000000000000030000004E
:104860000000000074050020740500200000000016
:1048700000000400030002000100000006020030F6
:10488000000000000400030002000100000002011B
:1048900030000000000400030002000100000002DC
:1048A00000200000000004000300020001000000DE
:1048B00002022000000000040003000200010000CA
:1048C00000020120000000000400030002000100BB
:1048D00000000200100000000004000300020001BC
:1048E00000000002030000000000040003000200BA
:1048F000010000000202100000000004000300029A
:10490000000100000002011000000000040003008C
:10491000020001000000020000000000000400038B
:10492000000200010000000204000000000004007A
:104930000300020001000000020300000000000468
:10494000000300020001000000020200000000005D
:10495000040003000200010000000201000000004A
:0C49600000040003000200010000000140
:10496C00000000000000000000000000000000003B
:06497C0000000000000035
:06498200FFFFFFFFFFFF35
:10498800000000000000000071700100000000003D
:104998000000000000000000B0060020B006002063
:1049A80043030200000000000000000000000000B7
:0849B8000000000000000000F7
:1049C000D0060020D0060020145B0020000000006C
:1049D000010000003400000000000000EC06002090
:1049E000EC060020983700200000000001000000C5
:1049F000B0000000000000000807002008070020A9
:104A0000485B002000000000030000001C000000C4
:044A100000000000A2
:104A140024070020240700200000000001000000FB
:084A24003407002034070020D4
:104A2C0000000000000000004407002044070020A4
:084A3C004C0700204C0700208C
:104A440000000000000000005C0700205C0700205C
:104A54006407002064070020030003001000000026
:104A6400000000003823020040590020000000002C
:104A7400000000008807002088070020900700201D
:104A84009007002003000300100000004D600000A8
:104A9400E82302009C5A00200000000000000000EF
:104AA400B4070020B4070020BC070020BC07002086
:104AB4000300030001000000000000005022020077
:104AC400F85600200000000000000000E00700206D
:104AD400E0070020E8070020E807002001000100AB
:104AE40010000000DD4E000028230200385800208A
:104AF40000000000000000000C0800200C0800204A
:104B04001408002014080020020002000100000024
:104B140000000000182302000058002000000000DC
:104B24000000000038080020380800204008002059
:104B3400400800200A000A000600000000000000EF
:104B4400402202002C55002000000000000000005C
:104B540064080020640800206C0800206C08002011
:104B6400050005000400000000000000F823020016
:104B7400E45C002000000000000000009008002019
:104B840090080020980800209808002001000100E7
:104B940001000000000000006022020054570020C1
:044BA40015E015E023
:0400000300002D4D7F
:00000001FF
